id,location,company,redirect_url,longitude,adref,description,created,salary_is_predicted,category,title,latitude,__CLASS__,contract_time,salary_max,contract_type,salary_min
5220260083,"{'__CLASS__': 'Adzuna::API::Response::Location', 'display_name': 'Dresden, Sachsen', 'area': ['Deutschland', 'Sachsen', 'Dresden']}","{'__CLASS__': 'Adzuna::API::Response::Company', 'display_name': 'HIGHVOLT Prüftechnik Dresden GmbH'}",https://www.adzuna.de/land/ad/5220260083?se=0izQ5-hF8BGoUIhEfu5wEg&utm_medium=api&utm_source=a4bcf954&v=944165EBAFFAE24950EE145AF4FE32E936AFC887,13.756452,eyJhbGciOiJIUzI1NiJ9.eyJzIjoiMGl6UTUtaEY4QkdvVUloRWZ1NXdFZyIsImkiOiI1MjIwMjYwMDgzIn0.aK0tZsLyZsaeugNFN84s7k8cvAWEhoHU4_GXNlphunM,"Für den Weltmarkt projektieren und fertigen wir Hochspannungs- und Hochstromprüfsysteme zur Prüfung von Energiekabeln, Hochspannungstransformatoren und weiteren Geräten der elektrischen Energieübertragung. Mit unseren innovativen Produkten und digitalen Lösungen unterstützen wir den Netzausbau für eine nachhaltige Energieversorgung. Wir eröffnen Ihnen als Unternehmen in der REINHAUSEN Gruppe vielfältige Möglichkeiten in einer zukunftsorientierten Branche. HIGHVOLT - where Power meets Passion. F…",2025-05-28T19:48:24Z,0,"{'label': 'Technikerstellen', '__CLASS__': 'Adzuna::API::Response::Category', 'tag': 'engineering-jobs'}",Entwicklungsingenieur (m/w/d) im Bereich Messtechnik / Data Science,51.052725,Adzuna::API::Response::Job,,,,
5240890986,"{'area': ['Deutschland', 'Niedersachsen', 'Salzgitter'], 'display_name': 'Salzgitter, Niedersachsen', '__CLASS__': 'Adzuna::API::Response::Location'}","{'display_name': 'Bosch Gruppe', '__CLASS__': 'Adzuna::API::Response::Company'}",https://www.adzuna.de/land/ad/5240890986?se=0izQ5-hF8BGoUIhEfu5wEg&utm_medium=api&utm_source=a4bcf954&v=C0F8D1DED804AD09C017986B74D27460ED794985,10.373516,eyJhbGciOiJIUzI1NiJ9.eyJzIjoiMGl6UTUtaEY4QkdvVUloRWZ1NXdFZyIsImkiOiI1MjQwODkwOTg2In0.IBvIOrrucQ6QQplgrBS4fMZ4PAqX1wOvTbV9yrVO4kU,"Möchten Sie Ihre Ideen in nutzbringende und sinnvolle Technologien verwandeln? Ob im Bereich Mobility Solutions, Consumer Goods, Industrial Technology oder Energy and Building Technology - mit uns verbessern Sie die Lebensqualität der Menschen auf der ganzen Welt. Willkommen bei Bosch. Die Robert Bosch Elektronik GmbH freut sich auf Ihre Bewerbung! Anstellungsart: Befristet Arbeitszeit: Vollzeit Arbeitsort: Salzgitter Aufgaben Wir suchen eine engagierte Persönlichkeit, die Teil unseres Projektt…",2025-06-09T08:06:40Z,0,"{'__CLASS__': 'Adzuna::API::Response::Category', 'tag': 'scientific-qa-jobs', 'label': 'Stellen aus Wissenschaft & Qualitätssicherung'}",Pflichtpraktikum in den Bereichen Wasserstoffcampus und energieorientiertes Data Science,52.120502,Adzuna::API::Response::Job,,,,
5181672095,"{'area': ['Deutschland', 'Bayern', 'Dingolfing-Landau (Kreis)', 'Dingolfing'], 'display_name': 'Dingolfing, Dingolfing-Landau (Kreis)', '__CLASS__': 'Adzuna::API::Response::Location'}","{'__CLASS__': 'Adzuna::API::Response::Company', 'display_name': 'BMW Group'}",https://www.adzuna.de/land/ad/5181672095?se=0izQ5-hF8BGoUIhEfu5wEg&utm_medium=api&utm_source=a4bcf954&v=51839DCB8391F1AE9399BEA67A993842230B0A9C,12.49782,eyJhbGciOiJIUzI1NiJ9.eyJpIjoiNTE4MTY3MjA5NSIsInMiOiIwaXpRNS1oRjhCR29VSWhFZnU1d0VnIn0.B3kRDpvJN9FWzPAN5iHL-i0diKaGNNZkjbqDsMaIX_w,"Mit unseren Marken BMW, MINI, Rolls-Royce und BMW Motorrad sind wir einer der weltweit führenden Premium-Hersteller von Automobilen sowie Motorrädern und darüber hinaus Anbieter von Premium-Finanz- und Mobilitätsdienstleistungen. Für den Unternehmensbereich am Standort Dingolfing suchen wir Sie als Dualer Student Data Science & Scientific Computing (w/m/x) Aufgaben Du liebst es, Ursachen für Probleme zu entdecken und Lösungen zu finden und möchtest an Zukunftsthemen arbeiten? Du hast eine Leide…",2025-05-05T19:22:21Z,0,"{'label': 'Unknown', 'tag': 'unknown', '__CLASS__': 'Adzuna::API::Response::Category'}",Dualer Student Data Science & Scientific Computing (w/m/x),48.62848,Adzuna::API::Response::Job,,,,
5241457778,"{'__CLASS__': 'Adzuna::API::Response::Location', 'display_name': 'Oberkochen, Ostalbkreis', 'area': ['Deutschland', 'Baden-Württemberg', 'Ostalbkreis', 'Oberkochen']}","{'__CLASS__': 'Adzuna::API::Response::Company', 'display_name': 'ZEISS'}",https://www.adzuna.de/land/ad/5241457778?se=0izQ5-hF8BGoUIhEfu5wEg&utm_medium=api&utm_source=a4bcf954&v=945D330AF80A6C63F65FD0E737DA140E64550E56,10.10558,eyJhbGciOiJIUzI1NiJ9.eyJzIjoiMGl6UTUtaEY4QkdvVUloRWZ1NXdFZyIsImkiOiI1MjQxNDU3Nzc4In0.DmGZy77CdKWyZaPuW__qqY0NZOviQC1BrULQxwQp_eg,"Als Studierender (m/w/x) arbeitest Du mit Deinen Kolleginnen und Kollegen auf Augenhöhe und schaffst Dir ideale Voraussetzungen für Deine spätere Karriere. In einem offenen und modernen Umfeld mit zahlreichen Entwicklungs- und Weiterbildungsmöglichkeiten, arbeiten die Mitarbeitenden bei ZEISS in einer Kultur, die von Expertenwissen und Teamgeist geprägt ist. All das wird getragen von der besonderen Eigentümerstruktur und dem langfristigen Ziel der Carl-Zeiss-Stiftung: Wissenschaft und Gesellsch…",2025-06-09T20:04:30Z,0,"{'label': 'Stellen aus Wissenschaft & Qualitätssicherung', '__CLASS__': 'Adzuna::API::Response::Category', 'tag': 'scientific-qa-jobs'}",Werkstudent Software & Data Science Entwicklung Projektionsoptiken (m/w/x),48.78408,Adzuna::API::Response::Job,,,,
5196599071,"{'area': ['Deutschland', 'Baden-Württemberg', 'Heilbronn (Kreis)', 'Neckarsulm'], '__CLASS__': 'Adzuna::API::Response::Location', 'display_name': 'Neckarsulm, Heilbronn (Kreis)'}","{'__CLASS__': 'Adzuna::API::Response::Company', 'display_name': 'Lidl Stiftung & Co. KG'}",https://www.adzuna.de/land/ad/5196599071?se=0izQ5-hF8BGoUIhEfu5wEg&utm_medium=api&utm_source=a4bcf954&v=B05D2F43BE90D34C617E73D32CA793E4E1837E9E,9.2274,eyJhbGciOiJIUzI1NiJ9.eyJpIjoiNTE5NjU5OTA3MSIsInMiOiIwaXpRNS1oRjhCR29VSWhFZnU1d0VnIn0.Z8f-MKXQIH_bpanM-OyBqtOZCFaznyF8r-xJ2B1Qb-4,"Eine gute Idee war der Ursprung, ein erfolgreiches Konzept ist das Ergebnis. Qualität zum guten Preis möglichst vielen Menschen anbieten zu können treibt uns an - mittlerweile weltweit, denn wir sind Lidl. Hier ist das berufliche Zuhause vielfältiger Talente. Ob im Einkauf, in der Logistik, im Warengeschäft oder in der IT; ob als Impulsgeber, Gestalter oder Dienstleister der Länder. Wir suchen Anpacker, Durchstarter, Möglichmacher und bieten spannende Aufgaben und Projekte in einem dynamischen …",2025-05-13T19:32:53Z,0,"{'tag': 'scientific-qa-jobs', '__CLASS__': 'Adzuna::API::Response::Category', 'label': 'Stellen aus Wissenschaft & Qualitätssicherung'}",Praktikum Data Science,49.18975,Adzuna::API::Response::Job,,,,
5221191207,"{'area': ['Deutschland', 'Nordrhein-Westfalen', 'Düsseldorf'], '__CLASS__': 'Adzuna::API::Response::Location', 'display_name': 'Düsseldorf, Nordrhein-Westfalen'}","{'display_name': 'trivago N.V.', '__CLASS__': 'Adzuna::API::Response::Company'}",https://www.adzuna.de/land/ad/5221191207?se=0izQ5-hF8BGoUIhEfu5wEg&utm_medium=api&utm_source=a4bcf954&v=98645105F045E80C016B917754C84A02C09FDF07,6.808387,eyJhbGciOiJIUzI1NiJ9.eyJpIjoiNTIyMTE5MTIwNyIsInMiOiIwaXpRNS1oRjhCR29VSWhFZnU1d0VnIn0.VkP-5mj4KTsIQhsjZ71mDM5_AhxQ1CdQGi5pcLRXlMQ,"When travelers are searching for a hotel, we want the obvious choice to be trivago! Our leading metasearch engine is super fast and constantly optimized – enabling millions of travelers to compare hotel prices from hundreds of booking sites and find great deals in just a few clicks. We use cutting-edge technology, real-time auction, and machine learning techniques with petabytes of data to create an experience – time and money saved! In the lively city of Düsseldorf, we seize opportunities to l…",2025-05-29T07:53:45Z,0,"{'__CLASS__': 'Adzuna::API::Response::Category', 'tag': 'scientific-qa-jobs', 'label': 'Stellen aus Wissenschaft & Qualitätssicherung'}",Data Science Lead - Price,51.226802,Adzuna::API::Response::Job,,,,
5207046190,"{'__CLASS__': 'Adzuna::API::Response::Location', 'display_name': 'Essen, Nordrhein-Westfalen', 'area': ['Deutschland', 'Nordrhein-Westfalen', 'Essen']}","{'display_name': 'Deichmann SE', '__CLASS__': 'Adzuna::API::Response::Company'}",https://www.adzuna.de/land/ad/5207046190?se=0izQ5-hF8BGoUIhEfu5wEg&utm_medium=api&utm_source=a4bcf954&v=99ABBDD1537458D2EC7E10DBD42B3B5690D3F12E,7.014478,eyJhbGciOiJIUzI1NiJ9.eyJpIjoiNTIwNzA0NjE5MCIsInMiOiIwaXpRNS1oRjhCR29VSWhFZnU1d0VnIn0._U4LytVeAL36tWQmSaFDFEI5jlUUaZhoBfhXve9Yhbs,"Als eigenfinanziertes Familienunternehmen sind wir mehr als nur ein ca. 4.700 Standorte umspannendes Filialnetz in 34 Ländern, mehr als ca. 8,7 Mrd. Euro Jahresumsatz und mehr als einer der erfolgreichsten Online-Shops für Schuhe in Europa. Deichmann ist Wegbereiter, Förderer und Arbeitgeber von über 49.000 engagierten Mitarbeiterinnen und Mitarbeitern weltweit. Als nachhaltig expandierendes Unternehmen sind wir seit mehreren Jahrzehnten in der Lage, unseren Mitarbeitern einen sicheren Arbeitsp…",2025-05-20T07:34:57Z,0,"{'label': 'Unknown', 'tag': 'unknown', '__CLASS__': 'Adzuna::API::Response::Category'}",Team Lead Data Science Engineering (m/w/d),51.444823,Adzuna::API::Response::Job,,,,
5213860028,"{'area': ['Deutschland', 'Baden-Württemberg', 'Böblingen (Kreis)', 'Sindelfingen'], 'display_name': 'Sindelfingen, Böblingen (Kreis)', '__CLASS__': 'Adzuna::API::Response::Location'}","{'display_name': 'Mercedes-Benz AG', '__CLASS__': 'Adzuna::API::Response::Company'}",https://www.adzuna.de/land/ad/5213860028?se=0izQ5-hF8BGoUIhEfu5wEg&utm_medium=api&utm_source=a4bcf954&v=A0B67FD174DDEF1EC2CC55A4AC0CAEF7F84AC25F,9.026231,eyJhbGciOiJIUzI1NiJ9.eyJpIjoiNTIxMzg2MDAyOCIsInMiOiIwaXpRNS1oRjhCR29VSWhFZnU1d0VnIn0.MfD0vT0xCcu2ulxNv7979pkH2iXSU9__XVptTMaYfRY,"Life is always about becoming… Im Leben geht es darum, sich auf eine Reise zu begeben, um die beste Version unseres zukünftigen Selbst zu werden. Während wir Neues entdecken, stellen wir uns Herausforderungen, meistern sie und wachsen über uns hinaus. Bewerben Sie sich bei Mercedes-Benz und finden Sie den Aufgabenbereich, in dem Sie Ihre Talente individuell entfalten können. Dabei werden Sie von visionären Kolleginnen und Kollegen unterstützt, die Ihren Pioniergeist teilen. Bei uns einzusteigen…",2025-05-24T07:39:49Z,0,"{'label': 'Stellen aus Wissenschaft & Qualitätssicherung', '__CLASS__': 'Adzuna::API::Response::Category', 'tag': 'scientific-qa-jobs'}",Praktikant*in Data Analytics/Data Science,48.720071,Adzuna::API::Response::Job,,,,
5224417868,"{'display_name': 'Bad Vilbel, Wetteraukreis', '__CLASS__': 'Adzuna::API::Response::Location', 'area': ['Deutschland', 'Hessen', 'Wetteraukreis', 'Bad Vilbel']}","{'__CLASS__': 'Adzuna::API::Response::Company', 'display_name': 'STADA Arzneimittel AG'}",https://www.adzuna.de/land/ad/5224417868?se=0izQ5-hF8BGoUIhEfu5wEg&utm_medium=api&utm_source=a4bcf954&v=99780417D88B12A25856020B2C000D567C06D692,8.73553,eyJhbGciOiJIUzI1NiJ9.eyJpIjoiNTIyNDQxNzg2OCIsInMiOiIwaXpRNS1oRjhCR29VSWhFZnU1d0VnIn0.MHIbhgwhF-1k1FG4KWk0M6uNZ1WDWeuzVGDUEjyK9js,"„Caring for People's Health as a Trusted Partner“ – Dieser Auftrag motiviert uns bei STADA jeden Tag aufs Neue, die Gesundheit der Menschen weltweit zu verbessern. Mit unserem umfassenden Angebot an Generika, Consumer Health Produkten und Spezialpharmazeutika bieten wir Patienten, Ärzten und Apothekern eine breite Palette an Therapieoptionen. Rund 13.000 Mitarbeiterinnen und Mitarbeiter leben unsere Werte Integrity, Entrepreneurship, Agility und One STADA. Gemeinsam befinden wir uns auf einer s…",2025-05-31T07:53:39Z,0,"{'label': 'Unknown', 'tag': 'unknown', '__CLASS__': 'Adzuna::API::Response::Category'}",Duales Studium - Data Science (B.Sc.),50.17809,Adzuna::API::Response::Job,,,,
5220264884,"{'display_name': 'Heilbronn, Heilbronn (Kreis)', '__CLASS__': 'Adzuna::API::Response::Location', 'area': ['Deutschland', 'Baden-Württemberg', 'Heilbronn (Kreis)', 'Heilbronn']}","{'display_name': 'Kaufland', '__CLASS__': 'Adzuna::API::Response::Company'}",https://www.adzuna.de/land/ad/5220264884?se=0izQ5-hF8BGoUIhEfu5wEg&utm_medium=api&utm_source=a4bcf954&v=E5D9C0F42BD4B2D101CC5446F52C0F73D1C57AE4,9.209895,eyJhbGciOiJIUzI1NiJ9.eyJzIjoiMGl6UTUtaEY4QkdvVUloRWZ1NXdFZyIsImkiOiI1MjIwMjY0ODg0In0.vkuMRQ4SrmsLNKhzoCj5vHgGFPAUo1A-_aq2PRIObjM,"Du willst mehr als Uni und möchtest erste Berufseinblicke und Kontakte knüpfen? Dann bist du hier richtig! Als Werkstudent oder Praktikant bei Kaufland gehörst du von Beginn an zu einem starken Team und kannst zeigen, was in dir steckt. Werde auch du Teil von teamkaufland! Aufgaben Wir zählen auf dich: Du unterstützt unser Team bei der Bearbeitung unserer Analytics Use Cases entlang der gesamten Wertschöpfungskette bei Kaufland. Vielfältige Aufgaben? Na klar: Lerne unsere Projekte und Arbeitswe…",2025-05-28T19:50:11Z,0,"{'label': 'Stellen aus Wissenschaft & Qualitätssicherung', 'tag': 'scientific-qa-jobs', '__CLASS__': 'Adzuna::API::Response::Category'}",Praktikant Data Science (m/w/d),49.142335,Adzuna::API::Response::Job,,,,
5222970362,"{'__CLASS__': 'Adzuna::API::Response::Location', 'display_name': 'Stuttgart, Baden-Württemberg', 'area': ['Deutschland', 'Baden-Württemberg', 'Stuttgart']}","{'__CLASS__': 'Adzuna::API::Response::Company', 'display_name': 'Mercedes-Benz AG'}",https://www.adzuna.de/land/ad/5222970362?se=0izQ5-hF8BGoUIhEfu5wEg&utm_medium=api&utm_source=a4bcf954&v=1DB55574EBBDE5193821923A487E68407D08ECD5,9.187224,eyJhbGciOiJIUzI1NiJ9.eyJpIjoiNTIyMjk3MDM2MiIsInMiOiIwaXpRNS1oRjhCR29VSWhFZnU1d0VnIn0.Iprb-JJ-MeZKnJz-ISDJ1kpvuMaMXXoHVXdR1VPxXns,"Life is always about becoming… Im Leben geht es darum, sich auf eine Reise zu begeben, um die beste Version unseres zukünftigen Selbst zu werden. Während wir Neues entdecken, stellen wir uns Herausforderungen, meistern sie und wachsen über uns hinaus. Bewerben Sie sich bei Mercedes-Benz und finden Sie den Aufgabenbereich, in dem Sie Ihre Talente individuell entfalten können. Dabei werden Sie von visionären Kolleginnen und Kollegen unterstützt, die Ihren Pioniergeist teilen. Bei uns einzusteigen…",2025-05-30T07:51:32Z,0,"{'label': 'Stellen aus PR, Werbung & Marketing', 'tag': 'pr-advertising-marketing-jobs', '__CLASS__': 'Adzuna::API::Response::Category'}",Pflicht-Praktikum im Bereich Marketing & Sales- Data Science & Analytik ab Juli 2025,48.776198,Adzuna::API::Response::Job,,,,
5210550923,"{'display_name': 'Bilk, Düsseldorf', '__CLASS__': 'Adzuna::API::Response::Location', 'area': ['Deutschland', 'Nordrhein-Westfalen', 'Düsseldorf', 'Bilk']}","{'__CLASS__': 'Adzuna::API::Response::Company', 'display_name': 'trivago'}",https://www.adzuna.de/land/ad/5210550923?se=0izQ5-hF8BGoUIhEfu5wEg&utm_medium=api&utm_source=a4bcf954&v=04BDEBBBCF947A1D4B0320827A6F55746CD3D03B,6.78055,eyJhbGciOiJIUzI1NiJ9.eyJzIjoiMGl6UTUtaEY4QkdvVUloRWZ1NXdFZyIsImkiOiI1MjEwNTUwOTIzIn0.3hviYJk4ZuTXmisH9E2bLd3NvMoL9oZva5QI63P0zeA,"When travelers are searching for a hotel, we want the obvious choice to be trivago! By comparing prices from major booking sites, we're making it easy for people to find hotels they want at a price they’ll love. In the lively city of Düsseldorf, we seize opportunities to learn everyday, innovate, and make an enduring mark on the travel industry. A career at trivago is a journey designed for people who crave continuous development and want to thrive in a high-performing team. Here you will find …",2025-05-22T11:45:02Z,0,"{'tag': 'unknown', '__CLASS__': 'Adzuna::API::Response::Category', 'label': 'Unknown'}",Data Science Lead - Price,51.20259,Adzuna::API::Response::Job,,,,
5241458986,"{'area': ['Deutschland', 'Baden-Württemberg', 'Ulm'], '__CLASS__': 'Adzuna::API::Response::Location', 'display_name': 'Ulm, Baden-Württemberg'}","{'__CLASS__': 'Adzuna::API::Response::Company', 'display_name': 'Mercedes-Benz Tech Innovation'}",https://www.adzuna.de/land/ad/5241458986?se=0izQ5-hF8BGoUIhEfu5wEg&utm_medium=api&utm_source=a4bcf954&v=84D8490D2A67047AD09BCC28EC4996CA080A51AA,9.856945,eyJhbGciOiJIUzI1NiJ9.eyJzIjoiMGl6UTUtaEY4QkdvVUloRWZ1NXdFZyIsImkiOiI1MjQxNDU4OTg2In0.oS0447zjCQrQxCxRDSiFXl82mWC2UTX81zBN2QHeiNI,"Life is always about becoming… Im Leben geht es darum, sich auf eine Reise zu begeben, um die beste Version unseres zukünftigen Selbst zu werden. Während wir Neues entdecken, stellen wir uns Herausforderungen, meistern sie und wachsen über uns hinaus. Bewerben Sie sich bei Mercedes-Benz und finden Sie den Aufgabenbereich, in dem Sie Ihre Talente individuell entfalten können. Dabei werden Sie von visionären Kolleginnen und Kollegen unterstützt, die Ihren Pioniergeist teilen. Bei uns einzusteigen…",2025-06-09T20:04:47Z,0,"{'label': 'Unknown', '__CLASS__': 'Adzuna::API::Response::Category', 'tag': 'unknown'}",Duales Studium Data Science / Künstliche Intelligenz in Kooperation mit der Dualen Hochschule Baden-Württemberg 2026 (m/w/d),48.383137,Adzuna::API::Response::Job,,,,
5228935038,"{'__CLASS__': 'Adzuna::API::Response::Location', 'display_name': 'Baden-Baden, Baden-Württemberg', 'area': ['Deutschland', 'Baden-Württemberg', 'Baden-Baden']}","{'__CLASS__': 'Adzuna::API::Response::Company', 'display_name': 'Mercedes-Benz Tech Innovation'}",https://www.adzuna.de/land/ad/5228935038?se=0izQ5-hF8BGoUIhEfu5wEg&utm_medium=api&utm_source=a4bcf954&v=F31FD94107CC87F14C5D25AE5DE093AA5E4CAB01,8.235274,eyJhbGciOiJIUzI1NiJ9.eyJzIjoiMGl6UTUtaEY4QkdvVUloRWZ1NXdFZyIsImkiOiI1MjI4OTM1MDM4In0.mes_6iHc-35MPdOdcwyQj1l1cjhhKCBLbmC0A_y-JU8,"Life is always about becoming… Im Leben geht es darum, sich auf eine Reise zu begeben, um die beste Version unseres zukünftigen Selbst zu werden. Während wir Neues entdecken, stellen wir uns Herausforderungen, meistern sie und wachsen über uns hinaus. Bewerben Sie sich bei Mercedes-Benz und finden Sie den Aufgabenbereich, in dem Sie Ihre Talente individuell entfalten können. Dabei werden Sie von visionären Kolleginnen und Kollegen unterstützt, die Ihren Pioniergeist teilen. Bei uns einzusteigen…",2025-06-02T19:45:06Z,0,"{'__CLASS__': 'Adzuna::API::Response::Category', 'tag': 'unknown', 'label': 'Unknown'}",Duales Studium Data Science / Künstliche Intelligenz in Kooperation mit der Dualen Hochschule Baden-Württemberg 2026 (m/w/d),48.754667,Adzuna::API::Response::Job,,,,
5231414188,"{'__CLASS__': 'Adzuna::API::Response::Location', 'display_name': 'Pforzheim, Baden-Württemberg', 'area': ['Deutschland', 'Baden-Württemberg', 'Pforzheim']}","{'__CLASS__': 'Adzuna::API::Response::Company', 'display_name': 'itmX GmbH'}",https://www.adzuna.de/land/ad/5231414188?se=0izQ5-hF8BGoUIhEfu5wEg&utm_medium=api&utm_source=a4bcf954&v=BF10B2630B7E490C0083E62C4693E422FE6532EB,8.697363,eyJhbGciOiJIUzI1NiJ9.eyJzIjoiMGl6UTUtaEY4QkdvVUloRWZ1NXdFZyIsImkiOiI1MjMxNDE0MTg4In0.P5OEusMChMjNPyX-eS-G8s3CfFGdvX1vger5q8-LE-g,"Bei itmX fokussieren wir uns auf die Geschäftsprozesse in den Bereichen Marketing, Vertrieb, Service und Commerce unter Verwendung der Microsoft Power Platform, Microsoft 365, SAP ERP und unser eigenem Produkt der itmX crm suite. Unser Ziel ist es dabei Microsoft und SAP bestmöglich prozessual sowie funktional zu verbinden. Tätigkeiten Analyse von Geschäftsprozessen und Identifikation von Optimierungspotenzialen durch den Einsatz von KI für Digitalisierungsprojekte Beratung und Unterstützung un…",2025-06-03T23:02:47Z,0,"{'label': 'Unknown', 'tag': 'unknown', '__CLASS__': 'Adzuna::API::Response::Category'}",KI/ Data Science Consultant (Mensch*),48.883606,Adzuna::API::Response::Job,,,,
5196599018,"{'display_name': 'Hannover, Region Hannover (Kreis)', '__CLASS__': 'Adzuna::API::Response::Location', 'area': ['Deutschland', 'Niedersachsen', 'Region Hannover (Kreis)', 'Hannover']}","{'display_name': 'Hannover Rück SE', '__CLASS__': 'Adzuna::API::Response::Company'}",https://www.adzuna.de/land/ad/5196599018?se=0izQ5-hF8BGoUIhEfu5wEg&utm_medium=api&utm_source=a4bcf954&v=DF87DEAFDBA82D6A67B5C2B21156D28117C34E72,9.742751,eyJhbGciOiJIUzI1NiJ9.eyJzIjoiMGl6UTUtaEY4QkdvVUloRWZ1NXdFZyIsImkiOiI1MTk2NTk5MDE4In0.T5PSK25la9p9eT92jroK1dAhxqaLh6-4FHUXDg_MHro,"Hannover Rück – rund 3.900 Mitarbeiter:innen an Standorten auf der ganzen Welt. Unsere Stärke? Connecting Power: Wir verlassen uns auf­einander. Als Rück­versicherer sichern wir Kunden im Schaden­fall ab. Dafür braucht es maß­geschneiderte, innovative Lösungen. Lösungen, die gestern noch gepasst haben, können morgen ver­altet sein. Wir challengen uns und optimieren konti­nuierlich unsere Services, Beratungen und Pro­dukte. All das macht uns zu einer der führenden und profi­tabelsten Rück­versic…",2025-05-13T19:32:52Z,0,"{'label': 'Stellen aus Wissenschaft & Qualitätssicherung', 'tag': 'scientific-qa-jobs', '__CLASS__': 'Adzuna::API::Response::Category'}",Trainee Mathematik Personen-Rückversicherung Fokus Data Science,52.378818,Adzuna::API::Response::Job,,,,
5231302799,"{'display_name': 'Berlin, Deutschland', '__CLASS__': 'Adzuna::API::Response::Location', 'area': ['Deutschland', 'Berlin']}","{'display_name': 'Sparkassen Rating und Risikosysteme GmbH', '__CLASS__': 'Adzuna::API::Response::Company'}",https://www.adzuna.de/land/ad/5231302799?se=0izQ5-hF8BGoUIhEfu5wEg&utm_medium=api&utm_source=a4bcf954&v=325E1FF72791C60121772B37ECDB0E91EEC9666C,13.420806,eyJhbGciOiJIUzI1NiJ9.eyJpIjoiNTIzMTMwMjc5OSIsInMiOiIwaXpRNS1oRjhCR29VSWhFZnU1d0VnIn0.iCtFNMoeW8VsNwKYucAYDSKPQ_OoNEwVNfzOCW_72RM,"Die Sparkassen Rating und Risikosysteme (SR) ist der zentrale Dienstleister für Verfahren des Risiko­manage­ments in der Sparkassen-Finanzgruppe. Wir unterstützen die Institute mit Standardlösungen in den Bereichen der Risiko­messung und -steuerung, der regulatorischen Banksteuerung sowie im Vertrieb mit Data-Analytics-Lösungen. Gemeinsam mit unseren Partnern bieten wir den Instituten, von der Konzeption der Verfahren, über deren Weiterentwicklung, IT-Umsetzung und Umsetzungsunterstützung, zent…",2025-06-03T21:40:26Z,0,"{'__CLASS__': 'Adzuna::API::Response::Category', 'tag': 'unknown', 'label': 'Unknown'}",Werkstudent (m/w/d) – Risikomanagement | Data Science,52.507706,Adzuna::API::Response::Job,,,,
5211970691,"{'area': ['Deutschland', 'Thüringen', 'Jena'], 'display_name': 'Jena, Thüringen', '__CLASS__': 'Adzuna::API::Response::Location'}","{'display_name': 'Brunel GmbH', '__CLASS__': 'Adzuna::API::Response::Company'}",https://www.adzuna.de/land/ad/5211970691?se=0izQ5-hF8BGoUIhEfu5wEg&utm_medium=api&utm_source=a4bcf954&v=EBDD7BDADC989AAED3EBBEAFDBEFA9EAAD89B807,11.589469,eyJhbGciOiJIUzI1NiJ9.eyJpIjoiNTIxMTk3MDY5MSIsInMiOiIwaXpRNS1oRjhCR29VSWhFZnU1d0VnIn0.NOZ3FDhY7cGPgZSbyQZk4zv5cJNVKU20jG5jokld8no,"Durch unser weltweites Netzwerk können wir Ihnen attraktive Herausforderungen, außergewöhnliche Karriereperspektiven und die ganze Vielfalt des Engineerings und IT bieten. Allein in der DACH-CZ Region verfügen wir über 40 Niederlassungen, zwei Entwicklungszentren und weltweit 120 Standorte mit mehr als 12.000 Mitarbeitern in über 40 Ländern. Mehr als 45 Jahre international erfolgreich und über 25 Jahre in Deutschland. Stillstand bedeutet für uns Rückschritt - für Sie auch? Dann bewerben Sie sic…",2025-05-23T07:38:33Z,0,"{'__CLASS__': 'Adzuna::API::Response::Category', 'tag': 'it-jobs', 'label': 'IT-Stellen'}",Software Ingenieur Data Science (m/w/d),50.923007,Adzuna::API::Response::Job,,,,
5221970793,"{'display_name': 'Sindelfingen, Böblingen (Kreis)', '__CLASS__': 'Adzuna::API::Response::Location', 'area': ['Deutschland', 'Baden-Württemberg', 'Böblingen (Kreis)', 'Sindelfingen']}","{'display_name': 'Mercedes-Benz AG', '__CLASS__': 'Adzuna::API::Response::Company'}",https://www.adzuna.de/land/ad/5221970793?se=0izQ5-hF8BGoUIhEfu5wEg&utm_medium=api&utm_source=a4bcf954&v=B51B73C92612A70E1D163795773608F95BB4CE83,9.026231,eyJhbGciOiJIUzI1NiJ9.eyJzIjoiMGl6UTUtaEY4QkdvVUloRWZ1NXdFZyIsImkiOiI1MjIxOTcwNzkzIn0.iVg7gbXnhlLErPUGTAGugmsy8jR-mgzRDE4hMAER580,"Life is always about becoming… Im Leben geht es darum, sich auf eine Reise zu begeben, um die beste Version unseres zukünftigen Selbst zu werden. Während wir Neues entdecken, stellen wir uns Herausforderungen, meistern sie und wachsen über uns hinaus. Bewerben Sie sich bei Mercedes-Benz und finden Sie den Aufgabenbereich, in dem Sie Ihre Talente individuell entfalten können. Dabei werden Sie von visionären Kolleginnen und Kollegen unterstützt, die Ihren Pioniergeist teilen. Bei uns einzusteigen…",2025-05-29T19:48:07Z,0,"{'tag': 'scientific-qa-jobs', '__CLASS__': 'Adzuna::API::Response::Category', 'label': 'Stellen aus Wissenschaft & Qualitätssicherung'}",Praktikum im Bereich Data Science ab Juli 2025,48.720071,Adzuna::API::Response::Job,,,,
5239828335,"{'area': ['Deutschland', 'Baden-Württemberg', 'Esslingen (Kreis)', 'Esslingen am Neckar'], '__CLASS__': 'Adzuna::API::Response::Location', 'display_name': 'Esslingen am Neckar, Esslingen (Kreis)'}","{'display_name': 'Mercedes-Benz Group AG', '__CLASS__': 'Adzuna::API::Response::Company'}",https://www.adzuna.de/land/ad/5239828335?se=0izQ5-hF8BGoUIhEfu5wEg&utm_medium=api&utm_source=a4bcf954&v=5EC05E4FF56FF0C7CAC8C0F90E63800A1720C06E,9.315933,eyJhbGciOiJIUzI1NiJ9.eyJpIjoiNTIzOTgyODMzNSIsInMiOiIwaXpRNS1oRjhCR29VSWhFZnU1d0VnIn0.Fyww3tfZNrsJMcUxpN_tOh8bWw0yCpp1nVaajizHFWg,"Life is always about becoming… Im Leben geht es darum, sich auf eine Reise zu begeben, um die beste Version unseres zukünftigen Selbst zu werden. Während wir Neues entdecken, stellen wir uns Herausforderungen, meistern sie und wachsen über uns hinaus. Bewerben Sie sich bei Mercedes-Benz und finden Sie den Aufgabenbereich, in dem Sie Ihre Talente individuell entfalten können. Dabei werden Sie von visionären Kolleginnen und Kollegen unterstützt, die Ihren Pioniergeist teilen. Bei uns einzusteigen…",2025-06-08T08:59:00Z,0,"{'label': 'Unknown', '__CLASS__': 'Adzuna::API::Response::Category', 'tag': 'unknown'}","Duales Studium Wirtschaftsinformatik/Data Science (B.Sc.), Stuttgart 2026 (w/m/d)",48.745846,Adzuna::API::Response::Job,,,,
5211060232,"{'__CLASS__': 'Adzuna::API::Response::Location', 'display_name': 'Mannheim, Baden-Württemberg', 'area': ['Deutschland', 'Baden-Württemberg', 'Mannheim']}","{'__CLASS__': 'Adzuna::API::Response::Company', 'display_name': 'GBG Unternehmensgruppe GmbH'}",https://www.adzuna.de/land/ad/5211060232?se=0izQ5-hF8BGoUIhEfu5wEg&utm_medium=api&utm_source=a4bcf954&v=ED2BAED1716454F987F035068CEBFEDA4DC2E8B9,8.491505,eyJhbGciOiJIUzI1NiJ9.eyJpIjoiNTIxMTA2MDIzMiIsInMiOiIwaXpRNS1oRjhCR29VSWhFZnU1d0VnIn0.5CGNb0_-k3sGDLk4JdaFNTVCB_PRTHf_rODYxCPM9H8,"Aufgaben Profil Wir bieten DIGITAL statt einseitig Werkstudent (m/w/d) Datenmanagement - Schwerpunkt Data Science Teilzeit Ihre Aufgaben: spannend statt verstaubt Unterstützung des Datenmanagement-Teams bei der Erhebung, Aufbereitung und Analyse großer Datenmengen aus verschiedenen Unternehmensbereichen Entwicklung von Datenmodellen, Dashboards und Reports mit Tools wie Python, SQL und Power BI Mitwirkung an Projekten zur Einführung datengetriebener Prozesse und Entscheidungsgrundlagen Eigenstä…",2025-05-22T19:42:02Z,0,"{'label': 'Stellen aus Wissenschaft & Qualitätssicherung', 'tag': 'scientific-qa-jobs', '__CLASS__': 'Adzuna::API::Response::Category'}",Werkstudent (m/w/d) Datenmanagement - Schwerpunkt Data Science,49.496025,Adzuna::API::Response::Job,,,,
5218722679,"{'area': ['Deutschland', 'Baden-Württemberg', 'Ulm'], '__CLASS__': 'Adzuna::API::Response::Location', 'display_name': 'Ulm, Baden-Württemberg'}","{'__CLASS__': 'Adzuna::API::Response::Company', 'display_name': 'Mercedes-Benz Tech Innovation'}",https://www.adzuna.de/land/ad/5218722679?se=0izQ5-hF8BGoUIhEfu5wEg&utm_medium=api&utm_source=a4bcf954&v=DE175BC1C66D29F6E1442274A43EA251EF46A39F,9.856945,eyJhbGciOiJIUzI1NiJ9.eyJpIjoiNTIxODcyMjY3OSIsInMiOiIwaXpRNS1oRjhCR29VSWhFZnU1d0VnIn0.DjPpzt8f0czMYawHSH0dsgiGY11jPoYAgSpZvbuiTn4,"Life is always about becoming… Im Leben geht es darum, sich auf eine Reise zu begeben, um die beste Version unseres zukünftigen Selbst zu werden. Während wir Neues entdecken, stellen wir uns Herausforderungen, meistern sie und wachsen über uns hinaus. Bewerben Sie sich bei Mercedes-Benz und finden Sie den Aufgabenbereich, in dem Sie Ihre Talente individuell entfalten können. Dabei werden Sie von visionären Kolleginnen und Kollegen unterstützt, die Ihren Pioniergeist teilen. Bei uns einzusteigen…",2025-05-27T19:49:53Z,0,"{'tag': 'scientific-qa-jobs', '__CLASS__': 'Adzuna::API::Response::Category', 'label': 'Stellen aus Wissenschaft & Qualitätssicherung'}",Werkstudent Data Science im Bereich Fahrzeugdiagnose (m/w/d),48.383137,Adzuna::API::Response::Job,,,,
5218722744,"{'area': ['Deutschland', 'Baden-Württemberg', 'Stuttgart'], '__CLASS__': 'Adzuna::API::Response::Location', 'display_name': 'Stuttgart, Baden-Württemberg'}","{'display_name': 'Mercedes-Benz Tech Innovation', '__CLASS__': 'Adzuna::API::Response::Company'}",https://www.adzuna.de/land/ad/5218722744?se=0izQ5-hF8BGoUIhEfu5wEg&utm_medium=api&utm_source=a4bcf954&v=771A82AE5B1820058F81A208FE33C5F5ABE3DC75,9.187224,eyJhbGciOiJIUzI1NiJ9.eyJpIjoiNTIxODcyMjc0NCIsInMiOiIwaXpRNS1oRjhCR29VSWhFZnU1d0VnIn0.cnw1SszM93Yske-Afr0p14fvBpj0xAvtZ1waEnPRLVo,"Life is always about becoming… Im Leben geht es darum, sich auf eine Reise zu begeben, um die beste Version unseres zukünftigen Selbst zu werden. Während wir Neues entdecken, stellen wir uns Herausforderungen, meistern sie und wachsen über uns hinaus. Bewerben Sie sich bei Mercedes-Benz und finden Sie den Aufgabenbereich, in dem Sie Ihre Talente individuell entfalten können. Dabei werden Sie von visionären Kolleginnen und Kollegen unterstützt, die Ihren Pioniergeist teilen. Bei uns einzusteigen…",2025-05-27T19:49:54Z,0,"{'label': 'Stellen aus Wissenschaft & Qualitätssicherung', 'tag': 'scientific-qa-jobs', '__CLASS__': 'Adzuna::API::Response::Category'}",Werkstudent Data Science im Bereich Fahrzeugdiagnose (m/w/d),48.776198,Adzuna::API::Response::Job,,,,
5224417105,"{'area': ['Deutschland', 'Hamburg'], '__CLASS__': 'Adzuna::API::Response::Location', 'display_name': 'Hamburg, Deutschland'}","{'display_name': 'tesa SE', '__CLASS__': 'Adzuna::API::Response::Company'}",https://www.adzuna.de/land/ad/5224417105?se=0izQ5-hF8BGoUIhEfu5wEg&utm_medium=api&utm_source=a4bcf954&v=81F1F7A3C86EB2EFB81F2F1A99EA65BEB50B2C7B,9.987297,eyJhbGciOiJIUzI1NiJ9.eyJzIjoiMGl6UTUtaEY4QkdvVUloRWZ1NXdFZyIsImkiOiI1MjI0NDE3MTA1In0.-Mx1XOiLObJesnCDMbwm3Na-AdqUgyy4sWv03XzyKrM,"tesa ist einer der weltweit führenden Hersteller von Klebebandlösungen mit einem Sortiment von mehr als 7.000 verschiedenen Produkten. Mit Leidenschaft für Technologie treiben wir Innovation, Zuverlässigkeit und Nachhaltigkeit voran, um die Zukunft jeden Tag ein Stück besser zu machen. Unsere Lösungen bereichern die Arbeit, Produkte und das Leben in einer Vielzahl von Branchen, zum Beispiel der Automobil- oder Elektronikindustrie, aber auch bei Dir Zuhause. Damit sprechen wir ein breites Indust…",2025-05-31T07:51:40Z,0,"{'__CLASS__': 'Adzuna::API::Response::Category', 'tag': 'unknown', 'label': 'Unknown'}",Duales Studium Data Science B.Sc. / M.Sc. (m/w/d) | 01.09.2025,53.557429,Adzuna::API::Response::Job,,,,
5239828342,"{'__CLASS__': 'Adzuna::API::Response::Location', 'display_name': 'Germersheim, Germersheim (Kreis)', 'area': ['Deutschland', 'Rheinland-Pfalz', 'Germersheim (Kreis)', 'Germersheim']}","{'__CLASS__': 'Adzuna::API::Response::Company', 'display_name': 'Mercedes-Benz AG'}",https://www.adzuna.de/land/ad/5239828342?se=0izQ5-hF8BGoUIhEfu5wEg&utm_medium=api&utm_source=a4bcf954&v=38F4037CFBB7493FFF8BD80EE8C7A96AB707F81F,8.36958,eyJhbGciOiJIUzI1NiJ9.eyJzIjoiMGl6UTUtaEY4QkdvVUloRWZ1NXdFZyIsImkiOiI1MjM5ODI4MzQyIn0.LkUyi3wHDNe9B6-XOr3wIyqqj55zUnxgmQcSX76TbiA,"Life is always about becoming… Im Leben geht es darum, sich auf eine Reise zu begeben, um die beste Version unseres zukünftigen Selbst zu werden. Während wir Neues entdecken, stellen wir uns Herausforderungen, meistern sie und wachsen über uns hinaus. Bewerben Sie sich bei Mercedes-Benz und finden Sie den Aufgabenbereich, in dem Sie Ihre Talente individuell entfalten können. Dabei werden Sie von visionären Kolleginnen und Kollegen unterstützt, die Ihren Pioniergeist teilen. Bei uns einzusteigen…",2025-06-08T08:59:01Z,0,"{'__CLASS__': 'Adzuna::API::Response::Category', 'tag': 'unknown', 'label': 'Unknown'}","Duales Studium Wirtschaftsinformatik/Data Science (B.Sc.), Campusmodell Germersheim/Stuttgart 2026 (w/m/d)",49.21886,Adzuna::API::Response::Job,,,,
5228983301,"{'display_name': 'Hamburg, Deutschland', '__CLASS__': 'Adzuna::API::Response::Location', 'area': ['Deutschland', 'Hamburg']}","{'display_name': 'Hamburger Hochbahn AG', '__CLASS__': 'Adzuna::API::Response::Company'}",https://www.adzuna.de/land/ad/5228983301?se=0izQ5-hF8BGoUIhEfu5wEg&utm_medium=api&utm_source=a4bcf954&v=D71B0358BA0C24F13F742E456379E29C3E95B53A,9.987297,eyJhbGciOiJIUzI1NiJ9.eyJpIjoiNTIyODk4MzMwMSIsInMiOiIwaXpRNS1oRjhCR29VSWhFZnU1d0VnIn0.aXcc1Ll-qpmuUUMcbiQ0y7ystNc8pklxYmlh1LotxeM,"In unseren Bussen und Bahnen bringen wir jeden Tag über eine Million Menschen an ihr Ziel. Und wir bewegen noch mehr: für Hamburg, für die Zukunft und für alle, die bei uns arbeiten. Werkstudent Data Science, Schwerpunkt E-Mobility (m/w/d) Du – deine Rolle bei uns Für unser Team Systemkonzepte & Data Analytics im Fachbereich Managementsysteme Bus suchen wir Verstärkung mit Know-how Data Science. Als Werkstudent*in wirst du wichtige Analysen erstellen und unterschiedliche Daten visualisieren, um…",2025-06-02T19:53:14Z,0,"{'label': 'Stellen aus Wissenschaft & Qualitätssicherung', '__CLASS__': 'Adzuna::API::Response::Category', 'tag': 'scientific-qa-jobs'}","Werkstudent Data Science, Schwerpunkt E-Mobility (m/w/d)",53.557429,Adzuna::API::Response::Job,,,,
4956705101,"{'area': ['Deutschland', 'Bayern', 'München (Kreis)', 'München'], '__CLASS__': 'Adzuna::API::Response::Location', 'display_name': 'München, München (Kreis)'}","{'display_name': 'ZEISS', '__CLASS__': 'Adzuna::API::Response::Company'}",https://www.adzuna.de/land/ad/4956705101?se=0izQ5-hF8BGoUIhEfu5wEg&utm_medium=api&utm_source=a4bcf954&v=2FD53430B498BF7E19FD8380866119C025986BBD,11.555737,eyJhbGciOiJIUzI1NiJ9.eyJpIjoiNDk1NjcwNTEwMSIsInMiOiIwaXpRNS1oRjhCR29VSWhFZnU1d0VnIn0.vrhrqH3NAQFCHrCCk3DrGFZsCnnEwVubTbdnO6FJleI,"Aufgaben In cross-functional teams, you will drive & manage projects in the field of Machine Learning (ML) and Data Science. In this role, you will support the preparation and execution of Data Science / ML projects: from setting the scope to roadmap-planning, to execution in an agile manner, to lessons learned that can be integrated into new projects. As part of a vivid team, you will be in contact with users from different ZEISS departments, assess and plan Data Science- and ML-related tasks …",2024-11-30T14:14:31Z,0,"{'label': 'Stellen aus PR, Werbung & Marketing', '__CLASS__': 'Adzuna::API::Response::Category', 'tag': 'pr-advertising-marketing-jobs'}",Product Owner - Data Science / Machine Learning (f/m/x),48.137418,Adzuna::API::Response::Job,,,,
5205177236,"{'area': ['Deutschland', 'Hessen', 'Main-Taunus-Kreis', 'Eschborn'], '__CLASS__': 'Adzuna::API::Response::Location', 'display_name': 'Eschborn, Main-Taunus-Kreis'}","{'__CLASS__': 'Adzuna::API::Response::Company', 'display_name': 'Techem Energy Services GmbH'}",https://www.adzuna.de/land/ad/5205177236?se=0izQ5-hF8BGoUIhEfu5wEg&utm_medium=api&utm_source=a4bcf954&v=17324764B9A25CC19F11242F575AE035DEDC8A01,8.56908,eyJhbGciOiJIUzI1NiJ9.eyJpIjoiNTIwNTE3NzIzNiIsInMiOiIwaXpRNS1oRjhCR29VSWhFZnU1d0VnIn0.ijE6g586yC-qyxhISC2Z_g2w20fZJPOtDfYYLzoNUkY,"Wer die Welt retten will, braucht dafür vor allem eins: die richtige Unterstützung und ein starkes Team. Können wir auf Deine Energie, Expertise und Leidenschaft zählen? Hast Du den Willen, wirklich etwas zu verändern – für Deine Karriere und das Klima? Dann bist Du bei uns genau richtig. Wir sorgen gemeinsam für die digitale Energiewende in Gebäuden. Als ein führender Servicepartner für smarte und nachhaltige Gebäude bieten wir Effizienzsteigerung entlang der gesamten Wertschöpfungskette von W…",2025-05-18T19:41:42Z,0,"{'label': 'Unknown', '__CLASS__': 'Adzuna::API::Response::Category', 'tag': 'unknown'}",Energiemanager Data Science Voll- o. Teilzeit (m/w/d),50.14334,Adzuna::API::Response::Job,,,,
4948942636,"{'__CLASS__': 'Adzuna::API::Response::Location', 'display_name': 'Offenburg, Ortenaukreis', 'area': ['Deutschland', 'Baden-Württemberg', 'Ortenaukreis', 'Offenburg']}","{'display_name': 'Markant Gruppe', '__CLASS__': 'Adzuna::API::Response::Company'}",https://www.adzuna.de/land/ad/4948942636?se=0izQ5-hF8BGoUIhEfu5wEg&utm_medium=api&utm_source=a4bcf954&v=6464CD3DC5B8B221F5EA06350F5662EEEDACFE0A,7.94837,eyJhbGciOiJIUzI1NiJ9.eyJpIjoiNDk0ODk0MjYzNiIsInMiOiIwaXpRNS1oRjhCR29VSWhFZnU1d0VnIn0.4ILw21mU7mwRiK4v-J5zMxwnkSM7y41JYe7YWdoJpyc,"Die Markant Gruppe ist eines der grössten Dienstleistungsunternehmen in Europa für Handels- und Industriepartner aus dem Food- und Nonfood-Bereich. Unser breites Lösungsportfolio reicht von der Vereinfachung von Datenströmen und Zahlungsabwicklungen über exklusive Finanz- und Versicherungs-Services bis hin zu modernsten Marktforschungstools. Dahinter steckt die Idee: Kunden im operativen Tagesgeschäft zu entlasten, damit sie sich auf ihr Kerngeschäft konzentrieren können. Was noch dahintersteck…",2024-11-23T14:02:29Z,0,"{'label': 'Stellen aus PR, Werbung & Marketing', 'tag': 'pr-advertising-marketing-jobs', '__CLASS__': 'Adzuna::API::Response::Category'}",Business Analyst (m/w/d) - im Team Data Science Solutions,48.42392,Adzuna::API::Response::Job,,,,
5217005619,"{'__CLASS__': 'Adzuna::API::Response::Location', 'display_name': 'Künzelsau, Hohenlohekreis', 'area': ['Deutschland', 'Baden-Württemberg', 'Hohenlohekreis', 'Künzelsau']}","{'display_name': 'Adolf Würth GmbH & Co. KG', '__CLASS__': 'Adzuna::API::Response::Company'}",https://www.adzuna.de/land/ad/5217005619?se=0izQ5-hF8BGoUIhEfu5wEg&utm_medium=api&utm_source=a4bcf954&v=E70C953D35BA5CCF99D063CC6F22C80378CDBC79,9.68788,eyJhbGciOiJIUzI1NiJ9.eyJpIjoiNTIxNzAwNTYxOSIsInMiOiIwaXpRNS1oRjhCR29VSWhFZnU1d0VnIn0.xNdozTDmR9iwAZS1NivpdXDqHmK3B-UrOPFNVpmto8w,"Zeit für deine Zukunft. Zeit für Würth. Bewirb dich jetzt auf ein duales Studium Wirtschaftsinformatik - Data Science! Das bieten wir dir: ✓ Ein familiäres und herzliches Arbeitsklima sowie gemeinsame Aktivitäten (z. B. Azubi-Skiausfahrt, Sportturniere) ✓ Enges Mentoring und begleitende Seminare für eine individuelle Weiterentwicklung ✓ Soziale und internationale Ausbildungsbausteine und Projekte (z.B. Auslandspraktikum) ✓ Eine faire Vergütung und viele Zusatzleistungen (z.B. Chance auf das Azu…",2025-05-26T18:15:38Z,0,"{'label': 'Stellen aus Gastronomie & Catering', 'tag': 'hospitality-catering-jobs', '__CLASS__': 'Adzuna::API::Response::Category'}",Duales Studium Wirtschaftsinformatik - Data Science,49.27945,Adzuna::API::Response::Job,full_time,,,
5231414298,"{'area': ['Deutschland', 'Nordrhein-Westfalen', 'Essen'], '__CLASS__': 'Adzuna::API::Response::Location', 'display_name': 'Essen, Nordrhein-Westfalen'}","{'display_name': 'Deichmann SE', '__CLASS__': 'Adzuna::API::Response::Company'}",https://www.adzuna.de/land/ad/5231414298?se=0izQ5-hF8BGoUIhEfu5wEg&utm_medium=api&utm_source=a4bcf954&v=0D797D65E31426E36E02172AB25A2939803890D8,7.014478,eyJhbGciOiJIUzI1NiJ9.eyJzIjoiMGl6UTUtaEY4QkdvVUloRWZ1NXdFZyIsImkiOiI1MjMxNDE0Mjk4In0.RQJiUqqLeMd8Y-fJgicmG0iaaGr5YtTNiLWebIC5TpQ,"Als Team Lead Data Science Engineering (m/w/d) verstärkst Du unsere Data & Analytics Unit und bist der Dreh- und Angelpunkt, um aus unsere Data Science Produkte das Beste für Deichmann und unsere Kunden herauszuholen. Mit unseren innovativen Produkten, die wir in enger Kooperation mit den Fachbereichen entwickelt haben, sind wir direkt verzahnt mit dem Unternehmenserfolg. Werde Teil von Deichmann und hilf uns Data Science noch besser in d Tätigkeiten Du führst ein engagiertes Team von Data Scie…",2025-06-03T23:02:48Z,0,"{'label': 'Unknown', '__CLASS__': 'Adzuna::API::Response::Category', 'tag': 'unknown'}",Team Lead Data Science Engineering (m/w/d),51.444823,Adzuna::API::Response::Job,,,,
5231413792,"{'area': ['Deutschland', 'Baden-Württemberg', 'Karlsruhe (Kreis)'], 'display_name': 'Karlsruhe (Kreis), Baden-Württemberg', '__CLASS__': 'Adzuna::API::Response::Location'}","{'display_name': 'Knuddels GmbH & Co. KG', '__CLASS__': 'Adzuna::API::Response::Company'}",https://www.adzuna.de/land/ad/5231413792?se=0izQ5-hF8BGoUIhEfu5wEg&utm_medium=api&utm_source=a4bcf954&v=905ED3EF2CC2695A9AD6A05EB85D14FCDD5FCFFF,8.589191,eyJhbGciOiJIUzI1NiJ9.eyJzIjoiMGl6UTUtaEY4QkdvVUloRWZ1NXdFZyIsImkiOiI1MjMxNDEzNzkyIn0.a-zbN7SId2ubIEgD_1u9kNmO8i3v_3zTgJ6NSehW888,"Wir bei Knuddels haben uns das Ziel gesetzt, soziale Netzwerke wieder wirklich sozial zu machen - mit echter menschlicher Nähe statt bloßen Content-Konsums. In unserer Community soll jedes Mitglied 3 wichtige Menschen für sein echtes Leben finden: Deine Aufgabe ist es, mit Hilfe unserer Daten herauszufinden, welche Menschen zusammenpassen und die richtigen Erkenntnisse zu ziehen, um unsere Vision zu erreichen. Tätigkeiten Du unterstützt unsere Data Scientists dabei, aus unseren Events Erkenntni…",2025-06-03T23:02:45Z,0,"{'label': 'Unknown', '__CLASS__': 'Adzuna::API::Response::Category', 'tag': 'unknown'}",Werkstudent*in Backend-Entwicklung und Data Science (m/w/d),49.073517,Adzuna::API::Response::Job,,,,
4793769628,"{'__CLASS__': 'Adzuna::API::Response::Location', 'display_name': 'Köln, Nordrhein-Westfalen', 'area': ['Deutschland', 'Nordrhein-Westfalen', 'Köln']}","{'display_name': 'Meyerthole Siems Kohlruss Ges. für aktuarielle Beratung mbH', '__CLASS__': 'Adzuna::API::Response::Company'}",https://www.adzuna.de/land/ad/4793769628?se=0izQ5-hF8BGoUIhEfu5wEg&utm_medium=api&utm_source=a4bcf954&v=830B4FA7F6E3484D13777C126CA9D35CE30B169D,6.969972,eyJhbGciOiJIUzI1NiJ9.eyJpIjoiNDc5Mzc2OTYyOCIsInMiOiIwaXpRNS1oRjhCR29VSWhFZnU1d0VnIn0.v7tQezI-5FnWkxAScBIDfZkJYgqriTcQhIuugwZ5KSc,"Meyerthole Siems Kohlruss (MSK) ist eine aktuarielle Beratungsgesellschaft mit Sitz in Köln und seit 1998 im deutschsprachigen Raum für Schaden- und Unfallversicherer tätig. Unsere Schwerpunkte liegen auf abwechslungsreichen Aufgaben aus den Bereichen Data Science, Telematik, Pricing, Naturgefahren, Bilanzbewertung, Rückversicherung und Solvency II. Zu unseren Mandaten zählen mehr als 80 Versicherer und Rückversicherer sowie InsurTechs. Kreativität und Teamarbeit haben einen hohen Stellenwert b…",2024-07-24T23:54:52Z,0,"{'tag': 'unknown', '__CLASS__': 'Adzuna::API::Response::Category', 'label': 'Unknown'}",Mathematiker/Aktuar (d/m/w) Data Science/Pricing/Risikomanagement/Solvency II,50.940164,Adzuna::API::Response::Job,,,,
5220264364,"{'area': ['Deutschland', 'Berlin'], 'display_name': 'Berlin, Deutschland', '__CLASS__': 'Adzuna::API::Response::Location'}","{'__CLASS__': 'Adzuna::API::Response::Company', 'display_name': 'Horváth'}",https://www.adzuna.de/land/ad/5220264364?se=0izQ5-hF8BGoUIhEfu5wEg&utm_medium=api&utm_source=a4bcf954&v=0F431BE25EDDABC493C7A18A6EAFA62FCDA8C6B4,13.420806,eyJhbGciOiJIUzI1NiJ9.eyJpIjoiNTIyMDI2NDM2NCIsInMiOiIwaXpRNS1oRjhCR29VSWhFZnU1d0VnIn0.sP5uFTY7PyA5CsGAJTPVaEfdGamR05GzJ04Nh9I8hY0,"Als unabhängige, internationale Managementberatung begegnen wir täglich spannenden Aufgaben und Kunden. Durch individuelle Stärken und Talente sowie umfassende Expertise wachsen wir über uns hinaus. Wir nehmen Herausforderungen an – als Team auf Augenhöhe. Freundschaftlich und mit Humor. Successfully together! That's Horváth. Aufgaben Praktikum. Weiter gedacht. Du bist nicht nur Teil unseres Teams, sondern startest auch direkt inhaltlich in unseren anspruchsvollen Entwicklungsprojekten und Lösu…",2025-05-28T19:50:07Z,0,"{'label': 'Stellen aus Wissenschaft & Qualitätssicherung', '__CLASS__': 'Adzuna::API::Response::Category', 'tag': 'scientific-qa-jobs'}",Praktikum als Fellow Consultant (w/m/d) Steering Lab - Schwerpunkt Data Science,52.507706,Adzuna::API::Response::Job,,,,
5208847124,"{'area': ['Deutschland', 'Baden-Württemberg', 'Bodenseekreis', 'Tettnang'], 'display_name': 'Tettnang, Bodenseekreis', '__CLASS__': 'Adzuna::API::Response::Location'}","{'display_name': 'wenglor sensoric gmbH', '__CLASS__': 'Adzuna::API::Response::Company'}",https://www.adzuna.de/land/ad/5208847124?se=0izQ5-hF8BGoUIhEfu5wEg&utm_medium=api&utm_source=a4bcf954&v=E88BC7ECD3E358EF43E47D28DC148B62D2913650,9.58848,eyJhbGciOiJIUzI1NiJ9.eyJzIjoiMGl6UTUtaEY4QkdvVUloRWZ1NXdFZyIsImkiOiI1MjA4ODQ3MTI0In0.8iQ9FTwTperq-GHWCVWIBTyh_bQhe4FgWCwgpzc97FA,"Du befindest Dich auf den letzten Metern Deines Studiums und suchst ein spannendes Thema aus dem Bereich Sensorik und Industrie 4.0 für Deine Bachelor-/Masterarbeit? wenglor bietet Dir die Möglichkeit, Deine wissenschaftliche Arbeit bei einem weltweiten Innovations- und Marktführer zu schreiben. Wir stimmen das Thema zusammen mit Dir ab und unterstützen Dich durch intensive sowie fachkundige und kompetente Beratung – denn Dein Erfolg ist unser Erfolg. Haben wir Dein Interesse geweckt? Dann freu…",2025-05-21T13:13:29Z,0,"{'__CLASS__': 'Adzuna::API::Response::Category', 'tag': 'unknown', 'label': 'Unknown'}",Abschlussarbeit - Effiziente Speicherung und Indexierung von JSON-Daten (Data Science),47.67055,Adzuna::API::Response::Job,,,,
4841038191,"{'__CLASS__': 'Adzuna::API::Response::Location', 'display_name': 'Eschborn, Main-Taunus-Kreis', 'area': ['Deutschland', 'Hessen', 'Main-Taunus-Kreis', 'Eschborn']}","{'__CLASS__': 'Adzuna::API::Response::Company', 'display_name': 'EY Deutschland'}",https://www.adzuna.de/land/ad/4841038191?se=0izQ5-hF8BGoUIhEfu5wEg&utm_medium=api&utm_source=a4bcf954&v=EA2F0FFF5516FF0BF0FC070E60763AC2DF746978,,eyJhbGciOiJIUzI1NiJ9.eyJzIjoiMGl6UTUtaEY4QkdvVUloRWZ1NXdFZyIsImkiOiI0ODQxMDM4MTkxIn0.6q2ZPcvbzLt88CKDo2m6gyGgrKx1BcdTArGaccO9Gc0,"Bei EY setzen wir alles daran, dass die Welt besser funktioniert. Dafür hinterfragen wir täglich den Status quo und suchen schon heute die Antworten von morgen. Stillstand? Keine Option. Wandel? Sehen wir als Chance und Treiber für Innovation. Wenn du auch so tickst, dann bist du bei uns genau richtig. Wir suchen Macher:innen, die Unternehmen, Entrepreneuren, Privatpersonen und der öffentlichen Hand helfen, über sich hinaus zu wachsen. Das erfordert Zusammenarbeit auf Augenhöhe und das Verlasse…",2024-08-27T12:43:50Z,0,"{'__CLASS__': 'Adzuna::API::Response::Category', 'tag': 'unknown', 'label': 'Unknown'}",Praktikant Data Science im Bereich prüfungsnahe Beratung / Quants (Financial Services) (w/m/d),,Adzuna::API::Response::Job,,,,
5193253136,"{'area': ['Deutschland', 'Baden-Württemberg', 'Heilbronn (Kreis)', 'Neckarsulm'], '__CLASS__': 'Adzuna::API::Response::Location', 'display_name': 'Neckarsulm, Heilbronn (Kreis)'}","{'__CLASS__': 'Adzuna::API::Response::Company', 'display_name': 'Lidl Stiftung & Co. KG'}",https://www.adzuna.de/land/ad/5193253136?se=0izQ5-hF8BGoUIhEfu5wEg&utm_medium=api&utm_source=a4bcf954&v=70DDC71B229B9C77BC2356F1A7473E3D77CC2A21,9.2274,eyJhbGciOiJIUzI1NiJ9.eyJpIjoiNTE5MzI1MzEzNiIsInMiOiIwaXpRNS1oRjhCR29VSWhFZnU1d0VnIn0.dA0YaXE_6MjUQ86HD-MmhIu49-_jM70LCVAGeSbtN4M,"Eine gute Idee war der Ursprung, ein erfolgreiches Konzept ist das Ergebnis. Qualität zum guten Preis möglichst vielen Menschen anbieten zu können treibt uns an - mittlerweile weltweit, denn wir sind Lidl. Hier ist das berufliche Zuhause vielfältiger Talente. Ob im Einkauf, in der Logistik, im Warengeschäft oder in der IT; ob als Impulsgeber, Gestalter oder Dienstleister der Länder. Wir suchen Anpacker, Durchstarter, Möglichmacher und bieten spannende Aufgaben und Projekte in einem dynamischen …",2025-05-11T04:31:28Z,0,"{'tag': 'other-general-jobs', '__CLASS__': 'Adzuna::API::Response::Category', 'label': 'Sonstige/Allgemeine Stellen'}",Praktikum Data Science,49.18975,Adzuna::API::Response::Job,,,,
5204532860,"{'display_name': 'Stuttgart, Baden-Württemberg', '__CLASS__': 'Adzuna::API::Response::Location', 'area': ['Deutschland', 'Baden-Württemberg', 'Stuttgart']}","{'display_name': 'Mercedes-Benz AG', '__CLASS__': 'Adzuna::API::Response::Company'}",https://www.adzuna.de/land/ad/5204532860?se=0izQ5-hF8BGoUIhEfu5wEg&utm_medium=api&utm_source=a4bcf954&v=AA4C73D33BE50E86369DEF3736595B9760FAD32C,9.187224,eyJhbGciOiJIUzI1NiJ9.eyJzIjoiMGl6UTUtaEY4QkdvVUloRWZ1NXdFZyIsImkiOiI1MjA0NTMyODYwIn0.Nn70Rzvx3mFTksCB7pZhYUIEzU1lLBlfO62Mi3R0NyA,"Life is always about becoming… Becoming means going on a journey to be the best version of our future selves. While we discover new things, we will face challenges, master them and grow beyond our individual limits. Apply for a job at Mercedes-Benz and find your individual role and workspace to unleash your talents to the fullest. Empowered by visionary colleagues who share the same pioneering spirit. Joining us means becoming part of a global team that aims to build the most desirable cars in …",2025-05-18T07:35:36Z,0,"{'label': 'Stellen aus Wissenschaft & Qualitätssicherung', 'tag': 'scientific-qa-jobs', '__CLASS__': 'Adzuna::API::Response::Category'}",Mandatory-Internship in the field of Marketing & Sales - Data Science & Analytics starting July 2025,48.776198,Adzuna::API::Response::Job,,,,
5210205150,"{'area': ['Deutschland', 'Nordrhein-Westfalen', 'Düsseldorf', 'Bilk'], '__CLASS__': 'Adzuna::API::Response::Location', 'display_name': 'Bilk, Düsseldorf'}","{'__CLASS__': 'Adzuna::API::Response::Company', 'display_name': 'trivago N.V.'}",https://www.adzuna.de/land/ad/5210205150?se=0izQ5-hF8BGoUIhEfu5wEg&utm_medium=api&utm_source=a4bcf954&v=239BA775015BE42A60CE2D08016A5AA37E398E34,6.78055,eyJhbGciOiJIUzI1NiJ9.eyJzIjoiMGl6UTUtaEY4QkdvVUloRWZ1NXdFZyIsImkiOiI1MjEwMjA1MTUwIn0.DZAB5D4F_8hQPXR-rcNFxhgFseJNm0xe20wxQg11-qw,"When travelers are searching for a hotel, we want the obvious choice to be trivago! Our leading metasearch engine is super fast and constantly optimized – enabling millions of travelers to compare hotel prices from hundreds of booking sites and find great deals in just a few clicks. We use cutting-edge technology, real-time auction, and machine learning techniques with petabytes of data to create an experience – time and money saved! In the lively city of Düsseldorf, we seize opportunities to l…",2025-05-22T04:30:57Z,0,"{'label': 'Sonstige/Allgemeine Stellen', '__CLASS__': 'Adzuna::API::Response::Category', 'tag': 'other-general-jobs'}",Data Science Lead - Price,51.20259,Adzuna::API::Response::Job,,,,
5224416326,"{'__CLASS__': 'Adzuna::API::Response::Location', 'display_name': 'Bonn, Nordrhein-Westfalen', 'area': ['Deutschland', 'Nordrhein-Westfalen', 'Bonn']}","{'display_name': 'Bundesinstitut für Bau-, Stadt- und Raumforschung ', '__CLASS__': 'Adzuna::API::Response::Company'}",https://www.adzuna.de/land/ad/5224416326?se=0izQ5-hF8BGoUIhEfu5wEg&utm_medium=api&utm_source=a4bcf954&v=25DF889118E9543538931AA9BC8E90C24BC0E885,7.112412,eyJhbGciOiJIUzI1NiJ9.eyJpIjoiNTIyNDQxNjMyNiIsInMiOiIwaXpRNS1oRjhCR29VSWhFZnU1d0VnIn0.78B8N3-OlpIvXMimdA7wNGzzwjgBl1swOUvs-suTE-4,"Das Bundesinstitut für Bau-, Stadt- und Raumforschung (BBSR) sucht für das Referat RS 1 „Raumentwicklung“ in Bonn zum nächstmöglichen Zeitpunkt befristet für 3 Jahre zwei wissenschaftliche Mitarbeiterinnen / wissenschaftliche Mitarbeiter (w/m/d) mit dem Ziel der Promotion im Bereich Spatial Data Science Knr. S 053-25 Bewerbungsfrist: 03.08.2025 Beschäftigungsdauer: befristet für 3 Jahre Wochenstunden: 39 h Vergütung: E 13 TVöD Arbeitsort: Bonn Das BBSR im Bundesamt für Bauwesen und Raumordnung …",2025-05-31T07:51:11Z,0,"{'label': 'Vertriebsstellen', '__CLASS__': 'Adzuna::API::Response::Category', 'tag': 'sales-jobs'}",wissenschaftliche Mitarbeiterinnen/wissenschaftliche Mitarbeiter (w/m/d) mit dem Ziel der Promotion im Bereich Spatial Data Science,50.71942,Adzuna::API::Response::Job,,,,
5225780760,"{'area': ['Deutschland', 'Nordrhein-Westfalen', 'Rhein-Erft-Kreis', 'Hürth'], 'display_name': 'Hürth, Rhein-Erft-Kreis', '__CLASS__': 'Adzuna::API::Response::Location'}","{'display_name': 'SKOPOS GROUP', '__CLASS__': 'Adzuna::API::Response::Company'}",https://www.adzuna.de/land/ad/5225780760?se=0izQ5-hF8BGoUIhEfu5wEg&utm_medium=api&utm_source=a4bcf954&v=DB612900CB3A4CBC22FADDAD5A1E528075B304D0,6.86811,eyJhbGciOiJIUzI1NiJ9.eyJzIjoiMGl6UTUtaEY4QkdvVUloRWZ1NXdFZyIsImkiOiI1MjI1NzgwNzYwIn0.CfB5Qyu6lYTQyibuuKj447vFTBjB9tqBevSQ0x5MJeo,"Das sind wir Daten sind für uns nicht gleich Daten. Du teilst unsere Mission ""Mehr aus Daten rausholen""? Dann bist Du als Newbie oder erfahrenes Data Science Talent bei uns mehr als willkommen! Bei SKOPOS ELEMENTS unterstützen talentierte Data Scientists zukunftsorientierte Unternehmen und Menschen bei ihrem Weg zur Data Driven Company. Als Teil der SKOPOS GROUP sind wir seit 1995 führender Anbieter in der Marktforschung und beschäftigen aktuell über 120 Mitarbeitende. Begleite unser Wachstum u…",2025-06-01T05:35:52Z,0,"{'__CLASS__': 'Adzuna::API::Response::Category', 'tag': 'other-general-jobs', 'label': 'Sonstige/Allgemeine Stellen'}",Initiativbewerbung Data Science /BI,50.87096,Adzuna::API::Response::Job,,,,
5217936407,"{'area': ['Deutschland', 'Nordrhein-Westfalen', 'Düsseldorf', 'Gerresheim'], 'display_name': 'Gerresheim, Düsseldorf', '__CLASS__': 'Adzuna::API::Response::Location'}","{'__CLASS__': 'Adzuna::API::Response::Company', 'display_name': 'trivago'}",https://www.adzuna.de/land/ad/5217936407?se=0izQ5-hF8BGoUIhEfu5wEg&utm_medium=api&utm_source=a4bcf954&v=F51E5A4650EC7AD7EBDA532544AF344B8D86156E,6.85967,eyJhbGciOiJIUzI1NiJ9.eyJpIjoiNTIxNzkzNjQwNyIsInMiOiIwaXpRNS1oRjhCR29VSWhFZnU1d0VnIn0.saNVw-egwrloRm6iAKh4rdfVLdfo8-jULe9apd0Ma1o,"When travelers are searching for a hotel, we want the obvious choice to be trivago! By comparing prices from major booking sites, we&x27;re making it easy for people to find hotels they want at a price they’ll love. In the lively city of Düsseldorf, we seize opportunities to learn everyday, innovate, and make an enduring mark on the travel industry. A career at trivago is a journey designed for people who crave continuous development and want to thrive in a high-performing team. Here you will f…",2025-05-27T08:31:18Z,0,"{'__CLASS__': 'Adzuna::API::Response::Category', 'tag': 'scientific-qa-jobs', 'label': 'Stellen aus Wissenschaft & Qualitätssicherung'}",Data Science Lead - Price,51.23706,Adzuna::API::Response::Job,,,,
5207546867,"{'display_name': 'Fürstenberg, Konstanz', '__CLASS__': 'Adzuna::API::Response::Location', 'area': ['Deutschland', 'Baden-Württemberg', 'Konstanz (Kreis)', 'Konstanz', 'Fürstenberg']}","{'display_name': 'SÜDKURIER GmbH', '__CLASS__': 'Adzuna::API::Response::Company'}",https://www.adzuna.de/land/ad/5207546867?se=0izQ5-hF8BGoUIhEfu5wEg&utm_medium=api&utm_source=a4bcf954&v=62E8276090B3650AE878CC50CB21EB08A045AA47,9.1484,eyJhbGciOiJIUzI1NiJ9.eyJpIjoiNTIwNzU0Njg2NyIsInMiOiIwaXpRNS1oRjhCR29VSWhFZnU1d0VnIn0.4fkDuRWXWudH084WhBE37wEtpH1yVJZ-5U6hCuHk1eY,"Praktikant (m/w/d) Data Science ab 01.09.2025 Konstanz befristet Pflichtpraktikum ab 01.09.2025 Konstanz befristet Pflichtpraktikum WIR BIETEN DIR Mitarbeit an zukunftsorientierten Projekten eines modernen Medienhauses Strukturierte Einarbeitung und persönliche Betreuung während des Praktikums Eine Praktikumsvergütung (750 EUR brutto / Monat), Urlaubsanspruch (bis zu 10 Tage), flexible Arbeitszeitgestaltung inkl. mobiles Arbeiten und vielfältige Weiterbildungsangebote Werde Teil einer Community…",2025-05-20T16:20:56Z,0,"{'label': 'Sonstige/Allgemeine Stellen', 'tag': 'other-general-jobs', '__CLASS__': 'Adzuna::API::Response::Category'}",Praktikant (m/w/d) Data Science,47.6881,Adzuna::API::Response::Job,full_time,,,
5223446088,"{'area': ['Deutschland', 'Hessen', 'Frankfurt am Main'], '__CLASS__': 'Adzuna::API::Response::Location', 'display_name': 'Frankfurt am Main, Hessen'}","{'display_name': 'European Central Bank', '__CLASS__': 'Adzuna::API::Response::Company'}",https://www.adzuna.de/land/ad/5223446088?se=0izQ5-hF8BGoUIhEfu5wEg&utm_medium=api&utm_source=a4bcf954&v=40D0580A9585FF1ED5C49A1D507A7EC8792E888D,8.650578,eyJhbGciOiJIUzI1NiJ9.eyJzIjoiMGl6UTUtaEY4QkdvVUloRWZ1NXdFZyIsImkiOiI1MjIzNDQ2MDg4In0.AHUeImMNTcwqG7p9pUVJRDyGKgJk57AUeVf9KGNjkCY,"General Information Type of contract: Fixed-term contract, which may be extended subject to individual performance and organisational needs Who can apply?: EU nationals Salary: E/F (bracket 1 - step 1) full time monthly net salary: €4,869 plus benefits, for further information see Working time: Full time Place of work: Frankfurt am Main, Germany Closing date: 16.06.2025 Your team You will be part of the Banking Supervision Data Division or the Securities and Financial Markets Data Division in t…",2025-05-30T15:38:52Z,0,"{'label': 'Unknown', 'tag': 'unknown', '__CLASS__': 'Adzuna::API::Response::Category'}",Supervision and Data Science Analysts - Inklusiver Job   ,50.129683,Adzuna::API::Response::Job,,,,
5208143958,"{'display_name': 'Sindelfingen, Böblingen (Kreis)', '__CLASS__': 'Adzuna::API::Response::Location', 'area': ['Deutschland', 'Baden-Württemberg', 'Böblingen (Kreis)', 'Sindelfingen']}","{'__CLASS__': 'Adzuna::API::Response::Company', 'display_name': 'Mercedes-Benz AG'}",https://www.adzuna.de/land/ad/5208143958?se=0izQ5-hF8BGoUIhEfu5wEg&utm_medium=api&utm_source=a4bcf954&v=2223A3EA76565056D5052A02044FF098DAF308B5,9.026231,eyJhbGciOiJIUzI1NiJ9.eyJpIjoiNTIwODE0Mzk1OCIsInMiOiIwaXpRNS1oRjhCR29VSWhFZnU1d0VnIn0.I7zRci85F3kaAm3AQinPahzNKiwjvNAyY1-mcNn_-GE,"Life is always about becoming… Im Leben geht es darum, sich auf eine Reise zu begeben, um die beste Version unseres zukünftigen Selbst zu werden. Während wir Neues entdecken, stellen wir uns Herausforderungen, meistern sie und wachsen über uns hinaus. Bewerben Sie sich bei Mercedes-Benz und finden Sie den Aufgabenbereich, in dem Sie Ihre Talente individuell entfalten können. Dabei werden Sie von visionären Kolleginnen und Kollegen unterstützt, die Ihren Pioniergeist teilen. Bei uns einzusteigen…",2025-05-20T22:32:29Z,0,"{'label': 'Sonstige/Allgemeine Stellen', '__CLASS__': 'Adzuna::API::Response::Category', 'tag': 'other-general-jobs'}",Praktikant*in Data Analytics/Data Science,48.720071,Adzuna::API::Response::Job,,,,
5112144320,"{'display_name': 'Bad Vilbel, Wetteraukreis', '__CLASS__': 'Adzuna::API::Response::Location', 'area': ['Deutschland', 'Hessen', 'Wetteraukreis', 'Bad Vilbel']}","{'__CLASS__': 'Adzuna::API::Response::Company', 'display_name': 'STADA Arzneimittel AG'}",https://www.adzuna.de/land/ad/5112144320?se=0izQ5-hF8BGoUIhEfu5wEg&utm_medium=api&utm_source=a4bcf954&v=63CA97FBE983C0B16427AEFB5B0184434AF4A3DF,8.73553,eyJhbGciOiJIUzI1NiJ9.eyJzIjoiMGl6UTUtaEY4QkdvVUloRWZ1NXdFZyIsImkiOiI1MTEyMTQ0MzIwIn0.MLJ5GecyZ1J0u5WjpTw5bza1iPaU4PbM0R_a_-GaB-E,"""Caring for People's Health as a Trusted Partner"" - This mission motivates us at STADA every day to improve the health of people worldwide. With our wide range of generics, consumer health products and specialty pharmaceuticals, we offer patients, doctors and pharmacists a wide range of therapeutic options. Around 11,700 employees live our values of Integrity, Entrepreneurship, Agility and One STADA. Together we are on an exciting growth journey and want to successfully shape the future of STAD…",2025-03-26T14:16:31Z,0,"{'label': 'Unknown', 'tag': 'unknown', '__CLASS__': 'Adzuna::API::Response::Category'}",Senior Business Analyst AI / Data Science (f/m/d),50.17809,Adzuna::API::Response::Job,full_time,,,
5219667257,"{'__CLASS__': 'Adzuna::API::Response::Location', 'display_name': 'Altstadt-Lehel, München', 'area': ['Deutschland', 'Bayern', 'München (Kreis)', 'München', 'Altstadt-Lehel']}","{'display_name': 'Technische Universität München ', '__CLASS__': 'Adzuna::API::Response::Company'}",https://www.adzuna.de/land/ad/5219667257?se=0izQ5-hF8BGoUIhEfu5wEg&utm_medium=api&utm_source=a4bcf954&v=E236194466FA179F449B7CBBCBA6BF0A56215239,11.56907,eyJhbGciOiJIUzI1NiJ9.eyJpIjoiNTIxOTY2NzI1NyIsInMiOiIwaXpRNS1oRjhCR29VSWhFZnU1d0VnIn0.6-TSA5i0YcJT36PANDFSM_y2GKo7UTIUOagy7wSrSyc,"Munich Data Science Institute (MDSI) Technische Universität MünchenTUM - Logo IT-Systemadministrator (m/w/d) am Munich Data Science Institute Das Munich Data Science Institute (MDSI) ist ein Integratives Forschungsinstitut an der Technischen Universität München (TUM). Es ist interdisziplinär und fachbereichsübergreifend in den Bereichen Data Science, Maschinelles Lernen und Künstliche Intelligenz ausgerichtet. Das Institut fungiert als Vermittler und Multiplikator modernster Data- Science-Prakt…",2025-05-28T10:19:42Z,0,"{'label': 'Lehrberufe', '__CLASS__': 'Adzuna::API::Response::Category', 'tag': 'teaching-jobs'}",IT-Systemadministrator (m/w/d) am Munich Data Science Institute,48.14093,Adzuna::API::Response::Job,,,,
5232654797,"{'__CLASS__': 'Adzuna::API::Response::Location', 'display_name': 'Fürstenberg, Konstanz', 'area': ['Deutschland', 'Baden-Württemberg', 'Konstanz (Kreis)', 'Konstanz', 'Fürstenberg']}","{'display_name': 'SÜDKURIER GmbH', '__CLASS__': 'Adzuna::API::Response::Company'}",https://www.adzuna.de/land/ad/5232654797?se=0izQ5-hF8BGoUIhEfu5wEg&utm_medium=api&utm_source=a4bcf954&v=5EB07DEB6737B6DC0C6D14F1B5B79847790E69A3,9.1484,eyJhbGciOiJIUzI1NiJ9.eyJzIjoiMGl6UTUtaEY4QkdvVUloRWZ1NXdFZyIsImkiOiI1MjMyNjU0Nzk3In0.UlfQt425pbTF9d0UWH7hwwy9JWD-JRo15IwPkQxV6Yk,"Praktikant (m/w/d) Data Science ab 01.09.2025 Konstanz befristet Pflichtpraktikum ab 01.09.2025 Konstanz befristet Pflichtpraktikum WIR BIETEN DIR Mitarbeit an zukunftsorientierten Projekten eines modernen Medienhauses Strukturierte Einarbeitung und persönliche Betreuung während des Praktikums Eine Praktikumsvergütung (750 EUR brutto / Monat), Urlaubsanspruch (bis zu 10 Tage), flexible Arbeitszeitgestaltung inkl. mobiles Arbeiten und vielfältige Weiterbildungsangebote Werde Teil einer Community…",2025-06-04T14:05:45Z,0,"{'label': 'Stellen aus Wissenschaft & Qualitätssicherung', 'tag': 'scientific-qa-jobs', '__CLASS__': 'Adzuna::API::Response::Category'}",Praktikant (m/w/d) Data Science,47.6881,Adzuna::API::Response::Job,,,,
5241414252,"{'area': ['Deutschland', 'Nordrhein-Westfalen', 'Oberbergischer Kreis', 'Gummersbach', 'Würden'], 'display_name': 'Würden, Gummersbach', '__CLASS__': 'Adzuna::API::Response::Location'}","{'display_name': 'Schmidt + Clemens GmbH + Co. KG', '__CLASS__': 'Adzuna::API::Response::Company'}",https://www.adzuna.de/land/ad/5241414252?se=0izQ5-hF8BGoUIhEfu5wEg&utm_medium=api&utm_source=a4bcf954&v=54587D5CF292201367A8E7A32B0163DD5DEFD232,7.37676,eyJhbGciOiJIUzI1NiJ9.eyJzIjoiMGl6UTUtaEY4QkdvVUloRWZ1NXdFZyIsImkiOiI1MjQxNDE0MjUyIn0.O9McAKT6LTX6FP6sc57isABFh4V0eeuhWLBpu9CT0UM,"Für Weiterdenker und Weiterentwickler Unsere Leidenschaft heißt Edelstahl und wir sind immer auf der Suche nach Menschen, die diese Leidenschaft mit uns teilen möchten. Brennt Ihr Herz auch für die tägliche Herausforderung, individuelle Lösungen für unsere Kunden zu erarbeiten? Dann machen Sie noch heute Ihren großen Wurf und bewerben Sie sich! Kommen Sie in unser Team, wir freuen uns auf Sie! Für den Bereich Technische Informatik suchen wir zum 01.09.2025 Duale Studenten* Data Science & künstl…",2025-06-09T19:42:53Z,0,"{'tag': 'other-general-jobs', '__CLASS__': 'Adzuna::API::Response::Category', 'label': 'Sonstige/Allgemeine Stellen'}",Dualer Student* Data Science & künstliche Intelligenz - Bachelor,51.01956,Adzuna::API::Response::Job,full_time,,,
5237636034,"{'display_name': 'Deutschland', '__CLASS__': 'Adzuna::API::Response::Location', 'area': ['Deutschland']}","{'__CLASS__': 'Adzuna::API::Response::Company', 'display_name': 'Ruhr-Universität Bochum'}",https://www.adzuna.de/land/ad/5237636034?se=0izQ5-hF8BGoUIhEfu5wEg&utm_medium=api&utm_source=a4bcf954&v=4CFF414470129F180FB69DAA02AE0764119F36EF,,eyJhbGciOiJIUzI1NiJ9.eyJzIjoiMGl6UTUtaEY4QkdvVUloRWZ1NXdFZyIsImkiOiI1MjM3NjM2MDM0In0.0F-LHphAvJ5Kv8Y5Uiruru_dphq9Jc_nxPk1E9DRmCQ,In der Fakultät für Mathematik der RUB ist zum nächstmöglichen Zeitpunkt eine Universitätsprofessur W3 [m/w/d] für Mathematische Statistik und Data Science zu besetzen (vorzeitige Nachfolge Prof. Holger Dette). Die*der zukünftige Stelleninhaber*in soll in Forschung und Lehre das Fachgebiet Mathematische Statistik und Data Science vertreten. Bewerber*innen sollen sowohl in Forschung als auch in Lehre hervorragend qualifiziert sein. Ihr international sichtbares Forschungsprofil soll dabei vorhand…,2025-06-07T03:33:35Z,0,"{'__CLASS__': 'Adzuna::API::Response::Category', 'tag': 'teaching-jobs', 'label': 'Lehrberufe'}",Universitätsprofessur W3 (m/w/d) für Mathematische Statistik und Data Science,,Adzuna::API::Response::Job,,,,
5175690719,"{'area': ['Deutschland', 'Berlin'], 'display_name': 'Berlin, Deutschland', '__CLASS__': 'Adzuna::API::Response::Location'}","{'display_name': 'trg.recruitment', '__CLASS__': 'Adzuna::API::Response::Company'}",https://www.adzuna.de/land/ad/5175690719?se=iNg66ehF8BGRNfpcatuI7A&utm_medium=api&utm_source=a4bcf954&v=E30634235B5376C7E67E0E08F8E9ED909079778E,13.420806,eyJhbGciOiJIUzI1NiJ9.eyJpIjoiNTE3NTY5MDcxOSIsInMiOiJpTmc2NmVoRjhCR1JOZnBjYXR1STdBIn0.TwvHYkaR3uO4FjLzXceOuPO1dou3caWrbvk29lxyn3A,"Senior Data Scientist – Berlin | Hybrid | SaaS | Start-Up I am currently working with an AI-powered SaaS product that is transforming real-world operations through data-driven innovation. As a Senior Data Scientist, you will not only leverage your technical expertise but also play a key role in guiding and shaping the data chapter within the company. What We’re Looking For Tech stack: SQL, Python, Spark, DBT, Apache Airflow, DAGster, DuckDB, Snowflake, Metabase A product-driven mindset, from id…",2025-05-02T10:04:23Z,0,"{'tag': 'it-jobs', 'label': 'IT-Stellen', '__CLASS__': 'Adzuna::API::Response::Category'}",Data Science Engineering Manager,52.507706,Adzuna::API::Response::Job,,,,
5238511239,"{'__CLASS__': 'Adzuna::API::Response::Location', 'area': ['Deutschland', 'Bayern', 'München (Kreis)', 'München'], 'display_name': 'München, München (Kreis)'}","{'display_name': 'MSD Deutschland', '__CLASS__': 'Adzuna::API::Response::Company'}",https://www.adzuna.de/land/ad/5238511239?se=iNg66ehF8BGRNfpcatuI7A&utm_medium=api&utm_source=a4bcf954&v=541742D70E734C816DAE2C386262BB4B6A33363F,11.555737,eyJhbGciOiJIUzI1NiJ9.eyJpIjoiNTIzODUxMTIzOSIsInMiOiJpTmc2NmVoRjhCR1JOZnBjYXR1STdBIn0.ZUbIxDAmsdvNbcJokMopnUT67UoGZrVFeqs_R6MBuM4,"Für unsere Abteilung Data Science in München suchen wir ab sofort einen Praktikanten (m/w/d) - ab sofort für mindestens 6 Monate. Unsere Teams im Bereich Digital arbeiten kross-funktional, um Innovationen voranzutreiben. Das Human Health Data Science Team entwickelt Analytics-Lösungen, die die Unternehmensstrategie unterstützen, und ist Hauptansprechpartner für alle Fragen rund um quantitative Analysen. Deine Aufgaben Sammeln, Bereinigen und Vorverarbeiten von Daten für weitere Analysen. Durchf…",2025-06-07T12:36:49Z,0,"{'label': 'Unknown', '__CLASS__': 'Adzuna::API::Response::Category', 'tag': 'unknown'}",Praktikant (m/w/d) Data Science - Inklusiver Job   ,48.137418,Adzuna::API::Response::Job,,,,
5224170914,"{'area': ['Deutschland', 'Bayern', 'Nürnberg'], 'display_name': 'Nürnberg, Bayern', '__CLASS__': 'Adzuna::API::Response::Location'}","{'display_name': 'Datev eG', '__CLASS__': 'Adzuna::API::Response::Company'}",https://www.adzuna.de/land/ad/5224170914?se=iNg66ehF8BGRNfpcatuI7A&utm_medium=api&utm_source=a4bcf954&v=C062F10885657BF31FD37BDC2D7F9A0CB91EFF7E,11.083642,eyJhbGciOiJIUzI1NiJ9.eyJzIjoiaU5nNjZlaEY4QkdSTmZwY2F0dUk3QSIsImkiOiI1MjI0MTcwOTE0In0.1NDyPI6mJAedSw455KaRZZpPp-f2yD_EIvTLFyaymsA,"Das ist das Arbeitsumfeld: Künstliche Intelligenz revolutioniert den Kanzleialltag – und DATEV gestaltet diesen Wandel aktiv mit. Unser Ziel: Kernprozesse unserer Mitglieder:innen durch KI-Lösungen optimieren und erweitern. Dabei setzen wir auf innovative Technologien wie generative KI, um unsere Dienstleistungen kontinuierlich zu verbessern. Die Homebase Data & AI ist die organisatorische Heimat der Mitarbeitenden mit Fokus auf dem Kontext Daten & künstliche Intelligenz. Im Rahmen unserer Weit…",2025-05-30T22:58:24Z,0,"{'tag': 'it-jobs', '__CLASS__': 'Adzuna::API::Response::Category', 'label': 'IT-Stellen'}",Student Data Science als Werkstudent Accounting Intelligente Automatisierungsservices (m/w/d),49.443967,Adzuna::API::Response::Job,full_time,,,
5238522114,"{'area': ['Deutschland', 'Hamburg'], 'display_name': 'Hamburg, Deutschland', '__CLASS__': 'Adzuna::API::Response::Location'}","{'__CLASS__': 'Adzuna::API::Response::Company', 'display_name': 'AI Futures'}",https://www.adzuna.de/land/ad/5238522114?se=iNg66ehF8BGRNfpcatuI7A&utm_medium=api&utm_source=a4bcf954&v=BC8D28DB05E4F3993B37BA04172B1E0573DB8703,9.987297,eyJhbGciOiJIUzI1NiJ9.eyJzIjoiaU5nNjZlaEY4QkdSTmZwY2F0dUk3QSIsImkiOiI1MjM4NTIyMTE0In0.iQ0Xj9-O1zVtYnvbQLjEwy12Ma_K4ITf1PzZ6x4lFHo,"AI Futures have been exclusively retained exclusively to find a Head of Data Science & ML Platforms . This is an opportunity to join a market leading logistics company who have posted €1.2B revenues last year and investing heavily into Data and AI. This is a high-impact leadership position based in Hamburg, where you will shape the data strategy, drive machine learning innovation, and ensure the robust deployment of scalable data products. You’ll oversee a multidisciplinary team working across …",2025-06-07T12:43:36Z,0,"{'tag': 'unknown', 'label': 'Unknown', '__CLASS__': 'Adzuna::API::Response::Category'}",Head of Data Science,53.557429,Adzuna::API::Response::Job,,,,
5203141557,"{'__CLASS__': 'Adzuna::API::Response::Location', 'area': ['Deutschland', 'Hessen', 'Wetteraukreis', 'Bad Vilbel'], 'display_name': 'Bad Vilbel, Wetteraukreis'}","{'display_name': 'STADA Arzneimittel AG', '__CLASS__': 'Adzuna::API::Response::Company'}",https://www.adzuna.de/land/ad/5203141557?se=iNg66ehF8BGRNfpcatuI7A&utm_medium=api&utm_source=a4bcf954&v=C85705A3B32CC22F60EAF7CECA16715288232FB9,8.73553,eyJhbGciOiJIUzI1NiJ9.eyJpIjoiNTIwMzE0MTU1NyIsInMiOiJpTmc2NmVoRjhCR1JOZnBjYXR1STdBIn0.gD6GG6FFTSsWRX3AxW_D-bI_AbA6dR7bw9mEdGs5eWo,"„Caring for People's Health as a Trusted Partner“ – Dieser Auftrag motiviert uns bei STADA jeden Tag aufs Neue, die Gesundheit der Menschen weltweit zu verbessern. Mit unserem umfassenden Angebot an Generika, Consumer Health Produkten und Spezialpharmazeutika bieten wir Patienten, Ärzten und Apothekern eine breite Palette an Therapieoptionen. Rund 13.000 Mitarbeiterinnen und Mitarbeiter leben unsere Werte Integrity, Entrepreneurship, Agility und One STADA. Gemeinsam befinden wir uns auf einer s…",2025-05-17T10:18:04Z,0,"{'__CLASS__': 'Adzuna::API::Response::Category', 'label': 'Sonstige/Allgemeine Stellen', 'tag': 'other-general-jobs'}",Duales Studium - Data Science (B.Sc.),50.17809,Adzuna::API::Response::Job,,,,
5220848102,"{'display_name': 'Heilbronn, Heilbronn (Kreis)', 'area': ['Deutschland', 'Baden-Württemberg', 'Heilbronn (Kreis)', 'Heilbronn'], '__CLASS__': 'Adzuna::API::Response::Location'}","{'__CLASS__': 'Adzuna::API::Response::Company', 'display_name': 'Kaufland'}",https://www.adzuna.de/land/ad/5220848102?se=iNg66ehF8BGRNfpcatuI7A&utm_medium=api&utm_source=a4bcf954&v=A2C99B734B74A77FD100FB820C61753D8F5A4C1B,9.209895,eyJhbGciOiJIUzI1NiJ9.eyJzIjoiaU5nNjZlaEY4QkdSTmZwY2F0dUk3QSIsImkiOiI1MjIwODQ4MTAyIn0.lyUtI5KhvWNp73G8ZS24qUxfqTSfppHYzCszG12O6tk,"Du willst mehr als Uni und möchtest erste Berufseinblicke und Kontakte knüpfen? Dann bist du hier richtig! Als Werkstudent oder Praktikant bei Kaufland gehörst du von Beginn an zu einem starken Team und kannst zeigen, was in dir steckt. Werde auch du Teil von teamkaufland! Wir zählen auf dich: Du unterstützt unser Team bei der Bearbeitung unserer Analytics Use Cases entlang der gesamten Wertschöpfungskette bei Kaufland. Vielfältige Aufgaben? Na klar: Lerne unsere Projekte und Arbeitsweisen währ…",2025-05-28T23:29:42Z,0,"{'tag': 'other-general-jobs', 'label': 'Sonstige/Allgemeine Stellen', '__CLASS__': 'Adzuna::API::Response::Category'}",Praktikant Data Science (m/w/d),49.142335,Adzuna::API::Response::Job,,,,
5239676237,"{'area': ['Deutschland', 'Nordrhein-Westfalen', 'Oberbergischer Kreis', 'Gummersbach', 'Würden'], 'display_name': 'Würden, Gummersbach', '__CLASS__': 'Adzuna::API::Response::Location'}","{'__CLASS__': 'Adzuna::API::Response::Company', 'display_name': 'Schmidt + Clemens GmbH + Co. KG'}",https://www.adzuna.de/land/ad/5239676237?se=iNg66ehF8BGRNfpcatuI7A&utm_medium=api&utm_source=a4bcf954&v=27D11B5497814BBCD8439B1669ED0DE07797CAC2,7.37676,eyJhbGciOiJIUzI1NiJ9.eyJzIjoiaU5nNjZlaEY4QkdSTmZwY2F0dUk3QSIsImkiOiI1MjM5Njc2MjM3In0.mFnbtrXTsR7dlKvTQdTztgb1Fe5p9uKUyoLD4eA1NPU,"Für Weiterdenker und Weiterentwickler Unsere Leidenschaft heißt Edelstahl und wir sind immer auf der Suche nach Menschen, die diese Leidenschaft mit uns teilen möchten. Brennt Ihr Herz auch für die tägliche Herausforderung, individuelle Lösungen für unsere Kunden zu erarbeiten? Dann machen Sie noch heute Ihren großen Wurf und bewerben Sie sich! Kommen Sie in unser Team, wir freuen uns auf Sie! Für den Bereich Technische Informatik suchen wir zum 01.09.2025 Duale Studenten Data Science & künstli…",2025-06-08T05:52:03Z,0,"{'tag': 'it-jobs', 'label': 'IT-Stellen', '__CLASS__': 'Adzuna::API::Response::Category'}",Dualer Student Data Science & künstliche Intelligenz - Bachelor,51.01956,Adzuna::API::Response::Job,,,,
5225781257,"{'__CLASS__': 'Adzuna::API::Response::Location', 'area': ['Deutschland', 'Nordrhein-Westfalen', 'Rhein-Kreis Neuss', 'Meerbusch'], 'display_name': 'Meerbusch, Rhein-Kreis Neuss'}","{'display_name': 'ORAYLIS', '__CLASS__': 'Adzuna::API::Response::Company'}",https://www.adzuna.de/land/ad/5225781257?se=iNg66ehF8BGRNfpcatuI7A&utm_medium=api&utm_source=a4bcf954&v=A0B191B3200355679FB04BE5200ADAFB12EF7BB7,6.673143,eyJhbGciOiJIUzI1NiJ9.eyJzIjoiaU5nNjZlaEY4QkdSTmZwY2F0dUk3QSIsImkiOiI1MjI1NzgxMjU3In0.h8JtxUb7qPXymRIwx3o31LwM4QXxzT8zdUSVaSRWXaM,"Gestalte als Consultant Data Science mit uns die Welt der Daten Dein Tag startet mit der Prüfung deines Forecast-Modells, das du gestern mit neuen Einflussfaktoren trainiert hast… Top! Die Genauigkeit konnte noch mal gesteigert werden. Im Stand-Up des Data-Science Teams bringst du deine Kollegen auf den neuesten Stand. Danach steht ein Workshop mit dem Kunden an: Zusammen habt ihr schon ein funktionierendes Prognosemodell auf die Beine gestellt. Du weißt ganz genau, dass man dieses Modell noch …",2025-06-01T05:35:54Z,0,"{'__CLASS__': 'Adzuna::API::Response::Category', 'label': 'Sonstige/Allgemeine Stellen', 'tag': 'other-general-jobs'}",Consultant Data Science (m/w/d),51.295117,Adzuna::API::Response::Job,,,,
5225781008,"{'display_name': 'Rhein-Sieg-Kreis, Nordrhein-Westfalen', 'area': ['Deutschland', 'Nordrhein-Westfalen', 'Rhein-Sieg-Kreis'], '__CLASS__': 'Adzuna::API::Response::Location'}","{'display_name': 'ResMed Germany', '__CLASS__': 'Adzuna::API::Response::Company'}",https://www.adzuna.de/land/ad/5225781008?se=iNg66ehF8BGRNfpcatuI7A&utm_medium=api&utm_source=a4bcf954&v=D0B86C5E4CFDF049B7F88C12F759790DF4792303,,eyJhbGciOiJIUzI1NiJ9.eyJzIjoiaU5nNjZlaEY4QkdSTmZwY2F0dUk3QSIsImkiOiI1MjI1NzgxMDA4In0.z8Iu4btc9_X-RxFCyZDIrAvSK510TlTCDbSu_7B3jZs,"Stellen-ID JR_035091 The MEDIFOX DAN Group, headquartered in Hildesheim, is part of ResMed Corp. and currently employs over 700 people at nine locations across Germany. We are a company with strong values such as team spirit, customer orientation and passion, which works daily on pioneering software solutions and services for digitalization in healthcare and social services and drives innovation. Über adiutaByte adiutaByte ist Teil der MEDIFOXDAN Gruppe und stellt Algorithmenkerne bereit für An…",2025-06-01T05:35:53Z,0,"{'tag': 'other-general-jobs', '__CLASS__': 'Adzuna::API::Response::Category', 'label': 'Sonstige/Allgemeine Stellen'}",Data Science Analyst (m/w/d),,Adzuna::API::Response::Job,,,,
5225764033,"{'__CLASS__': 'Adzuna::API::Response::Location', 'display_name': 'Stuttgart, Baden-Württemberg', 'area': ['Deutschland', 'Baden-Württemberg', 'Stuttgart']}","{'display_name': 'P3 group', '__CLASS__': 'Adzuna::API::Response::Company'}",https://www.adzuna.de/land/ad/5225764033?se=iNg66ehF8BGRNfpcatuI7A&utm_medium=api&utm_source=a4bcf954&v=CD20F7C8B3AD15C25639F3A237A71CE3262DE223,9.187224,eyJhbGciOiJIUzI1NiJ9.eyJzIjoiaU5nNjZlaEY4QkdSTmZwY2F0dUk3QSIsImkiOiI1MjI1NzY0MDMzIn0.ZhyowG4s8_TXtRHfsGg3F9HHRC71WDA68L_KTX1hF7Y,"P3 Group GmbH | online seit: 23.12.2021 P3 entwickelt neue Geschäftsmodelle, erschließt für den Kunden zukünftige Einnahmequellen und begleitet ihn beim Kompetenzaufbau.P3 unterstützt und befähigt Kundenorganisationen zu robusten Strukturen um nachhaltig zu wirtschaften und zukünftig zu wachsen.P3 liefert End-to-End-Lösungen im Bereich Security Consulting und gewährleistet einen nahtlosen Service- und Produkt-Rollout. WHAT YOU'LL DO Du arbeitest im Bereich Datenanalyse, Visualisierung und Data …",2025-06-01T05:22:46Z,0,"{'__CLASS__': 'Adzuna::API::Response::Category', 'label': 'Sonstige/Allgemeine Stellen', 'tag': 'other-general-jobs'}",Consultant Data Science (m/w/d),48.776198,Adzuna::API::Response::Job,,,,
5218712546,"{'display_name': 'Frankfurt am Main, Hessen', 'area': ['Deutschland', 'Hessen', 'Frankfurt am Main'], '__CLASS__': 'Adzuna::API::Response::Location'}","{'display_name': 'Sanofi-Aventis Deutschland GmbH', '__CLASS__': 'Adzuna::API::Response::Company'}",https://www.adzuna.de/land/ad/5218712546?se=iNg66ehF8BGRNfpcatuI7A&utm_medium=api&utm_source=a4bcf954&v=0BB414E0091499605FBBE3A782B49A05390EB49F,8.650578,eyJhbGciOiJIUzI1NiJ9.eyJpIjoiNTIxODcxMjU0NiIsInMiOiJpTmc2NmVoRjhCR1JOZnBjYXR1STdBIn0.Dk8bjML2nGpcTLbHgargczYWzqYoihJbz08704E6Vzk,"Für unseren Entwicklungs-, Produktions- und Fertigungsstandort Frankfurt am Main suchen wir innerhalb der vorlesungsfreien Zeiten eine*n Werkstudent*in im Bereich IT/Data Sciences in Vollzeit (37,5 Stunden/Woche). Ihre Aufgaben Im Rahmen Ihrer Tätigkeit unterstützen Sie, unter Einhaltung geltender Regularien,bei einfachen Labortätigkeiten sowiebei administrativen Arbeiten. Sieunterstützen bei der Datenpflege, indemSie bei der Überprüfung großer biologischer Datensätze helfen und erledigen eigen…",2025-05-27T19:35:50Z,0,"{'__CLASS__': 'Adzuna::API::Response::Category', 'label': 'Unknown', 'tag': 'unknown'}",Werkstudent*in im Bereich IT/Data Sciences - Semesterferien 2025 - Inklusiver Job   ,50.129683,Adzuna::API::Response::Job,,,,
5181672657,"{'area': ['Deutschland', 'Nordrhein-Westfalen', 'Gütersloh (Kreis)', 'Gütersloh'], 'display_name': 'Gütersloh, Gütersloh (Kreis)', '__CLASS__': 'Adzuna::API::Response::Location'}","{'display_name': 'Arvato Systems GmbH', '__CLASS__': 'Adzuna::API::Response::Company'}",https://www.adzuna.de/land/ad/5181672657?se=iNg66ehF8BGRNfpcatuI7A&utm_medium=api&utm_source=a4bcf954&v=78C174AC89E47D83AC6D7D13BF0F52DF6377D32E,8.408252,eyJhbGciOiJIUzI1NiJ9.eyJpIjoiNTE4MTY3MjY1NyIsInMiOiJpTmc2NmVoRjhCR1JOZnBjYXR1STdBIn0.eqVR-QgiQpbCXEi3ib83NlBgJMh895V8n9q0O9bDRzo,"Als international agierender IT-Spezialist und Experte für Künstliche Intelligenz und Multi-Cloud Services unterstützt Arvato Systems namhafte Unternehmen bei der Digitalen Transformation. Rund 3.300 Mitarbeitende an weltweit über 25 Standorten stehen für hohes technisches Verständnis, Branchen-Know-how und einen klaren Fokus auf Kundenbedürfnisse. Als Team entwickeln wir innovative IT-Lösungen, bringen unsere Kunden in die Cloud, integrieren digitale Prozesse und übernehmen den Betrieb sowie d…",2025-05-05T19:22:53Z,0,"{'label': 'IT-Stellen', '__CLASS__': 'Adzuna::API::Response::Category', 'tag': 'it-jobs'}",(Senior) SAP AI Consultant (m/w/d),51.936827,Adzuna::API::Response::Job,,,,
5225791149,"{'area': ['Deutschland'], 'display_name': 'Deutschland', '__CLASS__': 'Adzuna::API::Response::Location'}","{'__CLASS__': 'Adzuna::API::Response::Company', 'display_name': 'LinuxRecruit'}",https://www.adzuna.de/land/ad/5225791149?se=iNg66ehF8BGRNfpcatuI7A&utm_medium=api&utm_source=a4bcf954&v=57C54AF9009466F3847C1B04BE63A99CA8612793,,eyJhbGciOiJIUzI1NiJ9.eyJzIjoiaU5nNjZlaEY4QkdSTmZwY2F0dUk3QSIsImkiOiI1MjI1NzkxMTQ5In0.QH-VF41ctcZ5oCHGVu2nvIvjeTKw-8PkPLDM4l_a4UQ,"If you're passionate about machine learning and data science and ready to lead a team building groundbreaking technology with real-world impact, this role offers a rare opportunity. An innovative software platform is seeking a seasoned leader to oversee its data science function. In this pivotal role, you’ll guide both strategic direction and technical execution of AI initiatives central to the product. The platform helps global enterprises make smarter commercial decisions through predictive i…",2025-06-01T05:57:01Z,0,"{'tag': 'unknown', '__CLASS__': 'Adzuna::API::Response::Category', 'label': 'Unknown'}",Head of Data Science,,Adzuna::API::Response::Job,,,,
5241763545,"{'__CLASS__': 'Adzuna::API::Response::Location', 'display_name': 'Würden, Gummersbach', 'area': ['Deutschland', 'Nordrhein-Westfalen', 'Oberbergischer Kreis', 'Gummersbach', 'Würden']}","{'display_name': 'Schmidt + Clemens GmbH + Co. KG', '__CLASS__': 'Adzuna::API::Response::Company'}",https://www.adzuna.de/land/ad/5241763545?se=iNg66ehF8BGRNfpcatuI7A&utm_medium=api&utm_source=a4bcf954&v=DC91C8A15E6FFA788A354EF1F9649D253BF51022,7.37676,eyJhbGciOiJIUzI1NiJ9.eyJzIjoiaU5nNjZlaEY4QkdSTmZwY2F0dUk3QSIsImkiOiI1MjQxNzYzNTQ1In0.NxFAQK2yBYD6VtMPfKPsCx0yreFVn9CY0FTrIMDqXvc,"Für Weiterdenker und Weiterentwickler Unsere Leidenschaft heißt Edelstahl und wir sind immer auf der Suche nach Menschen, die diese Leidenschaft mit uns teilen möchten. Brennt Ihr Herz auch für die tägliche Herausforderung, individuelle Lösungen für unsere Kunden zu erarbeiten? Dann machen Sie noch heute Ihren großen Wurf und bewerben Sie sich! Kommen Sie in unser Team, wir freuen uns auf Sie! Für den Bereich Technische Informatik suchen wir zum 01.09.2025 DUALE STUDENTEN* DATA SCIENCE & KÜNSTL…",2025-06-09T23:49:05Z,0,"{'label': 'IT-Stellen', '__CLASS__': 'Adzuna::API::Response::Category', 'tag': 'it-jobs'}",Dualer Student* Data Science & künstliche Intelligenz - Bachelor,51.01956,Adzuna::API::Response::Job,full_time,,,
5231508793,"{'area': ['Deutschland', 'Berlin'], 'display_name': 'Berlin, Deutschland', '__CLASS__': 'Adzuna::API::Response::Location'}","{'display_name': 'Sparkassen Rating und Risikosysteme GmbH', '__CLASS__': 'Adzuna::API::Response::Company'}",https://www.adzuna.de/land/ad/5231508793?se=iNg66ehF8BGRNfpcatuI7A&utm_medium=api&utm_source=a4bcf954&v=01D1B373582988AA7B7A2329D39248E93DB969B8,13.420806,eyJhbGciOiJIUzI1NiJ9.eyJzIjoiaU5nNjZlaEY4QkdSTmZwY2F0dUk3QSIsImkiOiI1MjMxNTA4NzkzIn0.RznFhRqjJnC1ce8QLCl7WPcpF6nWQBEDnhtz18nNpwU,"Die Sparkassen Rating und Risikosysteme (SR) ist der zentrale Dienstleister für Verfahren des Risiko­manage­ments in der Sparkassen-Finanzgruppe. Wir unterstützen die Institute mit Standardlösungen in den Bereichen der Risiko­messung und -steuerung, der regulatorischen Banksteuerung sowie im Vertrieb mit Data-Analytics-Lösungen. Gemeinsam mit unseren Partnern bieten wir den Instituten, von der Konzeption der Verfahren, über deren Weiterentwicklung, IT-Umsetzung und Umsetzungsunterstützung, zent…",2025-06-04T01:37:41Z,0,"{'tag': 'other-general-jobs', '__CLASS__': 'Adzuna::API::Response::Category', 'label': 'Sonstige/Allgemeine Stellen'}",Werkstudent (m/w/d) – Risikomanagement | Data Science,52.507706,Adzuna::API::Response::Job,,,,
5206134529,"{'__CLASS__': 'Adzuna::API::Response::Location', 'area': ['Deutschland', 'Thüringen', 'Jena'], 'display_name': 'Jena, Thüringen'}","{'display_name': 'Brunel GmbH', '__CLASS__': 'Adzuna::API::Response::Company'}",https://www.adzuna.de/land/ad/5206134529?se=iNg66ehF8BGRNfpcatuI7A&utm_medium=api&utm_source=a4bcf954&v=A760F202619B3C4955360CFE5DC395551788401B,11.589469,eyJhbGciOiJIUzI1NiJ9.eyJpIjoiNTIwNjEzNDUyOSIsInMiOiJpTmc2NmVoRjhCR1JOZnBjYXR1STdBIn0.zCv5OUr4KNnFjTr1dAMpupv7_kyxc2N414gOt9vR0k4,"Durch unser weltweites Netzwerk können wir Ihnen attraktive Herausforderungen, außergewöhnliche Karriereperspektiven und die ganze Vielfalt des Engineerings und IT bieten. Allein in der DACH-CZ Region verfügen wir über 40 Niederlassungen, zwei Entwicklungszentren und weltweit 120 Standorte mit mehr als 12.000 Mitarbeitern in über 40 Ländern. Mehr als 45 Jahre international erfolgreich und über 25 Jahre in Deutschland. Stillstand bedeutet für uns Rückschritt - für Sie auch? Dann bewerben Sie sic…",2025-05-19T16:20:29Z,0,"{'tag': 'other-general-jobs', 'label': 'Sonstige/Allgemeine Stellen', '__CLASS__': 'Adzuna::API::Response::Category'}",Software Ingenieur Data Science (m/w/d),50.923007,Adzuna::API::Response::Job,,,,
5198975443,"{'__CLASS__': 'Adzuna::API::Response::Location', 'area': ['Deutschland', 'Baden-Württemberg', 'Böblingen (Kreis)', 'Sindelfingen'], 'display_name': 'Sindelfingen, Böblingen (Kreis)'}","{'display_name': 'Mercedes-Benz AG', '__CLASS__': 'Adzuna::API::Response::Company'}",https://www.adzuna.de/land/ad/5198975443?se=iNg66ehF8BGRNfpcatuI7A&utm_medium=api&utm_source=a4bcf954&v=0A54DFC58F3E029E36A0A5520E17455935457994,9.026231,eyJhbGciOiJIUzI1NiJ9.eyJpIjoiNTE5ODk3NTQ0MyIsInMiOiJpTmc2NmVoRjhCR1JOZnBjYXR1STdBIn0.5BsJtoNTnu2s2DJmti1Xi-6i4AdLELRCLavH1uDB6kA,"Life is always about becoming… Im Leben geht es darum, sich auf eine Reise zu begeben, um die beste Version unseres zukünftigen Selbst zu werden. Während wir Neues entdecken, stellen wir uns Herausforderungen, meistern sie und wachsen über uns hinaus. Bewerben Sie sich bei Mercedes-Benz und finden Sie den Aufgabenbereich, in dem Sie Ihre Talente individuell entfalten können. Dabei werden Sie von visionären Kolleginnen und Kollegen unterstützt, die Ihren Pioniergeist teilen. Bei uns einzusteigen…",2025-05-14T22:18:13Z,0,"{'label': 'Sonstige/Allgemeine Stellen', '__CLASS__': 'Adzuna::API::Response::Category', 'tag': 'other-general-jobs'}",Praktikum im Bereich Data Science ab Juli 2025,48.720071,Adzuna::API::Response::Job,,,,
5219667241,"{'area': ['Deutschland', 'Bayern', 'München (Kreis)', 'München', 'Altstadt-Lehel'], 'display_name': 'Altstadt-Lehel, München', '__CLASS__': 'Adzuna::API::Response::Location'}","{'__CLASS__': 'Adzuna::API::Response::Company', 'display_name': 'Technische Universität München '}",https://www.adzuna.de/land/ad/5219667241?se=iNg66ehF8BGRNfpcatuI7A&utm_medium=api&utm_source=a4bcf954&v=40EC2F27474CCBE942D7A1AB60E02B2BB5C05FDA,11.56907,eyJhbGciOiJIUzI1NiJ9.eyJpIjoiNTIxOTY2NzI0MSIsInMiOiJpTmc2NmVoRjhCR1JOZnBjYXR1STdBIn0.6-x2lZZ4ZstQxPO4ktZhwZh8xKt7mo20Q5sF3Sc7Nec,"Munich Data Science Institute (MDSI) Technische Universität MünchenTUM - Logo IT Systems Administrator (m/f/d) at Munich Data Science Institute The Munich Data Science Institute (MDSI) is an integrative research institute at the Technical University of Munich (TUM). It is interdisciplinary and cross-departmental in the fields of data science, machine learning, and artificial intelligence. The institute acts as a facilitator and multiplier of state-of-the-art data science practices, technologies…",2025-05-28T10:19:40Z,0,"{'tag': 'teaching-jobs', 'label': 'Lehrberufe', '__CLASS__': 'Adzuna::API::Response::Category'}",IT Systems Administrator (m/f/d) at Munich Data Science Institute,48.14093,Adzuna::API::Response::Job,,,,
5237776692,"{'area': ['Deutschland', 'Hessen', 'Frankfurt am Main'], 'display_name': 'Frankfurt am Main, Hessen', '__CLASS__': 'Adzuna::API::Response::Location'}","{'display_name': 'Sanofi-Aventis Deutschland GmbH', '__CLASS__': 'Adzuna::API::Response::Company'}",https://www.adzuna.de/land/ad/5237776692?se=iNg66ehF8BGRNfpcatuI7A&utm_medium=api&utm_source=a4bcf954&v=F485F62AA66FD5B2764934CE67D73D224A9A0E69,8.650578,eyJhbGciOiJIUzI1NiJ9.eyJzIjoiaU5nNjZlaEY4QkdSTmZwY2F0dUk3QSIsImkiOiI1MjM3Nzc2NjkyIn0.O1Ui6IiFhtdLgKRPw5YU7Kh2Abl0IB4rw1KsSEDr-Js,"To ensure a rapid processing of your application, please apply only via the ""Apply"" button. Please include a letter of motivation and a current resume with your application. About the job The Head of Global Device Digital & Data Science leads a diverse team of experts responsible for driving digital innovation, digitalization, advanced Analytics, Artificial Intelligence and technical excellence across Sanofi's Global Device Unit. This role is accountable for establishing and implementing strate…",2025-06-07T04:29:27Z,0,"{'label': 'Unknown', '__CLASS__': 'Adzuna::API::Response::Category', 'tag': 'unknown'}",Head Global Device Digital & Data Science - all genders - Inklusiver Job   ,50.129683,Adzuna::API::Response::Job,,,,
5218711812,"{'__CLASS__': 'Adzuna::API::Response::Location', 'area': ['Deutschland', 'Hessen', 'Frankfurt am Main'], 'display_name': 'Frankfurt am Main, Hessen'}","{'display_name': 'Deutsche Bundesbank', '__CLASS__': 'Adzuna::API::Response::Company'}",https://www.adzuna.de/land/ad/5218711812?se=iNg66ehF8BGRNfpcatuI7A&utm_medium=api&utm_source=a4bcf954&v=71809F355E573A03115D3CFD95E9022AEA79DFE4,8.650578,eyJhbGciOiJIUzI1NiJ9.eyJpIjoiNTIxODcxMTgxMiIsInMiOiJpTmc2NmVoRjhCR1JOZnBjYXR1STdBIn0.D_E5fY-Aqb0Ks4sG3vKvSidHJiNM8uzZ73lsunNQgfw,"Unsere Beschäftigten stellen sicher, dass unsere gemeinsame Währung und das europäische Finanzsystem stabil bleiben. Wie ihnen das gelingt? Bei uns haben sie die Zeit, den Freiraum und die Tools, komplexe Finanz- und Wirtschaftsthemen in ihrer Tiefe zu durchdringen und nachhaltige Lösungsvorschläge zu erarbeiten. Sie arbeiten agil, digital und über Grenzen hinweg. In Teams, die keine Vorurteile kennen, sondern gemeinsame Ziele. Werde auch Du Teil von etwas Besonderem und schaffe ein solides Fun…",2025-05-27T19:35:41Z,0,"{'tag': 'unknown', 'label': 'Unknown', '__CLASS__': 'Adzuna::API::Response::Category'}",Praktikum Data Science in der Securities Holdings Statistics Database (SHSDB) - Inklusiver Job   ,50.129683,Adzuna::API::Response::Job,,,,
5225839511,"{'__CLASS__': 'Adzuna::API::Response::Location', 'area': ['Deutschland', 'Baden-Württemberg', 'Böblingen (Kreis)', 'Sindelfingen'], 'display_name': 'Sindelfingen, Böblingen (Kreis)'}","{'__CLASS__': 'Adzuna::API::Response::Company', 'display_name': 'Mercedes-Benz AG'}",https://www.adzuna.de/land/ad/5225839511?se=iNg66ehF8BGRNfpcatuI7A&utm_medium=api&utm_source=a4bcf954&v=BD0FD0B6C0715A0AF372DDD97DDBAA3545C72B77,9.026231,eyJhbGciOiJIUzI1NiJ9.eyJzIjoiaU5nNjZlaEY4QkdSTmZwY2F0dUk3QSIsImkiOiI1MjI1ODM5NTExIn0.JAqqi3PGZ6FGBP7JkAL8WraKAAroxUbBCe8-JQVVF3M,"Life is always about becoming… Im Leben geht es darum, sich auf eine Reise zu begeben, um die beste Version unseres zukünftigen Selbst zu werden. Während wir Neues entdecken, stellen wir uns Herausforderungen, meistern sie und wachsen über uns hinaus. Bewerben Sie sich bei Mercedes-Benz und finden Sie den Aufgabenbereich, in dem Sie Ihre Talente individuell entfalten können. Dabei werden Sie von visionären Kolleginnen und Kollegen unterstützt, die Ihren Pioniergeist teilen. Bei uns einzusteigen…",2025-06-01T07:45:53Z,0,"{'label': 'Sonstige/Allgemeine Stellen', '__CLASS__': 'Adzuna::API::Response::Category', 'tag': 'other-general-jobs'}",Student*in für Abschlussarbeit HV-Technologie & Kontaktierung,48.720071,Adzuna::API::Response::Job,,,,
5236553882,"{'__CLASS__': 'Adzuna::API::Response::Location', 'display_name': 'Beyendorf-Sohlen, Magdeburg', 'area': ['Deutschland', 'Sachsen-Anhalt', 'Magdeburg', 'Beyendorf-Sohlen']}","{'display_name': 'Otto-von-Guericke-Universität Magdeburg', '__CLASS__': 'Adzuna::API::Response::Company'}",https://www.adzuna.de/land/ad/5236553882?se=iNg66ehF8BGRNfpcatuI7A&utm_medium=api&utm_source=a4bcf954&v=17BDBA3A5D6FA3C4A306BE804A22CD6F632054FE,11.63306,eyJhbGciOiJIUzI1NiJ9.eyJzIjoiaU5nNjZlaEY4QkdSTmZwY2F0dUk3QSIsImkiOiI1MjM2NTUzODgyIn0.MQnG-Dl4geSwvJeREMVXSyyW-B9RCUxhiDxEJramRt4,"Bioinformatiker (m/w/d) – Institut für Medical Data Science Die Medizinische Fakultät ist integraler Bestandteil der Otto-von-Guericke-Universität Magdeburg und wirkt mit dem Universitätsklinikum Magdeburg A.ö.R. in Forschung, Lehre und Krankenversorgung zusammen. Das Forschungsprofil der Fakultät wird durch die beiden Schwerpunkte „Immunologie einschließlich Molekulare Medizin der Entzündung“ und „Neuro­wissenschaften“ geprägt. Pro Jahr werden ca. 185 Studierende der Humanmedizin und ca. 20 St…",2025-06-06T19:05:21Z,0,"{'label': 'Sonstige/Allgemeine Stellen', '__CLASS__': 'Adzuna::API::Response::Category', 'tag': 'other-general-jobs'}",Bioinformatiker (m/w/d) – Institut für Medical Data Science,52.05737,Adzuna::API::Response::Job,,,,
5219391563,"{'display_name': 'Ulm, Baden-Württemberg', 'area': ['Deutschland', 'Baden-Württemberg', 'Ulm'], '__CLASS__': 'Adzuna::API::Response::Location'}","{'__CLASS__': 'Adzuna::API::Response::Company', 'display_name': 'Mercedes-Benz Tech Innovation'}",https://www.adzuna.de/land/ad/5219391563?se=iNg66ehF8BGRNfpcatuI7A&utm_medium=api&utm_source=a4bcf954&v=C5E81C9848CB63FFC488BC5B754D7B354B744FD2,9.856945,eyJhbGciOiJIUzI1NiJ9.eyJzIjoiaU5nNjZlaEY4QkdSTmZwY2F0dUk3QSIsImkiOiI1MjE5MzkxNTYzIn0.T7FETIakwX3xcQV9ddFcRhyAQk5VWf7_dANNL-5XDPk,"Life is always about becoming… Im Leben geht es darum, sich auf eine Reise zu begeben, um die beste Version unseres zukünftigen Selbst zu werden. Während wir Neues entdecken, stellen wir uns Herausforderungen, meistern sie und wachsen über uns hinaus. Bewerben Sie sich bei Mercedes-Benz und finden Sie den Aufgabenbereich, in dem Sie Ihre Talente individuell entfalten können. Dabei werden Sie von visionären Kolleginnen und Kollegen unterstützt, die Ihren Pioniergeist teilen. Bei uns einzusteigen…",2025-05-28T05:22:02Z,0,"{'tag': 'other-general-jobs', 'label': 'Sonstige/Allgemeine Stellen', '__CLASS__': 'Adzuna::API::Response::Category'}",Werkstudent Data Science im Bereich Fahrzeugdiagnose (m/w/d),48.383137,Adzuna::API::Response::Job,,,,
5219363932,"{'__CLASS__': 'Adzuna::API::Response::Location', 'display_name': 'Stuttgart, Baden-Württemberg', 'area': ['Deutschland', 'Baden-Württemberg', 'Stuttgart']}","{'display_name': 'Mercedes-Benz Tech Innovation', '__CLASS__': 'Adzuna::API::Response::Company'}",https://www.adzuna.de/land/ad/5219363932?se=iNg66ehF8BGRNfpcatuI7A&utm_medium=api&utm_source=a4bcf954&v=7FEED09D549EB9238E10E7D91E0EB366D1D352D8,9.187224,eyJhbGciOiJIUzI1NiJ9.eyJzIjoiaU5nNjZlaEY4QkdSTmZwY2F0dUk3QSIsImkiOiI1MjE5MzYzOTMyIn0.QfHboTnGQOLSnnLwg70xPt0XehR4kNmGZV8ftLfNB-s,"Life is always about becoming… Im Leben geht es darum, sich auf eine Reise zu begeben, um die beste Version unseres zukünftigen Selbst zu werden. Während wir Neues entdecken, stellen wir uns Herausforderungen, meistern sie und wachsen über uns hinaus. Bewerben Sie sich bei Mercedes-Benz und finden Sie den Aufgabenbereich, in dem Sie Ihre Talente individuell entfalten können. Dabei werden Sie von visionären Kolleginnen und Kollegen unterstützt, die Ihren Pioniergeist teilen. Bei uns einzusteigen…",2025-05-28T04:59:31Z,0,"{'tag': 'other-general-jobs', '__CLASS__': 'Adzuna::API::Response::Category', 'label': 'Sonstige/Allgemeine Stellen'}",Werkstudent Data Science im Bereich Fahrzeugdiagnose (m/w/d),48.776198,Adzuna::API::Response::Job,,,,
5170846328,"{'__CLASS__': 'Adzuna::API::Response::Location', 'area': ['Deutschland', 'Berlin'], 'display_name': 'Berlin, Deutschland'}","{'__CLASS__': 'Adzuna::API::Response::Company', 'display_name': 'KPMG AG Wirtschaftsprüfungsgesellschaft'}",https://www.adzuna.de/land/ad/5170846328?se=iNg66ehF8BGRNfpcatuI7A&utm_medium=api&utm_source=a4bcf954&v=A493E31C796DC246794ABC050B613D314E13B554,13.420806,eyJhbGciOiJIUzI1NiJ9.eyJzIjoiaU5nNjZlaEY4QkdSTmZwY2F0dUk3QSIsImkiOiI1MTcwODQ2MzI4In0.PU8lVf3ewxovsRcRDWf5CMF7fjiGz5jQI2mBMV0I7HA,"Begleite KPMG bei den zukünftigen Herausforderungen unserer Kunden und Kundinnen. Begeistere auch Du Dich für die Vielfalt unserer Fragestellungen - und mach gemeinsam mit uns den Unterschied. Gemeinsam mit Deinem Team aus dem Bereich Lighthouse Germany, dem Center of Data Strategy & Governance , bist Du Teil eines internationalen Netzwerkes von technologischen Spezialisten und Spezialistinnen. Bündle das Fachwissen von KPMG zu betriebswirtschaftlichen und regulatorischen Themenstellungen sowie…",2025-04-30T19:18:05Z,0,"{'tag': 'consultancy-jobs', 'label': 'Beraterstellen', '__CLASS__': 'Adzuna::API::Response::Category'}",(Senior) Consultant Data Strategy & Governance (w/m/d),52.507706,Adzuna::API::Response::Job,,,,
5208184649,"{'area': ['Deutschland'], 'display_name': 'Deutschland', '__CLASS__': 'Adzuna::API::Response::Location'}","{'__CLASS__': 'Adzuna::API::Response::Company', 'display_name': 'PURVIEW'}",https://www.adzuna.de/land/ad/5208184649?se=iNg66ehF8BGRNfpcatuI7A&utm_medium=api&utm_source=a4bcf954&v=2DB691FD415060EECEA8FA192FB1192855380393,,eyJhbGciOiJIUzI1NiJ9.eyJzIjoiaU5nNjZlaEY4QkdSTmZwY2F0dUk3QSIsImkiOiI1MjA4MTg0NjQ5In0.1joKWgXCVr1z9mipge6CP5wXQ5D3wqtRVeXq7Ny80lU,Role: Project Lead in Data Science & AI Location: Germany – Remote Job Type: Contract Mandatory: proficient in Germany (Minimum C1) We are currently looking for a qualified person to take on the role of Project Lead in the area of Data Science & AI. This role is central to the further development of our end-to-end AI solutions. Experience in the development of AI Chains - Proven experience in creating stand-alone AI and AI Chains implemented as end-to-end solutions Role knowledge - Experience i…,2025-05-20T23:34:08Z,0,"{'__CLASS__': 'Adzuna::API::Response::Category', 'label': 'Unknown', 'tag': 'unknown'}",Project Lead in Data Science & AI,,Adzuna::API::Response::Job,,,,
5220147423,"{'__CLASS__': 'Adzuna::API::Response::Location', 'area': ['Deutschland', 'Bayern', 'München (Kreis)', 'München', 'Hadern'], 'display_name': 'Hadern, München'}","{'display_name': 'Klinikum der Universität München Großhadern', '__CLASS__': 'Adzuna::API::Response::Company'}",https://www.adzuna.de/land/ad/5220147423?se=iNg66ehF8BGRNfpcatuI7A&utm_medium=api&utm_source=a4bcf954&v=AAF70B51E94DA50273B04478D1849EE15D09AB25,11.49009,eyJhbGciOiJIUzI1NiJ9.eyJpIjoiNTIyMDE0NzQyMyIsInMiOiJpTmc2NmVoRjhCR1JOZnBjYXR1STdBIn0.NMXgmw3aYVzVGk7m5Q-jtPQn9Qx1SWGUiOtMDgj9ffw,"The department Klinik und Poliklinik für Psychiatrie und Psychotherapie on the Campus Innenstadt invites applications for the area Social Neuroscience on the 01.07.2025, in full time, for a Postdoctoral Researcher Position in Social Cognitive Neuroscience, Psychology, or Data Science (m/f/d) Klinik und Poliklinik für Psychiatrie und Psychotherapie Scope of duties Conduct and support interdisciplinary research at the intersection of cognitive neuroscience, psychology, and portable technology Sup…",2025-05-28T18:20:51Z,0,"{'__CLASS__': 'Adzuna::API::Response::Category', 'label': 'Lehrberufe', 'tag': 'teaching-jobs'}","Postdoctoral Researcher Position in Social Cognitive Neuroscience, Psychology, or Data Science (m/f/d)",48.11313,Adzuna::API::Response::Job,,,,
5225777265,"{'__CLASS__': 'Adzuna::API::Response::Location', 'display_name': 'Frankfurt am Main, Hessen', 'area': ['Deutschland', 'Hessen', 'Frankfurt am Main']}","{'__CLASS__': 'Adzuna::API::Response::Company', 'display_name': 'statworx'}",https://www.adzuna.de/land/ad/5225777265?se=iNg66ehF8BGRNfpcatuI7A&utm_medium=api&utm_source=a4bcf954&v=7F5B5B6DF4BDC5EA293DAE0FD57F35D1AB102573,8.650578,eyJhbGciOiJIUzI1NiJ9.eyJpIjoiNTIyNTc3NzI2NSIsInMiOiJpTmc2NmVoRjhCR1JOZnBjYXR1STdBIn0.5-ebysPuOAhsP_jtrjsY8An5a1wjN4KV_4GGBjJhYpA,"Deine Aufgaben Als Teil unserer Projektteams wirst du generative KI- & NLP-Lösungen entwerfen und regelmäßig engen Kontakt zu unseren Kunden und verschiedenen Stakeholdern haben Du agierst als Entwickler:in und beschäftigst dich mit verschiedenen NLP Use Cases wie z.B. Knowledge Management mit Retrieval Augmented Chatbots oder Fine-Tuning von Sprachmodellen Du implementierst robuste, erweiterbare und leistungsstarke ML-Pipelines auf verschiedenen Infrastrukturen (z.B. Azure) gemäß aktuellen Bes…",2025-06-01T05:30:24Z,0,"{'label': 'Sonstige/Allgemeine Stellen', '__CLASS__': 'Adzuna::API::Response::Category', 'tag': 'other-general-jobs'}",Trainee Data Science (w/m/d) – Fokus NLP,50.129683,Adzuna::API::Response::Job,,,,
5225781168,"{'area': ['Deutschland', 'Bayern', 'München (Kreis)', 'München'], 'display_name': 'München, München (Kreis)', '__CLASS__': 'Adzuna::API::Response::Location'}","{'display_name': 'verovis', '__CLASS__': 'Adzuna::API::Response::Company'}",https://www.adzuna.de/land/ad/5225781168?se=iNg66ehF8BGRNfpcatuI7A&utm_medium=api&utm_source=a4bcf954&v=0AA6ECB44228003C47C65465AD1BF6D9212F9E22,11.555737,eyJhbGciOiJIUzI1NiJ9.eyJpIjoiNTIyNTc4MTE2OCIsInMiOiJpTmc2NmVoRjhCR1JOZnBjYXR1STdBIn0.3vm9YC3A_0QrVAY5ovVhKiSl3RDuFpaJHFVvBS5xT7c,"Die Zukunft im Fokus. Nimm Deine Zukunft in die Hand. Jobs werden häufig an verschiedenen Standorten mehrfach besetzt und Du kannst flexibel jeden Monat beginnen. Deine Aufgaben Als Consultant*in im Bereich Data Science/Analytics & AI analysierst du Geschäftsprozesse und erarbeitest datengetriebene Lösungsansätze für unsere Kunden. Du übernimmst Projektverantwortung, bist kommunikativ stark und hast ein gutes Gespür für Menschen. Als Consultant*in sind Big Data, AI und Machine-Learning-Pipeline…",2025-06-01T05:35:54Z,0,"{'tag': 'other-general-jobs', '__CLASS__': 'Adzuna::API::Response::Category', 'label': 'Sonstige/Allgemeine Stellen'}",Consultant im Bereich Data Science/Analytics & AI (all genders),48.137418,Adzuna::API::Response::Job,,,,
5225778060,"{'area': ['Deutschland', 'Hessen', 'Wiesbaden (Kreis)', 'Wiesbaden'], 'display_name': 'Wiesbaden, Wiesbaden (Kreis)', '__CLASS__': 'Adzuna::API::Response::Location'}","{'display_name': 'R+V Allgemeine Versicherung', '__CLASS__': 'Adzuna::API::Response::Company'}",https://www.adzuna.de/land/ad/5225778060?se=iNg66ehF8BGRNfpcatuI7A&utm_medium=api&utm_source=a4bcf954&v=863D36F658B55D4F56B6ABBA72994F3298E09A5A,8.23838,eyJhbGciOiJIUzI1NiJ9.eyJpIjoiNTIyNTc3ODA2MCIsInMiOiJpTmc2NmVoRjhCR1JOZnBjYXR1STdBIn0.7rt6PI3flbBDBq1qL2civD5L5HlAES0NR1bKyfTfZPQ,"ID: 31003 Aufgaben In dieser Position analysieren Sie Daten, die als Grundlage für künftige Entscheidungen herangezogen werden: Dabei entwickeln Sie maßgeschneiderte Reporting-Lösungen, erstellen Kennzahlen und bedienen weitere quantitative Steuerungsinstrumente Sie wählen geeignete Methoden aus den Bereichen Data Analytics und KI aus und evaluieren verschiedene Modelle hinsichtlich ihrer Effektivität Sie analysieren Unternehmensdaten nach Trends und Mustern und helfen bei der Optimierung von G…",2025-06-01T05:30:29Z,0,"{'label': 'Sonstige/Allgemeine Stellen', '__CLASS__': 'Adzuna::API::Response::Category', 'tag': 'other-general-jobs'}",Business Analyst (m/w/d) Datenmanagement & Data Science,50.08407,Adzuna::API::Response::Job,,,,
5225777955,"{'__CLASS__': 'Adzuna::API::Response::Location', 'area': ['Deutschland', 'Bayern', 'München (Kreis)', 'München'], 'display_name': 'München, München (Kreis)'}","{'display_name': 'IT4IPM', '__CLASS__': 'Adzuna::API::Response::Company'}",https://www.adzuna.de/land/ad/5225777955?se=iNg66ehF8BGRNfpcatuI7A&utm_medium=api&utm_source=a4bcf954&v=2F4ED29D4ADDDCE2304FABA2F0338ED2BC8E17E4,11.555737,eyJhbGciOiJIUzI1NiJ9.eyJzIjoiaU5nNjZlaEY4QkdSTmZwY2F0dUk3QSIsImkiOiI1MjI1Nzc3OTU1In0.ACl-Rx99ckURGFR3Kzlkpl7tD-tYm2cXkl1AluysZpU,"Deine Aufgaben Du analysierst interne Prozesse, um unsere Automatisierung mit KI zu verbessern. Du analysierst und bereitest Daten vor, um Machine-Learning-Modelle zu erstellen. Du entwickelst und evaluierst Machine-Learning-Modelle (einschließlich LLMs). Du integrierst KI-Anwendungen in Produktionsservices. Du wartest und überwachst Services in der Produktion. Deine Qualifikationen Du hast ein erfolgreich abgeschlossenes Studium der Informatik oder Vergleichbares. Du hast Erfahrung in professi…",2025-06-01T05:30:29Z,0,"{'label': 'Sonstige/Allgemeine Stellen', '__CLASS__': 'Adzuna::API::Response::Category', 'tag': 'other-general-jobs'}",Software Engineer mit Data Science Background (m/w/d),48.137418,Adzuna::API::Response::Job,,,,
5223672666,"{'__CLASS__': 'Adzuna::API::Response::Location', 'area': ['Deutschland', 'Baden-Württemberg', 'Böblingen (Kreis)', 'Sindelfingen'], 'display_name': 'Sindelfingen, Böblingen (Kreis)'}","{'display_name': 'Mercedes-Benz AG', '__CLASS__': 'Adzuna::API::Response::Company'}",https://www.adzuna.de/land/ad/5223672666?se=iNg66ehF8BGRNfpcatuI7A&utm_medium=api&utm_source=a4bcf954&v=DE0BFEE7CFA9E40DF2808962E150FF8BFF3663A7,9.026231,eyJhbGciOiJIUzI1NiJ9.eyJpIjoiNTIyMzY3MjY2NiIsInMiOiJpTmc2NmVoRjhCR1JOZnBjYXR1STdBIn0.it0sesXMcLWyUUnrX2eZDDR7a6AYue-Sy1mTXGitkls,"Life is always about becoming… Im Leben geht es darum, sich auf eine Reise zu begeben, um die beste Version unseres zukünftigen Selbst zu werden. Während wir Neues entdecken, stellen wir uns Herausforderungen, meistern sie und wachsen über uns hinaus. Bewerben Sie sich bei Mercedes-Benz und finden Sie den Aufgabenbereich, in dem Sie Ihre Talente individuell entfalten können. Dabei werden Sie von visionären Kolleginnen und Kollegen unterstützt, die Ihren Pioniergeist teilen. Bei uns einzusteigen…",2025-05-30T19:48:08Z,0,"{'label': 'Stellen aus Fertigung', '__CLASS__': 'Adzuna::API::Response::Category', 'tag': 'manufacturing-jobs'}",Praktikant*in Produktionsplanung,48.720071,Adzuna::API::Response::Job,,,,
5237352945,"{'area': ['Deutschland', 'Baden-Württemberg', 'Sigmaringen (Kreis)', 'Pfullendorf'], 'display_name': 'Pfullendorf, Sigmaringen (Kreis)', '__CLASS__': 'Adzuna::API::Response::Location'}","{'display_name': 'Geberit', '__CLASS__': 'Adzuna::API::Response::Company'}",https://www.adzuna.de/land/ad/5237352945?se=iNg66ehF8BGRNfpcatuI7A&utm_medium=api&utm_source=a4bcf954&v=FBDDEF20B3D93333754199613A2986E3097F27C8,9.25397,eyJhbGciOiJIUzI1NiJ9.eyJpIjoiNTIzNzM1Mjk0NSIsInMiOiJpTmc2NmVoRjhCR1JOZnBjYXR1STdBIn0.CfBsc_ETxjHqPzXX39dDZ1VWIjUvFQQ6-N3dljawBXA,"ZIEL DER POSITION Du möchtest die digitale Zukunft mitgestalten und Daten in wertvolle Erkenntnisse verwandeln? Dann starte dein duales Studium im Bereich Data Science & Künstliche Intelligenz (B.Sc.) an der DHBW – und verbinde Theorie mit spannender Praxis in unserem Unternehmen! HAUPTAUFGABEN​ : Du absolvierst Dein dreijähriges duales Studium mit Theoriephasen an der DHBW Ravensburg und Praxisphasen bei Geberit. : Du lernst, wie man große Datenmengen erfasst, analysiert, verarbeitet und visua…",2025-06-07T01:28:05Z,0,"{'label': 'IT-Stellen', '__CLASS__': 'Adzuna::API::Response::Category', 'tag': 'it-jobs'}",Bachelor of Science DHBW Data Science & Künstliche Intelligenz (m/w/d),47.92595,Adzuna::API::Response::Job,full_time,,,
5240885709,"{'__CLASS__': 'Adzuna::API::Response::Location', 'area': ['Deutschland', 'Baden-Württemberg', 'Ulm', 'Donaustetten'], 'display_name': 'Donaustetten, Ulm'}","{'display_name': 'Wieland-Gruppe', '__CLASS__': 'Adzuna::API::Response::Company'}",https://www.adzuna.de/land/ad/5240885709?se=iNg66ehF8BGRNfpcatuI7A&utm_medium=api&utm_source=a4bcf954&v=6FFF1031408DEA301640E10392C10348C9B0C00E,9.93259,eyJhbGciOiJIUzI1NiJ9.eyJpIjoiNTI0MDg4NTcwOSIsInMiOiJpTmc2NmVoRjhCR1JOZnBjYXR1STdBIn0.dXgI2PSGyQItmCq2VRfF2vQcDiwf1zUexEYIHdY7M_c,"BACHELOR DATA SCIENCE & KI (M/W/D) – DUALES STUDIUM Wieland-Werke AG | Ulm, Vöhringen | Studienbeginn 1. Oktober 2026 Kennziffer 2025-0067 POTENZIALE FREISETZEN. Kupfer verbindet die Welt - in Technologien wie der E-Mobilität, der Energie- und Datenübertragung, der Kälte- und Klimatechnik, der Digitalisierung, dem Internet of Things. Überrasche uns durch dein frisches Denken, mit neuen Impulsen und gestalte die Welt von morgen. Entdecke dabei zahlreiche Möglichkeiten, deine Potenziale freizuset…",2025-06-09T07:32:59Z,0,"{'tag': 'it-jobs', '__CLASS__': 'Adzuna::API::Response::Category', 'label': 'IT-Stellen'}",Bachelor Data Science & KI (m/w/d) – Duales Studium,48.32854,Adzuna::API::Response::Job,full_time,,,
5229516354,"{'display_name': 'Hamburg, Deutschland', 'area': ['Deutschland', 'Hamburg'], '__CLASS__': 'Adzuna::API::Response::Location'}","{'display_name': 'Hamburger Hochbahn AG', '__CLASS__': 'Adzuna::API::Response::Company'}",https://www.adzuna.de/land/ad/5229516354?se=iNg66ehF8BGRNfpcatuI7A&utm_medium=api&utm_source=a4bcf954&v=DFBE1A8EF99512EF5EE60F1CA4FE40A3B3A9CAC1,9.987297,eyJhbGciOiJIUzI1NiJ9.eyJzIjoiaU5nNjZlaEY4QkdSTmZwY2F0dUk3QSIsImkiOiI1MjI5NTE2MzU0In0.c2XG9eUDRkda2J6lwlMCZ1I-nvyl-sl5lmd7OeTmHrc,"In unseren Bussen und Bahnen bringen wir jeden Tag über eine Million Menschen an ihr Ziel. Und wir bewegen noch mehr: für Hamburg, für die Zukunft und für alle, die bei uns arbeiten. Werkstudent Data Science, Schwerpunkt E-Mobility (m/w/d) Du – deine Rolle bei uns Für unser Team Systemkonzepte & Data Analytics im Fachbereich Managementsysteme Bus suchen wir Verstärkung mit Know-how Data Science. Als Werkstudent*in wirst du wichtige Analysen erstellen und unterschiedliche Daten visualisieren, um…",2025-06-03T00:45:26Z,0,"{'__CLASS__': 'Adzuna::API::Response::Category', 'label': 'Sonstige/Allgemeine Stellen', 'tag': 'other-general-jobs'}","Werkstudent Data Science, Schwerpunkt E-Mobility (m/w/d)",53.557429,Adzuna::API::Response::Job,,,,
5196437459,"{'area': ['Deutschland', 'Baden-Württemberg', 'Ortenaukreis', 'Offenburg'], 'display_name': 'Offenburg, Ortenaukreis', '__CLASS__': 'Adzuna::API::Response::Location'}","{'display_name': 'Markant Gruppe', '__CLASS__': 'Adzuna::API::Response::Company'}",https://www.adzuna.de/land/ad/5196437459?se=iNg66ehF8BGRNfpcatuI7A&utm_medium=api&utm_source=a4bcf954&v=F9EEA70ED26AC6CA9B3590233112BDBFE8DFC6DC,7.94837,eyJhbGciOiJIUzI1NiJ9.eyJzIjoiaU5nNjZlaEY4QkdSTmZwY2F0dUk3QSIsImkiOiI1MTk2NDM3NDU5In0.7-MLSd3U_1tINWV_Hqi4xV-vI46JefPwTAo9Yp92A44,"Die Markant Gruppe ist eines der grössten Dienstleistungsunternehmen in Europa für Handels- und Industriepartner aus dem Food- und Nonfood-Bereich. Unser breites Lösungsportfolio reicht von der Vereinfachung von Datenströmen und Zahlungsabwicklungen über exklusive Finanz- und Versicherungs-Services bis hin zu modernsten Marktforschungstools. Dahinter steckt die Idee: Kunden im operativen Tagesgeschäft zu entlasten, damit sie sich auf ihr Kerngeschäft konzentrieren können. Was noch dahintersteck…",2025-05-13T16:26:05Z,0,"{'tag': 'other-general-jobs', 'label': 'Sonstige/Allgemeine Stellen', '__CLASS__': 'Adzuna::API::Response::Category'}",Business Analyst (m/w/d) - im Team Data Science Solutions,48.42392,Adzuna::API::Response::Job,,,,
5203145773,"{'display_name': 'Eschborn, Main-Taunus-Kreis', 'area': ['Deutschland', 'Hessen', 'Main-Taunus-Kreis', 'Eschborn'], '__CLASS__': 'Adzuna::API::Response::Location'}","{'__CLASS__': 'Adzuna::API::Response::Company', 'display_name': 'Techem Energy Services GmbH'}",https://www.adzuna.de/land/ad/5203145773?se=iNg66ehF8BGRNfpcatuI7A&utm_medium=api&utm_source=a4bcf954&v=C45F5401DA948B10B4B91E52DCD5E12D47F41189,8.56908,eyJhbGciOiJIUzI1NiJ9.eyJzIjoiaU5nNjZlaEY4QkdSTmZwY2F0dUk3QSIsImkiOiI1MjAzMTQ1NzczIn0.ivOgwU5rTd45AGW7Xt5dK7OLneLO8XKNY3glrInvqYY,"Wer die Welt retten will, braucht dafür vor allem eins: die richtige Unterstützung und ein starkes Team. Können wir auf Deine Energie, Expertise und Leidenschaft zählen? Hast Du den Willen, wirklich etwas zu verändern – für Deine Karriere und das Klima? Dann bist Du bei uns genau richtig. Wir sorgen gemeinsam für die digitale Energiewende in Gebäuden. Als ein führender Servicepartner für smarte und nachhaltige Gebäude bieten wir Effizienzsteigerung entlang der gesamten Wertschöpfungskette von W…",2025-05-17T10:20:49Z,0,"{'label': 'Sonstige/Allgemeine Stellen', '__CLASS__': 'Adzuna::API::Response::Category', 'tag': 'other-general-jobs'}",Energiemanager Data Science Voll- o. Teilzeit (m/w/d),50.14334,Adzuna::API::Response::Job,,,,
5235257368,"{'__CLASS__': 'Adzuna::API::Response::Location', 'area': ['Deutschland', 'Baden-Württemberg', 'Ulm', 'Donaustetten'], 'display_name': 'Donaustetten, Ulm'}","{'__CLASS__': 'Adzuna::API::Response::Company', 'display_name': 'Wieland-Gruppe'}",https://www.adzuna.de/land/ad/5235257368?se=iNg66ehF8BGRNfpcatuI7A&utm_medium=api&utm_source=a4bcf954&v=F829EC7457D020D217BE741D08EB579B4C458AA9,9.93259,eyJhbGciOiJIUzI1NiJ9.eyJpIjoiNTIzNTI1NzM2OCIsInMiOiJpTmc2NmVoRjhCR1JOZnBjYXR1STdBIn0.DHyTZ2aTtrRqnji2h0rqrbEuSaYzB_1nPVJJla00gF8,"Bachelor Data Science & KI (m/w/d) – Duales Studium Wieland-Werke AG | Ulm, Vöhringen | Studienbeginn 1. Oktober 2026 Kennziffer 2025-0067 Potenziale freisetzen. Kupfer verbindet die Welt - in Technologien wie der E-Mobilität, der Energie- und Datenübertragung, der Kälte- und Klimatechnik, der Digitalisierung, dem Internet of Things. Überrasche uns durch dein frisches Denken, mit neuen Impulsen und gestalte die Welt von morgen. Entdecke dabei zahlreiche Möglichkeiten, deine Potenziale freizuset…",2025-06-05T23:32:16Z,0,"{'tag': 'unknown', '__CLASS__': 'Adzuna::API::Response::Category', 'label': 'Unknown'}",Bachelor Data Science & KI (m/w/d) – Duales Studium,48.32854,Adzuna::API::Response::Job,,,,
5208522655,"{'display_name': 'Salzgitter, Niedersachsen', 'area': ['Deutschland', 'Niedersachsen', 'Salzgitter'], '__CLASS__': 'Adzuna::API::Response::Location'}","{'display_name': 'Bosch Gruppe', '__CLASS__': 'Adzuna::API::Response::Company'}",https://www.adzuna.de/land/ad/5208522655?se=iNg66ehF8BGRNfpcatuI7A&utm_medium=api&utm_source=a4bcf954&v=0EBAF284EAD5199E83CF0393CC6F7335370F3B3E,10.373516,eyJhbGciOiJIUzI1NiJ9.eyJpIjoiNTIwODUyMjY1NSIsInMiOiJpTmc2NmVoRjhCR1JOZnBjYXR1STdBIn0.8UMw4gKzIps0zPw2x0Tb9tu6H1hI_5to-o_wL2GyeNM,"Möchten Sie Ihre Ideen in nutzbringende und sinnvolle Technologien verwandeln? Ob im Bereich Mobility Solutions, Consumer Goods, Industrial Technology oder Energy and Building Technology - mit uns verbessern Sie die Lebensqualität der Menschen auf der ganzen Welt. Willkommen bei Bosch. Die Robert Bosch Elektronik GmbH freut sich auf Ihre Bewerbung! Anstellungsart: Befristet Arbeitszeit: Vollzeit Arbeitsort: Salzgitter Aufgaben Du suchst ein Praktikum in einem dynamischen Fertigungsbereich der E…",2025-05-21T07:34:45Z,0,"{'__CLASS__': 'Adzuna::API::Response::Category', 'label': 'Stellen aus Fertigung', 'tag': 'manufacturing-jobs'}","Pflichtpraktikum im Bereich ""Final Assembly""",52.120502,Adzuna::API::Response::Job,,,,
5189795236,"{'__CLASS__': 'Adzuna::API::Response::Location', 'display_name': 'Ulm, Baden-Württemberg', 'area': ['Deutschland', 'Baden-Württemberg', 'Ulm']}","{'display_name': 'AltaSigma', '__CLASS__': 'Adzuna::API::Response::Company'}",https://www.adzuna.de/land/ad/5189795236?se=iNg66ehF8BGRNfpcatuI7A&utm_medium=api&utm_source=a4bcf954&v=F8F1D6CE75858B60C5C3B15D9CB68251C89991E6,9.856945,eyJhbGciOiJIUzI1NiJ9.eyJpIjoiNTE4OTc5NTIzNiIsInMiOiJpTmc2NmVoRjhCR1JOZnBjYXR1STdBIn0.lOsybZM4x3Xmer7VWYlnLl8aBc6SO6BZ--Nzf3t8BY4,"AltaSigma ist ein innovatives deutsches KI-Unternehmen mit der Mission, Künstliche Intelligenz für alle Organisationen schnell, sicher und wertstiftend nutzbar zu machen. Unsere KI-Plattform bildet das Fundament – unsere Professional Services machen den Unterschied. Genau hier kommst Du ins Spiel: Als Teamleiter Data Science übernimmst Du die inhaltliche und methodische Führung anspruchsvoller Kundenprojekte, entwickelst mit Deinem Team innovative Lösungen und treibst so nicht nur die Erfolgsge…",2025-05-09T07:24:27Z,0,"{'__CLASS__': 'Adzuna::API::Response::Category', 'label': 'IT-Stellen', 'tag': 'it-jobs'}",Teamleiter Data Science (m/w/d),48.383137,Adzuna::API::Response::Job,,,,
5218713222,"{'__CLASS__': 'Adzuna::API::Response::Location', 'display_name': 'Ingelheim am Rhein, Mainz-Bingen (Kreis)', 'area': ['Deutschland', 'Rheinland-Pfalz', 'Mainz-Bingen (Kreis)', 'Ingelheim am Rhein']}","{'display_name': 'Boehringer Ingelheim', '__CLASS__': 'Adzuna::API::Response::Company'}",https://www.adzuna.de/land/ad/5218713222?se=iNg66ehF8BGRNfpcatuI7A&utm_medium=api&utm_source=a4bcf954&v=6F80F8DDF68053EF49298BBFC7D1901D37F849DB,8.06555,eyJhbGciOiJIUzI1NiJ9.eyJzIjoiaU5nNjZlaEY4QkdSTmZwY2F0dUk3QSIsImkiOiI1MjE4NzEzMjIyIn0.53rTRnInxp4olFr6korbPo_VWYzMkRAffhuCaPN0KQM,"Die Stelle Bewirb Dich jetzt für den Start im September 2026! Du findest Informatik in Kombination mit Künstlicher Intelligenz spannend und interessierst dich für Machine Learning? Du interessierst Dich für Datenmengen - Verarbeitung und Entwicklung von Verfahren der Künstlichen Intelligenz? Dann sind diese guten Voraussetzungen für ein Duales Studium in Data Science und Künstliche Intelligenz. Bei uns hast du die Möglichkeit dein Wissen, das du an der Dualen Hochschule Mannheim erwirbst, in ve…",2025-05-27T19:36:01Z,0,"{'tag': 'unknown', '__CLASS__': 'Adzuna::API::Response::Category', 'label': 'Unknown'}",Duales Studium B. Sc. Data Science und Künstliche Intelligenz in Ingelheim 2026 - Inklusiver Job   ,49.97586,Adzuna::API::Response::Job,,,,
5225780892,"{'__CLASS__': 'Adzuna::API::Response::Location', 'area': ['Deutschland', 'Baden-Württemberg', 'Stuttgart'], 'display_name': 'Stuttgart, Baden-Württemberg'}","{'__CLASS__': 'Adzuna::API::Response::Company', 'display_name': 'msg for banking'}",https://www.adzuna.de/land/ad/5225780892?se=iNg66ehF8BGRNfpcatuI7A&utm_medium=api&utm_source=a4bcf954&v=E2F805630E1FE2A5D135186C39BEC10A5A095436,9.187224,eyJhbGciOiJIUzI1NiJ9.eyJpIjoiNTIyNTc4MDg5MiIsInMiOiJpTmc2NmVoRjhCR1JOZnBjYXR1STdBIn0.NomExn_B0MzaNXFSb9ltld6lIyrkC-Tk0L9Og-B872I,"Für den Standort: Berlin, Frankfurt, Hannover, Karlsruhe, Köln, München, Münster, Nürnberg, Stuttgart Wir sind die msg for banking ag – mehr als 600 kluge Köpfe, die mit Fachexpertise, IT-​Kompetenz und Leidenschaft namhafte Kunden der Finanzdienstleistungsbranche unterstützen und mit einem passgenauen Leistungsangebot bei der digitalen Transformation begleiten. Wir möchten Menschen gewinnen und begeistern, mit denen wir unsere langfristigen Ziele erreichen und das sich ändernde Geschäft stetig…",2025-06-01T05:35:52Z,0,"{'tag': 'other-general-jobs', 'label': 'Sonstige/Allgemeine Stellen', '__CLASS__': 'Adzuna::API::Response::Category'}",Consultant Data Science & Business Intelligence / Banking (m/w/d),48.776198,Adzuna::API::Response::Job,,,,
5207046392,"{'area': ['Deutschland'], 'display_name': 'Deutschland', '__CLASS__': 'Adzuna::API::Response::Location'}","{'__CLASS__': 'Adzuna::API::Response::Company', 'display_name': 'Endress+Hauser SE+Co. KG'}",https://www.adzuna.de/land/ad/5207046392?se=iNg66ehF8BGRNfpcatuI7A&utm_medium=api&utm_source=a4bcf954&v=2580557DF065B0EA51D72E600D47AD93934501A2,,eyJhbGciOiJIUzI1NiJ9.eyJzIjoiaU5nNjZlaEY4QkdSTmZwY2F0dUk3QSIsImkiOiI1MjA3MDQ2MzkyIn0.KiwkrKTBXYkSjJEwGzV1FzRjoKU-055uWXhRcWUOHD0,"EndressHauser ist ein international führender Anbieter von Messgeräten, Dienstleistungen und Lösungen für die industrielle Verfahrenstechnik. Auch mit weltweit über 17.000 Mitarbeitenden sind wir ein Familienunternehmen geblieben und stolz auf unser herzliches Arbeitsklima. So verbindet die Mitarbeit bei uns immer zwei Seiten: die technische plus die menschliche. Das Ergebnis: ein Mehr an Zufriedenheit. Jeden Tag. Aufgaben Praktikum oder Abschlussarbeit für das Wintersemester 2025/2026 Begeiste…",2025-05-20T07:35:46Z,0,"{'__CLASS__': 'Adzuna::API::Response::Category', 'label': 'Beraterstellen', 'tag': 'consultancy-jobs'}",Praktikum oder Abschlussarbeit Betriebsmittelentwicklung (w/m/d),,Adzuna::API::Response::Job,,,,
5056972875,"{'display_name': 'Nürnberg, Bayern', 'area': ['Deutschland', 'Bayern', 'Nürnberg'], '__CLASS__': 'Adzuna::API::Response::Location'}","{'__CLASS__': 'Adzuna::API::Response::Company', 'display_name': 'Datev eG'}",https://www.adzuna.de/land/ad/5056972875?se=iNg66ehF8BGRNfpcatuI7A&utm_medium=api&utm_source=a4bcf954&v=848509D12B5A8119105C74F684400F4396860FA8,11.083642,eyJhbGciOiJIUzI1NiJ9.eyJzIjoiaU5nNjZlaEY4QkdSTmZwY2F0dUk3QSIsImkiOiI1MDU2OTcyODc1In0.8NC5_6MlqvU855atyM77qjvEKpmZm7ShDRlbXXLUBYM,Das ist das Arbeitsumfeld: Gemeinsam mit rund 200 Auszubildenden und dual Studierenden meisterst du die abwechslungsreichen und anspruchsvollen Aufgaben und bist von Beginn an in ein Team eingebunden. Kompetente Ausbilderinnen und Ausbilder stehen dir mit Rat und Tat zur Seite und unterstützen dich bei deiner fachlichen und persönlichen Entwicklung. Nach erfolgreichem Abschluss darfst du dich auf eine Übernahme von mind. einem Jahr freuen. Zum 01.09. starten wir in einen gemeinsamen Orientierun…,2025-02-20T02:20:59Z,0,"{'__CLASS__': 'Adzuna::API::Response::Category', 'label': 'IT-Stellen', 'tag': 'it-jobs'}","Duales Studium Bachelor of Science in Data Science und Künstlicher Intelligenz (m/w/d), ab 09/2025",49.443967,Adzuna::API::Response::Job,full_time,,,
5228935135,"{'__CLASS__': 'Adzuna::API::Response::Location', 'area': ['Deutschland', 'Bremen'], 'display_name': 'Bremen, Deutschland'}","{'display_name': 'ATLAS ELEKTRONIK GmbH', '__CLASS__': 'Adzuna::API::Response::Company'}",https://www.adzuna.de/land/ad/5228935135?se=iNg66ehF8BGRNfpcatuI7A&utm_medium=api&utm_source=a4bcf954&v=335C39A0E860B3E938DFD4F01184C463E58DADFB,8.786477,eyJhbGciOiJIUzI1NiJ9.eyJzIjoiaU5nNjZlaEY4QkdSTmZwY2F0dUk3QSIsImkiOiI1MjI4OTM1MTM1In0.Hgi7i2oklH20mAgN6Q7LzZ5FFRbbv4WD_Wm_kOPv1Uk,"ATLAS ELEKTRONIK ist ein Unternehmen der thyssenkrupp AG und steht für maritime Sicherheit. Seit Jahrzehnten unterstützen wir als führendes Systemhaus für maritime Elektronik Marinen auf der ganzen Welt, die See sicherer zu machen. Unseren Kunden bieten wir ein breites Angebot u. a. an Sonaren und Sensoren, Führungssystemen für unbemannte Unterwasserfahrzeuge, U-Boote und Überwasserschiffe, Minenabwehrsystemen sowie Funk- und Kommunikationsanlage. Aufgaben Architekturentwurf: Entwicklung eines …",2025-06-02T19:45:06Z,0,"{'tag': 'unknown', '__CLASS__': 'Adzuna::API::Response::Category', 'label': 'Unknown'}",Masterarbeit Entwicklung eines Autoencoders für präzise Seeboden-Rekonstruktion (m/w/d),53.10403,Adzuna::API::Response::Job,,,,
5239831278,"{'area': ['Deutschland'], 'display_name': 'Deutschland', '__CLASS__': 'Adzuna::API::Response::Location'}","{'display_name': ""Ernsting's family"", '__CLASS__': 'Adzuna::API::Response::Company'}",https://www.adzuna.de/land/ad/5239831278?se=iNg66ehF8BGRNfpcatuI7A&utm_medium=api&utm_source=a4bcf954&v=05568CCE277D8AEFF9EF6F7B882C873661D44237,,eyJhbGciOiJIUzI1NiJ9.eyJzIjoiaU5nNjZlaEY4QkdSTmZwY2F0dUk3QSIsImkiOiI1MjM5ODMxMjc4In0.VPSaFpESc4EcjoTIoCXUzMYVl_zgdnmklyYiSUUn7l4,"Du bist Analytiker, Gestalter und hast Lust etwas zu bewegen? Dann bist Du bei uns genau richtig. Unser BI & Analytics Team stellt mit Hilfe von Algorithmen maßgeschneiderte Lösungen bereit, damit Entscheidungen zukunftsorientiert getroffen werden können. Als Partner auf Augenhöhe in den Bereichen Reporting und Analysen wird hier die Zukunft mitgestaltet! Für unsere Unternehmenszentrale in Coesfeld-Lette (bei Münster) suchen wir einen Senior Data Scientist mit Schwerpunkt Ökonometrie/ Predictiv…",2025-06-08T09:03:33Z,0,"{'__CLASS__': 'Adzuna::API::Response::Category', 'label': 'Stellen aus Kreation & Design', 'tag': 'creative-design-jobs'}",Senior Data Scientist mit Schwerpunkt Ökonometrie/ Predictive Analytics (gn*),,Adzuna::API::Response::Job,,,,
5213810468,"{'__CLASS__': 'Adzuna::API::Response::Location', 'area': ['Deutschland', 'Nordrhein-Westfalen', 'Düsseldorf'], 'display_name': 'Düsseldorf, Nordrhein-Westfalen'}","{'display_name': 'Stepstone GmbH', '__CLASS__': 'Adzuna::API::Response::Company'}",https://www.adzuna.de/land/ad/5213810468?se=iNg66ehF8BGRNfpcatuI7A&utm_medium=api&utm_source=a4bcf954&v=99E30EDE4F4D5990F691931F73BEDCA11F5D81BD,6.808387,eyJhbGciOiJIUzI1NiJ9.eyJzIjoiaU5nNjZlaEY4QkdSTmZwY2F0dUk3QSIsImkiOiI1MjEzODEwNDY4In0.EqI-wJxj-vy1XStcGSm4kg2yFbVPcSL2k0AYGPCQYbg,"At The Stepstone Group, we have a simple yet very important mission: The right job for everyone. Using our data, platform, and technology, we create opportunities for jobseekers and companies around the world to find a perfect match in fair and equitable way. With over 20 brands across 30 countries, we strive for fair and unbiased hiring. Join our team of 4,000 employees and be part of reshaping the labour market and becoming the world's leading job platform. Aufgaben We are looking for a Senio…",2025-05-24T07:35:29Z,0,"{'label': 'Stellen aus Wissenschaft & Qualitätssicherung', '__CLASS__': 'Adzuna::API::Response::Category', 'tag': 'scientific-qa-jobs'}",Senior Data Analyst (m/f/d) Commercial,51.226802,Adzuna::API::Response::Job,,,,
5207042235,"{'__CLASS__': 'Adzuna::API::Response::Location', 'area': ['Deutschland', 'Bayern', 'Erlangen-Höchstadt (Kreis)', 'Herzogenaurach'], 'display_name': 'Herzogenaurach, Erlangen-Höchstadt (Kreis)'}","{'display_name': 'Schaeffler Technologies AG & Co. KG', '__CLASS__': 'Adzuna::API::Response::Company'}",https://www.adzuna.de/land/ad/5207042235?se=iNg66ehF8BGRNfpcatuI7A&utm_medium=api&utm_source=a4bcf954&v=25C378CE833917931AE9A13F708545DA60ADACF9,10.88109,eyJhbGciOiJIUzI1NiJ9.eyJzIjoiaU5nNjZlaEY4QkdSTmZwY2F0dUk3QSIsImkiOiI1MjA3MDQyMjM1In0.JxCWmjbjVydorhAsbuJb_wMmry5lyFBAa6DGKUvHjrc,"Schaeffler - das ist die Faszination eines internationalen Technologie-Konzerns, verbunden mit der Kultur eines Familienunternehmens. Als Partner aller bedeutenden Automobilhersteller sowie zahlreicher Kunden im Industriebereich bieten wir Ihnen viel Raum für Ihre persönliche Entfaltung. Grundvoraussetzung für die Erstellung einer Abschlussarbeit ist der Nachweis der Immatrikulation. Diese Stelle ist ab sofort zu besetzen. Aufgaben Mitarbeit bei Spezifikation der notwendigen Daten für die GenAI…",2025-05-20T07:32:46Z,0,"{'label': 'Unknown', '__CLASS__': 'Adzuna::API::Response::Category', 'tag': 'unknown'}",Abschlussarbeit zum Thema Generative KI und Datenmanagement in der Fabrikplanung (m/w/d),49.56892,Adzuna::API::Response::Job,,,,
5241457938,"{'area': ['Deutschland', 'Niedersachsen', 'Oldenburg (Kreis)', 'Oldenburg'], 'display_name': 'Oldenburg, Oldenburg (Kreis)', '__CLASS__': 'Adzuna::API::Response::Location'}","{'display_name': 'Jade Hochschule Wilhelmshaven/Oldenburg/Elsfleth', '__CLASS__': 'Adzuna::API::Response::Company'}",https://www.adzuna.de/land/ad/5241457938?se=iNg66ehF8BGRNfpcatuI7A&utm_medium=api&utm_source=a4bcf954&v=09AC98DACAF4B4CFF6F2A1E63D58BEE20BD83EDE,8.218802,eyJhbGciOiJIUzI1NiJ9.eyJzIjoiaU5nNjZlaEY4QkdSTmZwY2F0dUk3QSIsImkiOiI1MjQxNDU3OTM4In0.6kWUuIbq5BkwdMSs25RORd-unuVM4IMRHOHsse4bqOQ,"„Besser Studieren“ ist das gelebte Motto der Jade Hochschule. In über 60 innovativen Studiengängen an den Studienorten Wilhelms­haven, Oldenburg und Elsfleth bilden wir über 6.000 Studierende wissenschaftlich und praxisnah aus. Über 170 Professorinnen und Professoren sowie ca. 400 Mitarbeitende engagieren sich im Sinne des Leitbildes unserer Hochschule: innovativ, kompetent, kooperativ, vielfältig und zugewandt. Die Gewinnung qualifizierter Beschäftigter ist dabei eine zentrale Voraussetzung fü…",2025-06-09T20:04:32Z,0,"{'__CLASS__': 'Adzuna::API::Response::Category', 'label': 'Stellen aus Wissenschaft & Qualitätssicherung', 'tag': 'scientific-qa-jobs'}",Wissenschaftliche_r Mitarbeiter_in (w/m/d) im Projekt EIKO‑Bau („Effiziente Systeme und KI‑basierte Methoden zur Optimierung von Beschleunigungspotenzialen in der Vorhaben­zulassung“),53.147169,Adzuna::API::Response::Job,,,,
5225777251,"{'area': ['Deutschland', 'Nordrhein-Westfalen', 'Bonn'], 'display_name': 'Bonn, Nordrhein-Westfalen', '__CLASS__': 'Adzuna::API::Response::Location'}","{'display_name': 'Deutsche Telekom', '__CLASS__': 'Adzuna::API::Response::Company'}",https://www.adzuna.de/land/ad/5225777251?se=iNg66ehF8BGRNfpcatuI7A&utm_medium=api&utm_source=a4bcf954&v=2449F03D9C9CDF52184173E61457D67B38F0A8C9,7.112412,eyJhbGciOiJIUzI1NiJ9.eyJpIjoiNTIyNTc3NzI1MSIsInMiOiJpTmc2NmVoRjhCR1JOZnBjYXR1STdBIn0.NnViaeEkIkiatrE96wesw8hBHBGn8k-iH0hLqQSWrdE,"Zusätzliche Benefits: Garantierte Zielposition: Unsere Trainees erhalten, von Anfang an, einen unbefristeten Arbeitsvertrag. Besonderes Onboarding Programm: Du erhältst eine Woche umfangreiches Onboarding einschließlich Networking für einen optimalen Programmstart. Community als ein wichtiges Element: Die Trainee Community ist eng vernetzt und es finden regelmäßige Events statt, um die Teamzugehörigkeit zu stärken. Stärke dein Netzwerk: Du gestaltest dein Programm individuell. Wir unterstützen …",2025-06-01T05:30:24Z,0,"{'tag': 'other-general-jobs', '__CLASS__': 'Adzuna::API::Response::Category', 'label': 'Sonstige/Allgemeine Stellen'}",Trainee Focus Data Science - Board Area Germany (m/w/d),50.71942,Adzuna::API::Response::Job,,,,
4984497449,"{'__CLASS__': 'Adzuna::API::Response::Location', 'display_name': 'Böblingen, Böblingen (Kreis)', 'area': ['Deutschland', 'Baden-Württemberg', 'Böblingen (Kreis)', 'Böblingen']}","{'display_name': 'AP Sensing GmbH', '__CLASS__': 'Adzuna::API::Response::Company'}",https://www.adzuna.de/land/ad/4984497449?se=sFy66uhF8BGU26HwdC_7Eg&utm_medium=api&utm_source=a4bcf954&v=1C2F3A59E3AAAF3B4D3E3B5629FDB5A5FF5C3C67,,eyJhbGciOiJIUzI1NiJ9.eyJzIjoic0Z5NjZ1aEY4QkdVMjZId2RDXzdFZyIsImkiOiI0OTg0NDk3NDQ5In0.a8Lol0tmgiMKRq__fGDNYAAI84agLiZAlTdQY_ykb_E,"WIR SIND ERNEUT AUSGEZEICHNET ALS TOP ARBEITGEBER 2025! Bei AP Sensing setzen wir eine Erfolgsgeschichte fort, die in der Garage von Bill Hewlett und Dave Packard begann. Als unabhängiges HP-Spin-off verbinden wir über 40 Jahre technologische Expertise mit echter Innovationsleidenschaft. Gemeinsam machen wir Infrastruktur smarter, schützen Menschen und tragen zur Sicherheit unseres Planeten bei. Unsere Leidenschaft gilt der faseroptischen Sensortechnologie – und bei ihrer Weiterentwicklung zähl…",2024-12-20T14:32:05Z,0,"{'tag': 'scientific-qa-jobs', 'label': 'Stellen aus Wissenschaft & Qualitätssicherung', '__CLASS__': 'Adzuna::API::Response::Category'}",Lead Data Scientist (m/w/d),,Adzuna::API::Response::Job,,,,
5185080629,"{'area': ['Deutschland', 'Bayern', 'München (Kreis)', 'München', 'Altstadt-Lehel'], 'display_name': 'Altstadt-Lehel, München', '__CLASS__': 'Adzuna::API::Response::Location'}","{'__CLASS__': 'Adzuna::API::Response::Company', 'display_name': 'Bayerische Landesbank'}",https://www.adzuna.de/land/ad/5185080629?se=sFy66uhF8BGU26HwdC_7Eg&utm_medium=api&utm_source=a4bcf954&v=7CB47C65BE7AF9A2FAB285F34DB0213AAA1C9D4F,11.56907,eyJhbGciOiJIUzI1NiJ9.eyJpIjoiNTE4NTA4MDYyOSIsInMiOiJzRnk2NnVoRjhCR1UyNkh3ZENfN0VnIn0.zeEWSYEy-4OjS-a6SelPjZZtJfTOghyULKEBd3uq_dg,"Wir alle haben als Kinder davon geträumt, Großes zu bewirken ob als gute Feen, Stars im Rampenlicht oder Weltraumreisende im All. Höchste Zeit, dass diese Träume wahr werden! Dein Traumschiff? Die BayernLB! Bei uns steuern wir einer blühenden Zukunft entgegen und kämpfen als Fortschrittsfinanzierer für die Welt von morgen. Unsere Feenflügel und Raumanzüge haben wir abgelegt. Nicht aber unsere Ziele. Denen sind wir näher denn je. Als Spezialbank fokussieren wir uns auf ausgesuchte Zukunftssektor…",2025-05-07T13:28:21Z,0,"{'label': 'Stellen für Hochschulabsolventen', 'tag': 'graduate-jobs', '__CLASS__': 'Adzuna::API::Response::Category'}",Hochschule München: Duales Studium Data Science und Scientific Computing (B.Sc.) 2025,48.14093,Adzuna::API::Response::Job,,,,
5176622857,"{'__CLASS__': 'Adzuna::API::Response::Location', 'area': ['Deutschland', 'Bayern', 'München (Kreis)', 'München'], 'display_name': 'München, München (Kreis)'}","{'display_name': 'BMW Group', '__CLASS__': 'Adzuna::API::Response::Company'}",https://www.adzuna.de/land/ad/5176622857?se=sFy66uhF8BGU26HwdC_7Eg&utm_medium=api&utm_source=a4bcf954&v=374FD051856C709825C57AA14AB20EBC41618D9D,11.555737,eyJhbGciOiJIUzI1NiJ9.eyJpIjoiNTE3NjYyMjg1NyIsInMiOiJzRnk2NnVoRjhCR1UyNkh3ZENfN0VnIn0.-7FdDD_HK_PE1K_hdQxWdrDBlxpr7oleD2PhtPMuzpg,"DIE ZUKUNFT IST, WAS DU DARAUS MACHST. BMW GROUP STIPENDIATENPROGRAMM FASTLANE. Stipendiat Fastlane Programm (w/m/x). Stellenreferenz: 156953 Aufgaben Du arbeitest in unseren engagierten Teams an innovativen und nachhaltigen Technologien, die die Zukunft der Mobilität gestalten. Du sammelst Praxiserfahrungen in Zukunftsbereichen wie Data Analytics, Cloud Technologies, Cyber Security, Automatisiertes Fahren, Elektromobilität oder Smart Production. Dabei erhältst du Einblicke in spannende Projekt…",2025-05-02T19:16:59Z,0,"{'tag': 'unknown', 'label': 'Unknown', '__CLASS__': 'Adzuna::API::Response::Category'}",Stipendiat Fastlane Programm (w/m/x) Future Mobility,48.137418,Adzuna::API::Response::Job,,,,
5203160770,"{'area': ['Deutschland', 'Baden-Württemberg', 'Stuttgart'], 'display_name': 'Stuttgart, Baden-Württemberg', '__CLASS__': 'Adzuna::API::Response::Location'}","{'display_name': 'Mercedes-Benz AG', '__CLASS__': 'Adzuna::API::Response::Company'}",https://www.adzuna.de/land/ad/5203160770?se=sFy66uhF8BGU26HwdC_7Eg&utm_medium=api&utm_source=a4bcf954&v=6BC2C94AD053FB3E0B1A2597D556E05D656D3BA4,9.187224,eyJhbGciOiJIUzI1NiJ9.eyJpIjoiNTIwMzE2MDc3MCIsInMiOiJzRnk2NnVoRjhCR1UyNkh3ZENfN0VnIn0.xGk4lJhpZ0o2Aapsvjz23M4FKTurTIK8C65AmqfuL3c,"Life is always about becoming… Im Leben geht es darum, sich auf eine Reise zu begeben, um die beste Version unseres zukünftigen Selbst zu werden. Während wir Neues entdecken, stellen wir uns Herausforderungen, meistern sie und wachsen über uns hinaus. Bewerben Sie sich bei Mercedes-Benz und finden Sie den Aufgabenbereich, in dem Sie Ihre Talente individuell entfalten können. Dabei werden Sie von visionären Kolleginnen und Kollegen unterstützt, die Ihren Pioniergeist teilen. Bei uns einzusteigen…",2025-05-17T10:26:28Z,0,"{'__CLASS__': 'Adzuna::API::Response::Category', 'label': 'Sonstige/Allgemeine Stellen', 'tag': 'other-general-jobs'}",Pflicht-Praktikum im Bereich Marketing & Sales- Data Science & Analytik ab Juli 2025,48.776198,Adzuna::API::Response::Job,,,,
5196440045,"{'__CLASS__': 'Adzuna::API::Response::Location', 'area': ['Deutschland', 'Nordrhein-Westfalen', 'Köln', 'Altstadt-Süd'], 'display_name': 'Altstadt-Süd, Köln'}","{'display_name': 'Meyerthole Siems Kohlruss Ges. für aktuarielle Beratung mbH', '__CLASS__': 'Adzuna::API::Response::Company'}",https://www.adzuna.de/land/ad/5196440045?se=sFy66uhF8BGU26HwdC_7Eg&utm_medium=api&utm_source=a4bcf954&v=F3DC9D4FE8472A1B057B54B3603AD14A26F5A5D9,6.9594,eyJhbGciOiJIUzI1NiJ9.eyJpIjoiNTE5NjQ0MDA0NSIsInMiOiJzRnk2NnVoRjhCR1UyNkh3ZENfN0VnIn0.eNzobLmR7uwCqW7KrmRPDiOt50B6Q3M_V-6vSWfp-tk,"Meyerthole Siems Kohlruss (MSK) ist eine aktuarielle Beratungsgesellschaft mit Sitz in Köln und seit 1998 im deutschsprachigen Raum für Schaden- und Unfallversicherer tätig. Unsere Schwerpunkte liegen auf abwechslungsreichen Aufgaben aus den Bereichen Data Science, Telematik, Pricing, Naturgefahren, Bilanzbewertung, Rückversicherung und Solvency II. Zu unseren Mandaten zählen mehr als 80 Versicherer und Rückversicherer sowie InsurTechs. Kreativität und Teamarbeit haben einen hohen Stellenwert b…",2025-05-13T16:29:00Z,0,"{'label': 'Sonstige/Allgemeine Stellen', 'tag': 'other-general-jobs', '__CLASS__': 'Adzuna::API::Response::Category'}",Mathematiker/Aktuar (d/m/w) Data Science/Pricing/Risikomanagement/Solvency II,50.93355,Adzuna::API::Response::Job,,,,
5207691151,"{'__CLASS__': 'Adzuna::API::Response::Location', 'display_name': 'Stuttgart, Baden-Württemberg', 'area': ['Deutschland', 'Baden-Württemberg', 'Stuttgart']}","{'display_name': 'NVBW - Nahverkehrsgesellschaft Baden-Württemberg mbH', '__CLASS__': 'Adzuna::API::Response::Company'}",https://www.adzuna.de/land/ad/5207691151?se=sFy66uhF8BGU26HwdC_7Eg&utm_medium=api&utm_source=a4bcf954&v=31939BE2E21C4DCEED4CB46BE8B8EA1A9A558136,9.187224,eyJhbGciOiJIUzI1NiJ9.eyJzIjoic0Z5NjZ1aEY4QkdVMjZId2RDXzdFZyIsImkiOiI1MjA3NjkxMTUxIn0.kvpfwozIs1Cg4sXw3Ru6KDJNmWrCQfgoQEHizKwVhcc,"Die NVBW – Nahverkehrsgesellschaft Baden-Württemberg mbH unterstützt das Ministerium für Verkehr Baden-Württemberg dabei, das Land zum Wegbereiter einer modernen und nachhaltigen Mobilität der Zukunft zu machen. Um dieser Herausforderung gewachsen zu sein, beschäftigen wir Expertinnen und Experten in den Bereichen Angebotsplanung und Infrastrukturentwicklung, Recht, Marketing/Erlöse/Vertrieb, Projekt- und Qualitätsmanagement sowie Neue und Digitale Mobilität. Kommen Sie zu uns und gestalten Sie…",2025-05-20T19:34:07Z,0,"{'__CLASS__': 'Adzuna::API::Response::Category', 'label': 'Unknown', 'tag': 'unknown'}",Werkstudent:in (m/w/d) im Team Förderprogramme / Standardisierte Bewertung / Finanzcontrolling,48.776198,Adzuna::API::Response::Job,,,,
5220848298,"{'area': ['Deutschland'], 'display_name': 'Deutschland', '__CLASS__': 'Adzuna::API::Response::Location'}","{'__CLASS__': 'Adzuna::API::Response::Company', 'display_name': 'Horváth'}",https://www.adzuna.de/land/ad/5220848298?se=sFy66uhF8BGU26HwdC_7Eg&utm_medium=api&utm_source=a4bcf954&v=FB41CF4DC95E40ED33DD6B75B0D240873738767D,,eyJhbGciOiJIUzI1NiJ9.eyJpIjoiNTIyMDg0ODI5OCIsInMiOiJzRnk2NnVoRjhCR1UyNkh3ZENfN0VnIn0.qB9sqfunrz8Fo340TgUXQrnJHOJqe9mdU9gSnz06rOI,"Als unabhängige, internationale Managementberatung begegnen wir täglich spannenden Aufgaben und Kunden. Durch individuelle Stärken und Talente sowie umfassende Expertise wachsen wir über uns hinaus. Wir nehmen Herausforderungen an – als Team auf Augenhöhe. Freundschaftlich und mit Humor. Successfully together! That's Horváth. Praktikum. Weiter gedacht. Du bist nicht nur Teil unseres Teams, sondern startest auch direkt inhaltlich in unseren anspruchsvollen Entwicklungsprojekten und Lösungen im S…",2025-05-28T23:30:13Z,0,"{'tag': 'other-general-jobs', 'label': 'Sonstige/Allgemeine Stellen', '__CLASS__': 'Adzuna::API::Response::Category'}",Praktikum als Fellow Consultant (w/m/d) Steering Lab - Schwerpunkt Data Science,,Adzuna::API::Response::Job,,,,
5219267189,"{'__CLASS__': 'Adzuna::API::Response::Location', 'area': ['Deutschland', 'Bayern', 'München (Kreis)', 'München', 'Altstadt-Lehel'], 'display_name': 'Altstadt-Lehel, München'}","{'display_name': 'Technische Universität München ', '__CLASS__': 'Adzuna::API::Response::Company'}",https://www.adzuna.de/land/ad/5219267189?se=sFy66uhF8BGU26HwdC_7Eg&utm_medium=api&utm_source=a4bcf954&v=1CD0C460EB4916EF54EFCB064056402D33A9D244,11.56907,eyJhbGciOiJIUzI1NiJ9.eyJpIjoiNTIxOTI2NzE4OSIsInMiOiJzRnk2NnVoRjhCR1UyNkh3ZENfN0VnIn0.3bHNKgQt9JnCwNCuk4zM01hpYoF-Cb5wPv53xlBzbA4,"Munich Data Science Institute (MDSI) Technische Universität MünchenTUM - Logo IT-Systemadministrator (m/w/d) am Munich Data Science Institute Das Munich Data Science Institute (MDSI) ist ein Integratives Forschungsinstitut an der Technischen Universität München (TUM). Es ist interdisziplinär und fachbereichsübergreifend in den Bereichen Data Science, Maschinelles Lernen und Künstliche Intelligenz ausgerichtet. Das Institut fungiert als Vermittler und Multiplikator modernster Data- Science-Prakt…",2025-05-28T02:28:39Z,0,"{'__CLASS__': 'Adzuna::API::Response::Category', 'label': 'Technikerstellen', 'tag': 'engineering-jobs'}",IT-Systemadministrator (m/w/d) am Munich Data Science Institute,48.14093,Adzuna::API::Response::Job,,,,
5236979252,"{'__CLASS__': 'Adzuna::API::Response::Location', 'display_name': 'Innenstadt, Bochum', 'area': ['Deutschland', 'Nordrhein-Westfalen', 'Bochum', 'Innenstadt']}","{'__CLASS__': 'Adzuna::API::Response::Company', 'display_name': 'Ruhr-Universität Bochum'}",https://www.adzuna.de/land/ad/5236979252?se=sFy66uhF8BGU26HwdC_7Eg&utm_medium=api&utm_source=a4bcf954&v=456109C4716B60CDACEC9DAE59252559F50E46F1,7.22121,eyJhbGciOiJIUzI1NiJ9.eyJzIjoic0Z5NjZ1aEY4QkdVMjZId2RDXzdFZyIsImkiOiI1MjM2OTc5MjUyIn0.vag3B4Rh-ZhZuXxbgu7tP3t0I-2kpWhkW-gldAbaH3Y,In der Fakultät für Mathematik der RUB ist zum nächstmöglichen Zeitpunkt eine Universitätsprofessur W3 m/w/d für Mathematische Statistik und Data Science zu besetzen (vorzeitige Nachfolge Prof. Holger Dette). Die der zukünftige Stelleninhaber in soll in Forschung und Lehre das Fachgebiet Mathematische Statistik und Data Science vertreten. Bewerber innen sollen sowohl in Forschung als auch in Lehre hervorragend qualifiziert sein. Ihr international sichtbares Forschungsprofil soll dabei vorhanden…,2025-06-06T23:16:42Z,0,"{'__CLASS__': 'Adzuna::API::Response::Category', 'label': 'Stellen aus Wissenschaft & Qualitätssicherung', 'tag': 'scientific-qa-jobs'}",Universitätsprofessur W3 (m/w/d) für Mathematische Statistik und Data Science,51.48218,Adzuna::API::Response::Job,,,,
5221182461,"{'display_name': 'Ettlingen, Karlsruhe (Kreis)', 'area': ['Deutschland', 'Baden-Württemberg', 'Karlsruhe (Kreis)', 'Ettlingen'], '__CLASS__': 'Adzuna::API::Response::Location'}","{'display_name': 'VIVAVIS AG', '__CLASS__': 'Adzuna::API::Response::Company'}",https://www.adzuna.de/land/ad/5221182461?se=sFy66uhF8BGU26HwdC_7Eg&utm_medium=api&utm_source=a4bcf954&v=D6F5C5161B2AD73C891099CCFA64CD9F528A7295,8.40934,eyJhbGciOiJIUzI1NiJ9.eyJpIjoiNTIyMTE4MjQ2MSIsInMiOiJzRnk2NnVoRjhCR1UyNkh3ZENfN0VnIn0.cedjBSLLT4Z_doj9xOFOkiHzZpcrUq_hlENplbEYgNE,"Wir übernehmen Verantwortung für das nachhaltige Management von Energie und Wasser und leisten damit unseren Beitrag zur Energiewende. Durch Data Science machen wir Daten zu nutzbaren Informationen und helfen unseren Kunden, neue zukunftsfähige Geschäftsfelder in der Energiebranche zu erschließen. Der Geschäftsbereich Digital Platform Services konzentriert sich auf den Aufbau eines IT Service- und Cybersecurity-Portfolios sowie die Entwicklung und Bereitstellung einer sicheren digitalen Plattfo…",2025-05-29T07:49:20Z,0,"{'__CLASS__': 'Adzuna::API::Response::Category', 'tag': 'it-jobs', 'label': 'IT-Stellen'}",Lead Architect – IT Platform (m/w/d),48.943,Adzuna::API::Response::Job,,,,
5241454254,"{'__CLASS__': 'Adzuna::API::Response::Location', 'display_name': 'München, München (Kreis)', 'area': ['Deutschland', 'Bayern', 'München (Kreis)', 'München']}","{'display_name': 'MAN Truck & Bus Group', '__CLASS__': 'Adzuna::API::Response::Company'}",https://www.adzuna.de/land/ad/5241454254?se=sFy66uhF8BGU26HwdC_7Eg&utm_medium=api&utm_source=a4bcf954&v=F1CE20848C53B5BD4F9004D591925C5AA02EE2BE,11.555737,eyJhbGciOiJIUzI1NiJ9.eyJpIjoiNTI0MTQ1NDI1NCIsInMiOiJzRnk2NnVoRjhCR1UyNkh3ZENfN0VnIn0.t8-F_eivmd84RmE7JfXtTZB2UHWckvSLQyklit0N9GE,"Zu besetzen ab: 01.09.2025 Dein Arbeitsumfeld Wir bei MAN Truck & Bus sind Teil eines starken internationalen Teams und einer der führenden europäischen Nutzfahrzeughersteller und Anbieter von Transportlösungen. Zusammen mit den Marken Scania, Volkswagen Truck & Bus und International gehören wir zur TRATON GROUP. Als Teil dieses Verbundes stehen wir vor großen Herausforderungen: Unsere Fahrzeuge werden immer autonomer und vernetzter, um emissionsärmer unterwegs zu sein. Dafür arbeiten wir an na…",2025-06-09T20:04:04Z,0,"{'__CLASS__': 'Adzuna::API::Response::Category', 'label': 'Unknown', 'tag': 'unknown'}",Thesisverfasser im Bereich Flottenanalyse Nutzung elektrische Fahrzeuge (w/m/d),48.137418,Adzuna::API::Response::Job,,,,
5169955957,"{'display_name': 'Hamburg, Deutschland', 'area': ['Deutschland', 'Hamburg'], '__CLASS__': 'Adzuna::API::Response::Location'}","{'display_name': 'CHECK24', '__CLASS__': 'Adzuna::API::Response::Company'}",https://www.adzuna.de/land/ad/5169955957?se=sFy66uhF8BGU26HwdC_7Eg&utm_medium=api&utm_source=a4bcf954&v=E677514D6EDD1617B44BF920A497677AD1112E70,9.987297,eyJhbGciOiJIUzI1NiJ9.eyJzIjoic0Z5NjZ1aEY4QkdVMjZId2RDXzdFZyIsImkiOiI1MTY5OTU1OTU3In0.H54sqOoqj82n6YnSEnOW4ek-GEn8c_foMMfcY3Jdid8,"Du brennst für Data Science, Machine Learning und Large Language Models und möchtest Dein Wissen in die Praxis umsetzen? Dann bist Du bei CHECK24 genau richtig! In unserer internen BI- und Data-Science-Community arbeiten wir standortübergreifend zusammen, um das bestmögliche Kundenerlebnis zu schaffen und unsere Vergleichsplattform kontinuierlich zu optimieren. Wir suchen Dich als Data-Science-Talent mit einem exzellenten Hochschulabschluss in Data Science, Statistik, Mathematik, Informatik ode…",2025-04-30T07:14:06Z,0,"{'label': 'Stellen aus Wissenschaft & Qualitätssicherung', 'tag': 'scientific-qa-jobs', '__CLASS__': 'Adzuna::API::Response::Category'}",(Senior) Data Scientist (m/w/d) InsurTech,53.557429,Adzuna::API::Response::Job,,,,
5223672068,"{'__CLASS__': 'Adzuna::API::Response::Location', 'area': ['Deutschland'], 'display_name': 'Deutschland'}","{'__CLASS__': 'Adzuna::API::Response::Company', 'display_name': 'Haimer GmbH'}",https://www.adzuna.de/land/ad/5223672068?se=sFy66uhF8BGU26HwdC_7Eg&utm_medium=api&utm_source=a4bcf954&v=D8F08A0C10C78BC4E8D43EF517FC17C5AFE9687D,,eyJhbGciOiJIUzI1NiJ9.eyJzIjoic0Z5NjZ1aEY4QkdVMjZId2RDXzdFZyIsImkiOiI1MjIzNjcyMDY4In0.Ps6mSTiZFs1A8lfCM9_x5afckxaw-q5GA_hO6J06dmI,"Die Haimer GmbH ist ein familiengeführtes, mittelständisches Unternehmen mit Hauptsitz in der Nähe von Augsburg. Wir sind europäischer Marktführer im Bereich von hochpräzisen Werkzeugaufnahmen für die Metallindustrie und weltweit führend in der Werkzeugschrumpf-, Auswucht- und Voreinstelltechnik. Mit Innovationskraft und Dynamik entwickeln wir unsere Produkte in hauseigenen Forschungs- und Entwicklungsabteilungen. Mit rund 800 Mitarbeitern weltweit sichern wir die bekannte HAIMER Präzision getr…",2025-05-30T19:47:44Z,0,"{'__CLASS__': 'Adzuna::API::Response::Category', 'tag': 'admin-jobs', 'label': 'Verwaltungsstellen'}",Executive Assistant Digitalisierung und Prozessoptimierung (m/w/d),,Adzuna::API::Response::Job,,,,
5237467477,"{'display_name': 'Esslingen am Neckar, Esslingen (Kreis)', 'area': ['Deutschland', 'Baden-Württemberg', 'Esslingen (Kreis)', 'Esslingen am Neckar'], '__CLASS__': 'Adzuna::API::Response::Location'}","{'__CLASS__': 'Adzuna::API::Response::Company', 'display_name': 'Mercedes-Benz Group AG'}",https://www.adzuna.de/land/ad/5237467477?se=sFy66uhF8BGU26HwdC_7Eg&utm_medium=api&utm_source=a4bcf954&v=C51AD56FA81A1518110F255CC804F4FDFDF104E7,9.315933,eyJhbGciOiJIUzI1NiJ9.eyJpIjoiNTIzNzQ2NzQ3NyIsInMiOiJzRnk2NnVoRjhCR1UyNkh3ZENfN0VnIn0.dITrk8qiFY7pWhy1rx9eF67tNzPwPpIoVGY6rXPxY64,"Life is always about becoming… Im Leben geht es darum, sich auf eine Reise zu begeben, um die beste Version unseres zukünftigen Selbst zu werden. Während wir Neues entdecken, stellen wir uns Herausforderungen, meistern sie und wachsen über uns hinaus. Bewerben Sie sich bei Mercedes-Benz und finden Sie den Aufgabenbereich, in dem Sie Ihre Talente individuell entfalten können. Dabei werden Sie von visionären Kolleginnen und Kollegen unterstützt, die Ihren Pioniergeist teilen. Bei uns einzusteigen…",2025-06-07T01:58:53Z,0,"{'label': 'Sonstige/Allgemeine Stellen', 'tag': 'other-general-jobs', '__CLASS__': 'Adzuna::API::Response::Category'}","Duales Studium Wirtschaftsinformatik/Data Science (B.Sc.), Stuttgart 2026 (w/m/d)",48.745846,Adzuna::API::Response::Job,,,,
5240891422,"{'__CLASS__': 'Adzuna::API::Response::Location', 'display_name': 'Köln, Nordrhein-Westfalen', 'area': ['Deutschland', 'Nordrhein-Westfalen', 'Köln']}","{'display_name': 'Meyerthole Siems Kohlruss Ges. für aktuarielle Beratung mbH', '__CLASS__': 'Adzuna::API::Response::Company'}",https://www.adzuna.de/land/ad/5240891422?se=sFy66uhF8BGU26HwdC_7Eg&utm_medium=api&utm_source=a4bcf954&v=FDF37252F6A3FF796A28ACFCED989579B13FBE74,6.969972,eyJhbGciOiJIUzI1NiJ9.eyJzIjoic0Z5NjZ1aEY4QkdVMjZId2RDXzdFZyIsImkiOiI1MjQwODkxNDIyIn0.RUWiSELRiK7aYUQ_pohhsvB-sZ82pxouH2XfG_AUyFI,"Meyerthole Siems Kohlruss (MSK) ist eine aktuarielle Beratungsgesellschaft mit Sitz in Köln und seit 1998 im deutschsprachigen Raum für Schaden- und Unfallversicherer tätig. Unsere Schwerpunkte liegen auf abwechslungsreichen Aufgaben aus den Bereichen Data Science, Telematik, Pricing, Naturgefahren, Bilanzbewertung, Rückversicherung und Solvency II. Zu unseren Mandaten zählen mehr als 100 Versicherer und Rückversicherer sowie InsurTechs. Kreativität und Teamarbeit haben einen hohen Stellenwert …",2025-06-09T08:07:05Z,0,"{'label': 'Beraterstellen', 'tag': 'consultancy-jobs', '__CLASS__': 'Adzuna::API::Response::Category'}",Datenexperte aktuarielles Data Management (d/m/w),50.940164,Adzuna::API::Response::Job,,,,
5221186561,"{'__CLASS__': 'Adzuna::API::Response::Location', 'display_name': 'Oberkochen, Ostalbkreis', 'area': ['Deutschland', 'Baden-Württemberg', 'Ostalbkreis', 'Oberkochen']}","{'__CLASS__': 'Adzuna::API::Response::Company', 'display_name': 'ZEISS'}",https://www.adzuna.de/land/ad/5221186561?se=sFy66uhF8BGU26HwdC_7Eg&utm_medium=api&utm_source=a4bcf954&v=D14FA1BACD2023C2920448CF9D027DC67BD9E575,10.10558,eyJhbGciOiJIUzI1NiJ9.eyJpIjoiNTIyMTE4NjU2MSIsInMiOiJzRnk2NnVoRjhCR1UyNkh3ZENfN0VnIn0.uQJ6gpTXL17M8CFI-6_ZCMlQ8-s-dTSFgfYFeXNIe9E,"Als Studierender (m/w/x) arbeitest Du mit Deinen Kolleginnen und Kollegen auf Augenhöhe und schaffst Dir ideale Voraussetzungen für Deine spätere Karriere. In einem offenen und modernen Umfeld mit zahlreichen Entwicklungs- und Weiterbildungsmöglichkeiten, arbeiten die Mitarbeitenden bei ZEISS in einer Kultur, die von Expertenwissen und Teamgeist geprägt ist. All das wird getragen von der besonderen Eigentümerstruktur und dem langfristigen Ziel der Carl-Zeiss-Stiftung: Wissenschaft und Gesellsch…",2025-05-29T07:51:16Z,0,"{'tag': 'other-general-jobs', 'label': 'Sonstige/Allgemeine Stellen', '__CLASS__': 'Adzuna::API::Response::Category'}",Praktikum technische Zuverlässigkeit und Fielddatascience (m/w/x),48.78408,Adzuna::API::Response::Job,,,,
5197159587,"{'__CLASS__': 'Adzuna::API::Response::Location', 'area': ['Deutschland', 'Hessen', 'Main-Taunus-Kreis', 'Eschborn'], 'display_name': 'Eschborn, Main-Taunus-Kreis'}","{'__CLASS__': 'Adzuna::API::Response::Company', 'display_name': 'EY Deutschland'}",https://www.adzuna.de/land/ad/5197159587?se=sFy66uhF8BGU26HwdC_7Eg&utm_medium=api&utm_source=a4bcf954&v=AADA4988ABFD760FD44321CA23706DD19F56CC93,,eyJhbGciOiJIUzI1NiJ9.eyJpIjoiNTE5NzE1OTU4NyIsInMiOiJzRnk2NnVoRjhCR1UyNkh3ZENfN0VnIn0.R_8337AeN7pYesC4u7xPH-Y1k8-S1LA7uurAQknsW_Q,"Bei EY setzen wir alles daran, dass die Welt besser funktioniert. Dafür hinterfragen wir täglich den Status quo und suchen schon heute die Antworten von morgen. Stillstand? Keine Option. Wandel? Sehen wir als Chance und Treiber für Innovation. Wenn du auch so tickst, dann bist du bei uns genau richtig. Wir suchen Macher:innen, die Unternehmen, Entrepreneuren, Privatpersonen und der öffentlichen Hand helfen, über sich hinaus zu wachsen. Das erfordert Zusammenarbeit auf Augenhöhe und das Verlasse…",2025-05-13T22:23:31Z,0,"{'tag': 'other-general-jobs', 'label': 'Sonstige/Allgemeine Stellen', '__CLASS__': 'Adzuna::API::Response::Category'}",Praktikant Data Science im Bereich prüfungsnahe Beratung / Quants (Financial Services) (w/m/d),,Adzuna::API::Response::Job,,,,
5194984668,"{'__CLASS__': 'Adzuna::API::Response::Location', 'area': ['Deutschland', 'Hessen', 'Gießen (Kreis)', 'Gießen'], 'display_name': 'Gießen, Gießen (Kreis)'}","{'__CLASS__': 'Adzuna::API::Response::Company', 'display_name': 'Vereinigte Hagelversicherung VVaG'}",https://www.adzuna.de/land/ad/5194984668?se=sFy66uhF8BGU26HwdC_7Eg&utm_medium=api&utm_source=a4bcf954&v=103BAFE01F367C1CB260565C9E5B93FCD4A2C302,8.679778,eyJhbGciOiJIUzI1NiJ9.eyJpIjoiNTE5NDk4NDY2OCIsInMiOiJzRnk2NnVoRjhCR1UyNkh3ZENfN0VnIn0.8A8xzOQ6S8p-TjmlyS8RUm2yimok4RM30chzrQnvWZM,"Die VEREINIGTE HAGEL ist Europas führender Spezialist für Ernte­versiche­rungen. Seit über 200 Jahren stehen wir als verläss­licher Partner an der Seite der Land­wirtschaft und wachsen konti­nuier­lich weiter. Unsere maßge­schnei­derten Produkte bieten umfassen­den Schutz vor Ertrags­verlusten durch Wetter­gefahren. Mit innovativen Ideen und mo­dernster Techno­logie gestalten wir aktiv die Zukunft unserer Branche. Unser enga­giertes und kompe­tentes Team entwickelt nach­haltige Lösungen, die un…",2025-05-12T19:34:07Z,0,"{'tag': 'other-general-jobs', 'label': 'Sonstige/Allgemeine Stellen', '__CLASS__': 'Adzuna::API::Response::Category'}",(Senior-) Data Architekt (m/w/d) in Vollzeit / Teilzeit,50.583286,Adzuna::API::Response::Job,,,,
5224406636,"{'__CLASS__': 'Adzuna::API::Response::Location', 'display_name': 'Deutschland', 'area': ['Deutschland']}","{'__CLASS__': 'Adzuna::API::Response::Company', 'display_name': 'Endress+Hauser SE+Co. KG'}",https://www.adzuna.de/land/ad/5224406636?se=sFy66uhF8BGU26HwdC_7Eg&utm_medium=api&utm_source=a4bcf954&v=CB336C4ECC69E1390AFB1F24BC5976E45340FCB0,,eyJhbGciOiJIUzI1NiJ9.eyJpIjoiNTIyNDQwNjYzNiIsInMiOiJzRnk2NnVoRjhCR1UyNkh3ZENfN0VnIn0.78pjkN0_PvNbrNqDG59FX3nE5N_MbNcx8N2qfljSrtQ,"EndressHauser ist ein international führender Anbieter von Messgeräten, Dienstleistungen und Lösungen für die industrielle Verfahrenstechnik. Auch mit weltweit über 17.000 Mitarbeitenden sind wir ein Familienunternehmen geblieben und stolz auf unser herzliches Arbeitsklima. So verbindet die Mitarbeit bei uns immer zwei Seiten: die technische plus die menschliche. Das Ergebnis: ein Mehr an Zufriedenheit. Jeden Tag. Aufgaben Praktikum oder Abschlussarbeit für das Wintersemester 2025/2026 Begeiste…",2025-05-31T07:47:14Z,0,"{'__CLASS__': 'Adzuna::API::Response::Category', 'label': 'IT-Stellen', 'tag': 'it-jobs'}",Praktikum oder Abschlussarbeit F&E Plattform Informatik (w/m/d),,Adzuna::API::Response::Job,,,,
5205174923,"{'area': ['Deutschland', 'Bayern', 'München (Kreis)', 'München'], 'display_name': 'München, München (Kreis)', '__CLASS__': 'Adzuna::API::Response::Location'}","{'display_name': 'Stadtwerke München GmbH', '__CLASS__': 'Adzuna::API::Response::Company'}",https://www.adzuna.de/land/ad/5205174923?se=sFy66uhF8BGU26HwdC_7Eg&utm_medium=api&utm_source=a4bcf954&v=69B3B2E275CB6DDACB250358E83A9BF4A7B327D0,11.555737,eyJhbGciOiJIUzI1NiJ9.eyJpIjoiNTIwNTE3NDkyMyIsInMiOiJzRnk2NnVoRjhCR1UyNkh3ZENfN0VnIn0.G-xDIcKH9WWAGDeZMZ0dFAN7TJ6DSnh5G0epQadPH7o,"Digitalisierung und Optimierung | Strom- und Wärmeerzeugung | SWM Services GmbH Der Bereich Strom- und Wärmeerzeugung der Stadtwerke München versorgt München zuverlässig mit Strom und Wärme und treibt aktiv den Umbau zu einer regenerativen Energieversorgung. Der Anlagenpark umfasst: Hocheffiziente Kraftwärmekopplungsanlagen, Windenergieanlagen, Photovoltaik, Tiefengeothermie, Wasserkraftanlagen und Batteriespeicher. SW-ZA (Zentrale Aufgaben) ist der zentrale Dienstleister für alle standortüberg…",2025-05-18T19:35:10Z,0,"{'label': 'IT-Stellen', 'tag': 'it-jobs', '__CLASS__': 'Adzuna::API::Response::Category'}",Informationssicherheitsexpert*in Strom- und Wärmeerzeugung (m/w/d),48.137418,Adzuna::API::Response::Job,,,,
5223672573,"{'area': ['Deutschland', 'Sachsen-Anhalt', 'Harz (Kreis)', 'Wernigerode'], 'display_name': 'Wernigerode, Harz (Kreis)', '__CLASS__': 'Adzuna::API::Response::Location'}","{'display_name': 'Harzsparkasse', '__CLASS__': 'Adzuna::API::Response::Company'}",https://www.adzuna.de/land/ad/5223672573?se=sFy66uhF8BGU26HwdC_7Eg&utm_medium=api&utm_source=a4bcf954&v=53F958EB7C1309A0799A1DEB56D04B8F4E484D60,10.79078,eyJhbGciOiJIUzI1NiJ9.eyJzIjoic0Z5NjZ1aEY4QkdVMjZId2RDXzdFZyIsImkiOiI1MjIzNjcyNTczIn0.Wh8YDyvV9hVZbdMewmqiPHuq_p4JvuJT0JtUC1cfyKU,"Aufgaben Profil Wir bieten Willkommen in der Harzsparkasse! Die Harzsparkasse zeichnet sich durch eine tiefe Verbundenheit zur Region aus und legt großen Wert darauf, lokale Gemeinschaften zu stärken und zu unterstützen. Sie haben ein gutes Gespür für Zahlen, erkennen Trends in Daten und möchten Ihre Stärken dort einbringen, wo sie wirklich etwas bewegen? Dann sind Sie bei uns genau richtig! Zur Verstärkung unseres Teams suchen wir eine engagierte Persönlichkeit, die das Vertriebscontrolling mi…",2025-05-30T19:47:57Z,0,"{'label': 'Unknown', 'tag': 'unknown', '__CLASS__': 'Adzuna::API::Response::Category'}",Vertriebsdatenmanager (m/w/d),51.83828,Adzuna::API::Response::Job,,,,
5234826823,"{'__CLASS__': 'Adzuna::API::Response::Location', 'display_name': 'Heilbronn, Heilbronn (Kreis)', 'area': ['Deutschland', 'Baden-Württemberg', 'Heilbronn (Kreis)', 'Heilbronn']}","{'display_name': 'Schwarz Corporate Solutions', '__CLASS__': 'Adzuna::API::Response::Company'}",https://www.adzuna.de/land/ad/5234826823?se=sFy66uhF8BGU26HwdC_7Eg&utm_medium=api&utm_source=a4bcf954&v=5CBECF34835745A11DF7C93C155D5F564C99CB19,9.209895,eyJhbGciOiJIUzI1NiJ9.eyJzIjoic0Z5NjZ1aEY4QkdVMjZId2RDXzdFZyIsImkiOiI1MjM0ODI2ODIzIn0.HtaclqawlBM_I_uXVwOS3gyyf6A5xj2KlU3erka0eTU,"Künstliche Intelligenz ist die Zukunfts- und Schlüsseltechnologie und befähigt uns, die Herausforderungen der nächsten Jahrzehnte zu lösen. Nur wenn die deutsche Wirtschaft eine führende Position in der Wertschöpfung im Bereich KI schafft, kann sie ihre Wettbewerbsfähigkeit halten und nachhaltige und ethische Werte aktiv gestalten. Durch die Zusammenarbeit im Ökosystem gelingt diese Transformation – durch die Bündelung von Ressourcen. IPAI will diese Plattform darstellen. Wir bringen die Wertsc…",2025-06-05T20:09:54Z,0,"{'__CLASS__': 'Adzuna::API::Response::Category', 'tag': 'consultancy-jobs', 'label': 'Beraterstellen'}",(Senior) Partner Manager IPAI (m/w/d),49.142335,Adzuna::API::Response::Job,,,,
5207702477,"{'display_name': 'Ettlingen, Karlsruhe (Kreis)', 'area': ['Deutschland', 'Baden-Württemberg', 'Karlsruhe (Kreis)', 'Ettlingen'], '__CLASS__': 'Adzuna::API::Response::Location'}","{'__CLASS__': 'Adzuna::API::Response::Company', 'display_name': 'esentri AG'}",https://www.adzuna.de/land/ad/5207702477?se=sFy66uhF8BGU26HwdC_7Eg&utm_medium=api&utm_source=a4bcf954&v=2FFB6275467D0D684765129C17F87EB9DBDC5531,8.40934,eyJhbGciOiJIUzI1NiJ9.eyJzIjoic0Z5NjZ1aEY4QkdVMjZId2RDXzdFZyIsImkiOiI1MjA3NzAyNDc3In0.lFKVc6G96t5nGKOvhs_o34HbgC25hgiwuHzAlI3AuA0,"Das nutzen wir, um die Unternehmen von morgen zu gestalten. Als Zukunftsarchitekt:innen stellen wir unsere Kund:innen für eine digitale und nachhaltige Zukunft auf. Über die Twin Transformation verbinden wir Unternehmens- und Nachhaltigkeitsstrategie und begleiten entlang des Veränderungsprozesses – immer mit dem Mensch im Mittelpunkt unseres Denkens. Denn Transformation ist für uns nicht nur eine Frage der richtigen Technologie, sondern genauso der Kultur und des Mindsets im gesamten Unternehm…",2025-05-20T19:38:14Z,0,"{'label': 'Unknown', 'tag': 'unknown', '__CLASS__': 'Adzuna::API::Response::Category'}",(Senior) Data Engineer (m/w/d),48.943,Adzuna::API::Response::Job,,,,
5237444281,"{'__CLASS__': 'Adzuna::API::Response::Location', 'display_name': 'Deutschland', 'area': ['Deutschland']}","{'display_name': 'RSM Ebner Stolz', '__CLASS__': 'Adzuna::API::Response::Company'}",https://www.adzuna.de/land/ad/5237444281?se=sFy66uhF8BGU26HwdC_7Eg&utm_medium=api&utm_source=a4bcf954&v=04D77F590583C79DB44421B161BAD8DF0812C1C0,,eyJhbGciOiJIUzI1NiJ9.eyJpIjoiNTIzNzQ0NDI4MSIsInMiOiJzRnk2NnVoRjhCR1UyNkh3ZENfN0VnIn0.cfMvbsjY6OyjkfvZTmxpylr1a59GXukdjJiYDhJrviM,"Willst du wissen, was Unternehmen erfolgreich macht? Direkt mit Entscheidern am Tisch sitzen? Unmittelbar erleben, was dein Können bewirkt? Gemeinsam mit dir bringt RSM Ebner Stolz den Mittelstand voran - in Wirtschaftsprüfung, Steuer-, Rechts- und Unternehmensberatung. Mit über 2.700 Mitarbeitenden sind wir deutschlandweit präsent, weltweit an mehr als 820 Standorten unseres internationalen RSM-Netzwerks vertreten. Unser Erfolg lebt von starken Menschen mit Ecken und Kanten. Deshalb stehen wir…",2025-06-07T01:56:22Z,0,"{'tag': 'other-general-jobs', 'label': 'Sonstige/Allgemeine Stellen', '__CLASS__': 'Adzuna::API::Response::Category'}",Duales Studium Wirtschaftsinformatik Data Science (B.Sc.) - Start Oktober 2025 (m/w/d),,Adzuna::API::Response::Job,,,,
5241456383,"{'area': ['Deutschland', 'Nordrhein-Westfalen', 'Essen'], 'display_name': 'Essen, Nordrhein-Westfalen', '__CLASS__': 'Adzuna::API::Response::Location'}","{'__CLASS__': 'Adzuna::API::Response::Company', 'display_name': 'ALDI Nord'}",https://www.adzuna.de/land/ad/5241456383?se=sFy66uhF8BGU26HwdC_7Eg&utm_medium=api&utm_source=a4bcf954&v=A5D9F576AF3647C99559CC010B99684B3F49CC90,7.014478,eyJhbGciOiJIUzI1NiJ9.eyJpIjoiNTI0MTQ1NjM4MyIsInMiOiJzRnk2NnVoRjhCR1UyNkh3ZENfN0VnIn0.tctS8jJSg4aA5ZxYjSClnIO8AHnsJ5lJNZePkdryAcQ,"Die Unternehmensgruppe ALDI Nord ist einer der führenden Lebensmitteleinzelhändler. Mit einer Tradition von über 110 Jahren steht ALDI für die Erfindung des Discount-Prinzips. Unsere Mission ist es, Menschen überall und jederzeit mit dem zu versorgen, was sie für ihr tägliches Leben brauchen: qualitative Produkte zum niedrigen Preis - einfach und schnell. Dazu gehört auch, das Einkaufen für unsere Kundinnen und Kunden so einfach wie möglich zu machen. Dafür geben wir jeden Tag unser Bestes und …",2025-06-09T20:04:17Z,0,"{'tag': 'logistics-warehouse-jobs', 'label': 'Stellen aus Logistik & Lagerhaltung', '__CLASS__': 'Adzuna::API::Response::Category'}",Manager Business Analytics – Procurement (m/w/d),51.444823,Adzuna::API::Response::Job,,,,
5219266918,"{'area': ['Deutschland', 'Bayern', 'München (Kreis)', 'München', 'Altstadt-Lehel'], 'display_name': 'Altstadt-Lehel, München', '__CLASS__': 'Adzuna::API::Response::Location'}","{'__CLASS__': 'Adzuna::API::Response::Company', 'display_name': 'Technische Universität München '}",https://www.adzuna.de/land/ad/5219266918?se=sFy66uhF8BGU26HwdC_7Eg&utm_medium=api&utm_source=a4bcf954&v=D10C28FD5905112EFA191188E580ED5C4325D69D,11.56907,eyJhbGciOiJIUzI1NiJ9.eyJpIjoiNTIxOTI2NjkxOCIsInMiOiJzRnk2NnVoRjhCR1UyNkh3ZENfN0VnIn0.o_VDy-EIFxHMkxMxWfIWhC-02IB3UYClS5aGfpRhZ-Q,"Munich Data Science Institute (MDSI) Technische Universität MünchenTUM - Logo IT Systems Administrator (m/f/d) at Munich Data Science Institute The Munich Data Science Institute (MDSI) is an integrative research institute at the Technical University of Munich (TUM). It is interdisciplinary and cross-departmental in the fields of data science, machine learning, and artificial intelligence. The institute acts as a facilitator and multiplier of state-of-the-art data science practices, technologies…",2025-05-28T02:27:57Z,0,"{'tag': 'it-jobs', 'label': 'IT-Stellen', '__CLASS__': 'Adzuna::API::Response::Category'}",IT Systems Administrator (m/f/d) at Munich Data Science Institute,48.14093,Adzuna::API::Response::Job,,,,
5206367189,"{'display_name': 'Frankfurt am Main, Hessen', 'area': ['Deutschland', 'Hessen', 'Frankfurt am Main'], '__CLASS__': 'Adzuna::API::Response::Location'}","{'__CLASS__': 'Adzuna::API::Response::Company', 'display_name': 'ODDO BHF SE'}",https://www.adzuna.de/land/ad/5206367189?se=sFy66uhF8BGU26HwdC_7Eg&utm_medium=api&utm_source=a4bcf954&v=B76B2E25FA914C179A4D4F5B968E0476A4C3DBD8,8.650578,eyJhbGciOiJIUzI1NiJ9.eyJzIjoic0Z5NjZ1aEY4QkdVMjZId2RDXzdFZyIsImkiOiI1MjA2MzY3MTg5In0.YzqmnSqo-wuIpjGBIxGigiG-uoYtbok-VHeStwvzOcs,"ODDO BHF ist in drei Geschäftsbereichen tätig: Private Wealth Management, Asset Management und Corporates & Markets. Wir sind in der glücklichen Lage, mehr als 60.000 Kunden, institutionelle Anleger, Unternehmen, Vertriebspartner und große Privatkunden zu haben, deren Finanzvermögen wir beraten, verwalten und in Höhe von insgesamt 142 Milliarden Euro anlegen. Unsere Aufgabe ist es, dieses Vermögen durch unsere drei Geschäftsbereiche zu vermehren. Unsere europäischen Wurzeln, unser Unternehmerge…",2025-05-19T19:35:06Z,0,"{'__CLASS__': 'Adzuna::API::Response::Category', 'tag': 'admin-jobs', 'label': 'Verwaltungsstellen'}",Praktikant/Werkstudent (m/w/d) - Data Office,50.129683,Adzuna::API::Response::Job,,,,
5231302547,"{'area': ['Deutschland', 'Nordrhein-Westfalen', 'Münster'], 'display_name': 'Münster, Nordrhein-Westfalen', '__CLASS__': 'Adzuna::API::Response::Location'}","{'__CLASS__': 'Adzuna::API::Response::Company', 'display_name': 'items GmbH & Co. KG'}",https://www.adzuna.de/land/ad/5231302547?se=sFy66uhF8BGU26HwdC_7Eg&utm_medium=api&utm_source=a4bcf954&v=8189F7281A8784F4A24C23FA2CC4D3669C2871D5,7.621504,eyJhbGciOiJIUzI1NiJ9.eyJzIjoic0Z5NjZ1aEY4QkdVMjZId2RDXzdFZyIsImkiOiI1MjMxMzAyNTQ3In0.e6rdn0wpdy3ghvUQKYkaHlAaoiop2iYVn1uoRM57BDM,"Bei uns werden alle Mitarbeitenden Teil eines innovativen Unternehmens und gestalten nachhaltig die Zukunft mit uns! Wir bieten jedem die Möglichkeit, eigene Fähigkeiten zu entfalten, sich persönlich weiterzuentwickeln und an Projekten zu arbeiten, die einen echten Mehrwert für die Gesellschaft und unsere Kunden schaffen. Was Bewerberinnen & Bewerber bei uns erwarten können: Eine offene und wertschätzende Unternehmenskultur, in der jeder Beitrag geschätzt und gefördert wird. Aufgaben Du entwirf…",2025-06-03T21:40:18Z,0,"{'tag': 'scientific-qa-jobs', 'label': 'Stellen aus Wissenschaft & Qualitätssicherung', '__CLASS__': 'Adzuna::API::Response::Category'}",Cloud Engineer / Data Scientist (w/m/d),51.955292,Adzuna::API::Response::Job,,,,
5224404669,"{'__CLASS__': 'Adzuna::API::Response::Location', 'area': ['Deutschland', 'Baden-Württemberg', 'Ostalbkreis', 'Oberkochen'], 'display_name': 'Oberkochen, Ostalbkreis'}","{'display_name': 'ZEISS', '__CLASS__': 'Adzuna::API::Response::Company'}",https://www.adzuna.de/land/ad/5224404669?se=sFy66uhF8BGU26HwdC_7Eg&utm_medium=api&utm_source=a4bcf954&v=3CD87B79B3CE046035A22E3E79240AF8D970255F,10.10558,eyJhbGciOiJIUzI1NiJ9.eyJpIjoiNTIyNDQwNDY2OSIsInMiOiJzRnk2NnVoRjhCR1UyNkh3ZENfN0VnIn0._ceGcn8NzMM9SBcFWX8q3cf4XUrWVbR0DrA_nzfPkrU,"Sich etwas Neues trauen, über sich hinauswachsen und dabei die Grenzen des Machbaren neu deﬁnieren. Genau das ist es, was unsere Mitarbeitenden täglich leben dürfen und sollen. Um mit unseren Innovationen das Tempo vorzugeben und Großartiges zu ermöglichen. Denn hinter jedem erfolgreichen Unternehmen stehen eine ganze Menge faszinierender Menschen. Die Mitarbeitenden von ZEISS arbeiten in einem offenen und modernen Umfeld mit zahlreichen Entwicklungs- und Weiterbildungsmöglichkeiten. Unsere Kul…",2025-05-31T07:46:41Z,0,"{'__CLASS__': 'Adzuna::API::Response::Category', 'label': 'Kundendienststellen', 'tag': 'customer-services-jobs'}",Praktikum im Bereich digitale Knowledge Plattform des globalen Service Teams (m/w/x),48.78408,Adzuna::API::Response::Job,,,,
5240302085,"{'area': ['Deutschland', 'Bremen'], 'display_name': 'Bremen, Deutschland', '__CLASS__': 'Adzuna::API::Response::Location'}","{'display_name': 'ATLAS ELEKTRONIK GmbH', '__CLASS__': 'Adzuna::API::Response::Company'}",https://www.adzuna.de/land/ad/5240302085?se=sFy66uhF8BGU26HwdC_7Eg&utm_medium=api&utm_source=a4bcf954&v=1FD17CACBD6EA71B1CD722015B267E80AF8D46FE,8.786477,eyJhbGciOiJIUzI1NiJ9.eyJpIjoiNTI0MDMwMjA4NSIsInMiOiJzRnk2NnVoRjhCR1UyNkh3ZENfN0VnIn0.opijfV-jOj8ZXTfAzOpWFAD5pN8GdpcTCMYBtBCUi4c,"Das ATLAS-Labor (A-LAB) für Studierende und Promovenden beschäftigt sich mit maritimen Technologien von Morgen. In einem Team aus jungen motivierten Mitarbeiterinnen und Mitarbeitern bekommen Sie die Chance, durch Unterstützung und in enger Abstimmung mit unseren Experten, Ihr Forschungs- und Entwicklungsthema voran zu treiben. ATLAS ELEKTRONIK ist ein Unternehmen der thyssenkrupp AG und steht für maritime Sicherheit. Seit Jahrzehnten unterstützen wir als führendes Systemhaus für maritime Elekt…",2025-06-08T20:02:08Z,0,"{'__CLASS__': 'Adzuna::API::Response::Category', 'tag': 'other-general-jobs', 'label': 'Sonstige/Allgemeine Stellen'}",Abschlussarbeit: Identifikation und Benchmarking von Suchalgorithmen in maritimer Simulationsumgebung (m/w/d),53.10403,Adzuna::API::Response::Job,,,,
5218719640,"{'area': ['Deutschland', 'Baden-Württemberg', 'Heilbronn (Kreis)', 'Heilbronn'], 'display_name': 'Heilbronn, Heilbronn (Kreis)', '__CLASS__': 'Adzuna::API::Response::Location'}","{'display_name': 'Duale Hochschule Baden-Württemberg Heilbronn', '__CLASS__': 'Adzuna::API::Response::Company'}",https://www.adzuna.de/land/ad/5218719640?se=sFy66uhF8BGU26HwdC_7Eg&utm_medium=api&utm_source=a4bcf954&v=818EAE0EBFFC583B306695CFC3D1576E122149BF,9.209895,eyJhbGciOiJIUzI1NiJ9.eyJzIjoic0Z5NjZ1aEY4QkdVMjZId2RDXzdFZyIsImkiOiI1MjE4NzE5NjQwIn0.Kw51cEOlzAsW9R7iyia2iRf4qdjMQoQ7BkVbm1SI4dE,"Die Duale Hochschule Baden-Württemberg (DHBW) ist mit rund 33.000 Studierenden an neun Studienakademien und drei Campus sowie dem Center for Advanced Studies die größte Hochschule Baden-Württembergs. Gemeinsam mit 9.000 ausgewählten Unternehmen sowie sozialen und gesundheitsnahen Einrichtungen sorgt die DHBW für einen in Theorie und Praxis exzellent qualifizierten Fach- und Führungskräftenachwuchs in den Bereichen Wirtschaft, Technik, Sozialwesen und Gesundheit. Seit 1. Januar 2023 ist sie Teil…",2025-05-27T19:48:08Z,0,"{'tag': 'sales-jobs', 'label': 'Vertriebsstellen', '__CLASS__': 'Adzuna::API::Response::Category'}",Vertriebsexpert*in (m/w/d) im Studiengang Wein-Technologie-Management,49.142335,Adzuna::API::Response::Job,,,,
5241453697,"{'__CLASS__': 'Adzuna::API::Response::Location', 'display_name': 'Braunschweig, Niedersachsen', 'area': ['Deutschland', 'Niedersachsen', 'Braunschweig']}","{'__CLASS__': 'Adzuna::API::Response::Company', 'display_name': 'Öffentliche Sachversicherung Braunschweig'}",https://www.adzuna.de/land/ad/5241453697?se=sFy66uhF8BGU26HwdC_7Eg&utm_medium=api&utm_source=a4bcf954&v=4992D998584A4760879A9FA220ACB3F6AC9B21FE,10.517347,eyJhbGciOiJIUzI1NiJ9.eyJzIjoic0Z5NjZ1aEY4QkdVMjZId2RDXzdFZyIsImkiOiI1MjQxNDUzNjk3In0.OCCs6XfSAxiPFWYbKIiOFBRdL_el-rjR0wcHAw9QBbs,"Die Öffentliche Versicherung Braunschweig blickt auf über 270 Jahre Unternehmensgeschichte zurück. Sie ist Marktführer in ihrem Geschäftsgebiet, welches das gesamte ehemalige Braunschweiger Land umfasst. In rund 130 Geschäftsstellen werden in einem der dichtesten Filialnetze Deutschlands circa 350.000 Kunden betreut – und damit nahezu jeder zweite Einwohner der Region. Eine Verantwortung, die bei der Öffentlichen sehr ernst genommen wird: als verlässlicher regionaler Partner, der nah dran ist a…",2025-06-09T20:04:02Z,0,"{'__CLASS__': 'Adzuna::API::Response::Category', 'tag': 'consultancy-jobs', 'label': 'Beraterstellen'}",Abteilungsleitung (m/w/d) Vertriebscontrolling und -steuerung,52.263026,Adzuna::API::Response::Job,,,,
5234826963,"{'__CLASS__': 'Adzuna::API::Response::Location', 'area': ['Deutschland', 'Niedersachsen', 'Wesermarsch (Kreis)', 'Elsfleth'], 'display_name': 'Elsfleth, Wesermarsch (Kreis)'}","{'display_name': 'Jade Hochschule Wilhelmshaven/Oldenburg/Elsfleth', '__CLASS__': 'Adzuna::API::Response::Company'}",https://www.adzuna.de/land/ad/5234826963?se=sFy66uhF8BGU26HwdC_7Eg&utm_medium=api&utm_source=a4bcf954&v=E0246F3F049B830BCD687A4FD88EC1346BB051C4,8.45727,eyJhbGciOiJIUzI1NiJ9.eyJzIjoic0Z5NjZ1aEY4QkdVMjZId2RDXzdFZyIsImkiOiI1MjM0ODI2OTYzIn0.Dh2xFCHct_movmgbvuc2gauyGGNlzJQPrnLU46ZhmSA,"„Besser Studieren“ ist das gelebte Motto der Jade Hochschule. In über 60 innovativen Studiengängen an den Studienorten Wilhelmshaven, Oldenburg und Elsfleth bilden wir über 6.000 Studierende wissenschaftlich und praxisnah aus. Über 170 Professorinnen und Professoren sowie ca. 400 Mitarbeitende engagieren sich im Sinne des Leitbildes unserer Hochschule: innovativ, kompetent, kooperativ, vielfältig und zugewandt. Die Gewinnung qualifizierter Beschäftigter ist dabei eine zentrale Voraussetzung für…",2025-06-05T20:09:54Z,0,"{'__CLASS__': 'Adzuna::API::Response::Category', 'tag': 'scientific-qa-jobs', 'label': 'Stellen aus Wissenschaft & Qualitätssicherung'}",Wissenschaftliche_r Mitarbeiter_in (m/w/d) für autonome maritime Systeme und Datenanalyse,53.23721,Adzuna::API::Response::Job,,,,
5135590817,"{'area': ['Deutschland', 'Schleswig-Holstein', 'Kiel'], 'display_name': 'Kiel, Schleswig-Holstein', '__CLASS__': 'Adzuna::API::Response::Location'}","{'__CLASS__': 'Adzuna::API::Response::Company', 'display_name': 'Duale Hochschule Schleswig-Holstein '}",https://www.adzuna.de/land/ad/5135590817?se=sFy66uhF8BGU26HwdC_7Eg&utm_medium=api&utm_source=a4bcf954&v=2C2AC8A6C754D0821EEEB460684BB074A6655647,10.137982,eyJhbGciOiJIUzI1NiJ9.eyJpIjoiNTEzNTU5MDgxNyIsInMiOiJzRnk2NnVoRjhCR1UyNkh3ZENfN0VnIn0.PuCSgAzIAU6dID-LD8JHCjM4v2MkjlzTsPpaPmu80Xw,"Die Duale Hochschule Schleswig-Holstein (DHSH) bietet als staatlich anerkannte Hochschule für angewandte Wissenschaften in Trägerschaft der Wirtschaftsakademie Schleswig-Holstein an den Studienstandorten Kiel, Lübeck und Flensburg im Zusammenspiel mit der Wirtschaft im Land duale Studiengänge und praxisverbundene Forschung. Sie setzt die Tradition der früheren Berufsakademie fort, aus der heraus sie sich in 2018 zur Dualen Hochschule gewandelt hat. Damit kann die noch junge Hochschule auf knapp…",2025-04-08T18:52:16Z,0,"{'tag': 'unknown', 'label': 'Unknown', '__CLASS__': 'Adzuna::API::Response::Category'}",Duales Studium Wirtschaftsinformatik an der DHSH in Kiel,54.319658,Adzuna::API::Response::Job,,,,
5166725740,"{'area': ['Deutschland'], 'display_name': 'Deutschland', '__CLASS__': 'Adzuna::API::Response::Location'}","{'__CLASS__': 'Adzuna::API::Response::Company', 'display_name': 'tesa SE'}",https://www.adzuna.de/land/ad/5166725740?se=sFy66uhF8BGU26HwdC_7Eg&utm_medium=api&utm_source=a4bcf954&v=7891892D7EC9CF59D5B61EA5ED72E151ECD8ADE8,,eyJhbGciOiJIUzI1NiJ9.eyJzIjoic0Z5NjZ1aEY4QkdVMjZId2RDXzdFZyIsImkiOiI1MTY2NzI1NzQwIn0.jgfBDRIvLvlud12a1GmQtKmKxNFnTIywqC8bwoB4b9M,"tesa ist einer der weltweit führenden Hersteller von Klebebandlösungen mit einem Sortiment von mehr als 7.000 verschiedenen Produkten. Mit Leidenschaft für Technologie treiben wir Innovation, Zuverlässigkeit und Nachhaltigkeit voran, um die Zukunft jeden Tag ein Stück besser zu machen. Unsere Lösungen bereichern die Arbeit, Produkte und das Leben in einer Vielzahl von Branchen, zum Beispiel der Automobil- oder Elektronikindustrie, aber auch bei Dir Zuhause. Damit sprechen wir ein breites Indust…",2025-04-28T15:42:12Z,0,"{'__CLASS__': 'Adzuna::API::Response::Category', 'label': 'Sonstige/Allgemeine Stellen', 'tag': 'other-general-jobs'}",Duales Studium Data Science B.Sc. / M.Sc. (m/w/d) | 01.09.2025,,Adzuna::API::Response::Job,,,,
5208523172,"{'__CLASS__': 'Adzuna::API::Response::Location', 'area': ['Deutschland', 'Bremen'], 'display_name': 'Bremen, Deutschland'}","{'display_name': 'ATLAS ELEKTRONIK GmbH', '__CLASS__': 'Adzuna::API::Response::Company'}",https://www.adzuna.de/land/ad/5208523172?se=sFy66uhF8BGU26HwdC_7Eg&utm_medium=api&utm_source=a4bcf954&v=01CC4044BFB36D0CF1FA6782A99192CA1505A116,8.786477,eyJhbGciOiJIUzI1NiJ9.eyJzIjoic0Z5NjZ1aEY4QkdVMjZId2RDXzdFZyIsImkiOiI1MjA4NTIzMTcyIn0.SB74GFcoNpMl4NAEvtO7QTNvj2HFcp8wO6Bu29uvrdc,"Das ATLAS-Labor (A-LAB) für Studierende und Promovenden beschäftigt sich mit maritimen Technologien von Morgen. In einem Team aus jungen motivierten Mitarbeiterinnen und Mitarbeitern bekommen Sie die Chance, durch Unterstützung und in enger Abstimmung mit unseren Experten, Ihr Forschungs- und Entwicklungsthema voran zu treiben. ATLAS ELEKTRONIK ist ein Unternehmen der thyssenkrupp AG und steht für maritime Sicherheit. Seit Jahrzehnten unterstützen wir als führendes Systemhaus für maritime Elekt…",2025-05-21T07:35:37Z,0,"{'__CLASS__': 'Adzuna::API::Response::Category', 'tag': 'other-general-jobs', 'label': 'Sonstige/Allgemeine Stellen'}",Abschlussarbeit im A-LAB im Bereich: Skalierung hybrider Kommunikationsnetze zwischen unbemannten Fahrzeugen (UxVs) (m/w/d),53.10403,Adzuna::API::Response::Job,,,,
5240303035,"{'area': ['Deutschland', 'Bremen'], 'display_name': 'Bremen, Deutschland', '__CLASS__': 'Adzuna::API::Response::Location'}","{'__CLASS__': 'Adzuna::API::Response::Company', 'display_name': 'ATLAS ELEKTRONIK GmbH'}",https://www.adzuna.de/land/ad/5240303035?se=sFy66uhF8BGU26HwdC_7Eg&utm_medium=api&utm_source=a4bcf954&v=3C0AFF444C45A9966AE027D17F7571F344DFA6DF,8.786477,eyJhbGciOiJIUzI1NiJ9.eyJzIjoic0Z5NjZ1aEY4QkdVMjZId2RDXzdFZyIsImkiOiI1MjQwMzAzMDM1In0.MmQ8UHM2bEi6hhED7PkopREN6eRCh9b5lMQkrsJL8RA,"ATLAS ELEKTRONIK ist ein Unternehmen der thyssenkrupp AG und steht für maritime Sicherheit. Seit Jahrzehnten unterstützen wir als führendes Systemhaus für maritime Elektronik Marinen auf der ganzen Welt, die See sicherer zu machen. Unseren Kunden bieten wir ein breites Angebot u. a. an Sonaren und Sensoren, Führungssystemen für unbemannte Unterwasserfahrzeuge, U-Boote und Überwasserschiffe, Minenabwehrsystemen sowie Funk- und Kommunikationsanlage. Aufgaben Analyse einer Vorarbeit zu KI Modellen…",2025-06-08T20:02:13Z,0,"{'__CLASS__': 'Adzuna::API::Response::Category', 'tag': 'unknown', 'label': 'Unknown'}",Masterarbeit Entwicklung eines intelligenten Superclassifiers zur Optimierung von KI Modellen (m/w/d),53.10403,Adzuna::API::Response::Job,,,,
5241457158,"{'__CLASS__': 'Adzuna::API::Response::Location', 'area': ['Deutschland', 'Bayern', 'Nürnberg'], 'display_name': 'Nürnberg, Bayern'}","{'__CLASS__': 'Adzuna::API::Response::Company', 'display_name': 'N-ERGIE Aktiengesellschaft'}",https://www.adzuna.de/land/ad/5241457158?se=sFy66uhF8BGU26HwdC_7Eg&utm_medium=api&utm_source=a4bcf954&v=9E32AC022084A1D210D112E70BD7270EF1565F25,11.083642,eyJhbGciOiJIUzI1NiJ9.eyJzIjoic0Z5NjZ1aEY4QkdVMjZId2RDXzdFZyIsImkiOiI1MjQxNDU3MTU4In0.QLU1QdSgNJRWCOd4VRqgOyIPg4vf8UpdSG4Ty6-Y-wo,"Die N-ERGIE Aktiengesellschaft, Nürnberg, zählt zu den großen kommunalen Energieversorgern in Deutschland. Sie ist dem Gemeinwohl verpflichtet und macht sich mit rund 2.600 Mitarbeitenden für Klimaschutz und eine regionale Energiewende stark. Große Teile Mittelfrankens und angrenzende Regierungsbezirke versorgt sie mit Strom und Erdgas sowie die Stadt Nürnberg zusätzlich mit Wasser und Fernwärme. Stadtwerke und Industriekund*innen beliefert sie deutschlandweit. Aufgaben Als Gruppenleiter*in Con…",2025-06-09T20:04:24Z,0,"{'tag': 'consultancy-jobs', 'label': 'Beraterstellen', '__CLASS__': 'Adzuna::API::Response::Category'}",Gruppenleiter Controlling und Vertriebssteuerung (m/w/d),49.443967,Adzuna::API::Response::Job,,,,
5237338151,"{'display_name': 'Deutschland', 'area': ['Deutschland'], '__CLASS__': 'Adzuna::API::Response::Location'}","{'display_name': 'Mercedes-Benz AG', '__CLASS__': 'Adzuna::API::Response::Company'}",https://www.adzuna.de/land/ad/5237338151?se=sFy66uhF8BGU26HwdC_7Eg&utm_medium=api&utm_source=a4bcf954&v=86E8F86B9BAB421C07A0C0C6B687791E4454891D,,eyJhbGciOiJIUzI1NiJ9.eyJpIjoiNTIzNzMzODE1MSIsInMiOiJzRnk2NnVoRjhCR1UyNkh3ZENfN0VnIn0.9RrXVH89d853RI_qlP4PTZ50xvVH-DNR2jJuqxzJMeU,"Life is always about becoming… Im Leben geht es darum, sich auf eine Reise zu begeben, um die beste Version unseres zukünftigen Selbst zu werden. Während wir Neues entdecken, stellen wir uns Herausforderungen, meistern sie und wachsen über uns hinaus. Bewerben Sie sich bei Mercedes-Benz und finden Sie den Aufgabenbereich, in dem Sie Ihre Talente individuell entfalten können. Dabei werden Sie von visionären Kolleginnen und Kollegen unterstützt, die Ihren Pioniergeist teilen. Bei uns einzusteigen…",2025-06-07T01:24:44Z,0,"{'__CLASS__': 'Adzuna::API::Response::Category', 'tag': 'other-general-jobs', 'label': 'Sonstige/Allgemeine Stellen'}","Duales Studium Wirtschaftsinformatik/Data Science (B.Sc.), Campusmodell Germersheim/Stuttgart 2026 (w/m/d)",,Adzuna::API::Response::Job,,,,
5157451642,"{'area': ['Deutschland', 'Nordrhein-Westfalen', 'Aachen (Kreis)', 'Aachen'], 'display_name': 'Aachen, Aachen (Kreis)', '__CLASS__': 'Adzuna::API::Response::Location'}","{'__CLASS__': 'Adzuna::API::Response::Company', 'display_name': 'adesso SE'}",https://www.adzuna.de/land/ad/5157451642?se=sFy66uhF8BGU26HwdC_7Eg&utm_medium=api&utm_source=a4bcf954&v=EC6F784E67F94104B2FD1777C5C8E7692A65D345,6.089788,eyJhbGciOiJIUzI1NiJ9.eyJpIjoiNTE1NzQ1MTY0MiIsInMiOiJzRnk2NnVoRjhCR1UyNkh3ZENfN0VnIn0.uY2gKeHQR_JpuWIDPHZ_7C0TsVO3bFgAyO224H2nsQQ,"adesso steht für IT-Exzellenz und damit auch für exzellente Entwicklungsmöglichkeiten für alle adessi. Wir wachsen gemeinsam und lernen voneinander - an unseren Projekten, im Team und mit herausragenden Trainingsangeboten. Wir haben IT im Herzen, die Branche im Blick und den Erfolg unserer Kunden im Sinn. Denn erfolgreiches Geschäft entsteht durch innovative Ideen, zukunftsfähige Strategien und kluge IT-Lösungen. Immer sind dabei Menschen beteiligt, die etwas bewegen wollen und das einfach mach…",2025-04-23T07:08:13Z,0,"{'label': 'Beraterstellen', 'tag': 'consultancy-jobs', '__CLASS__': 'Adzuna::API::Response::Category'}",Lead Consultant AI (all genders),50.773914,Adzuna::API::Response::Job,,,,
5141699410,"{'display_name': 'Köln, Nordrhein-Westfalen', 'area': ['Deutschland', 'Nordrhein-Westfalen', 'Köln'], '__CLASS__': 'Adzuna::API::Response::Location'}","{'__CLASS__': 'Adzuna::API::Response::Company', 'display_name': 'Meyerthole Siems Kohlruss Ges. für aktuarielle Beratung mbH'}",https://www.adzuna.de/land/ad/5141699410?se=sFy66uhF8BGU26HwdC_7Eg&utm_medium=api&utm_source=a4bcf954&v=D467FECC0B56EF7A13FDDF20D2D1D173EDA3A842,6.969972,eyJhbGciOiJIUzI1NiJ9.eyJzIjoic0Z5NjZ1aEY4QkdVMjZId2RDXzdFZyIsImkiOiI1MTQxNjk5NDEwIn0.x3X_QwB32kCjq3eUovgz1ZJBrnZYwBc2mqQzfgtWjHs,"Meyerthole Siems Kohlruss (MSK) ist eine aktuarielle Beratungsgesellschaft mit Sitz in Köln und seit 1998 im deutschsprachigen Raum für Schaden- und Unfallversicherer tätig. Unsere Schwerpunkte liegen auf abwechslungsreichen Aufgaben aus den Bereichen Data Science, Telematik, Pricing, Naturgefahren, Bilanzbewertung, Rückversicherung und Solvency II. Zu unseren Mandaten zählen mehr als 80 Versicherer und Rückversicherer sowie InsurTechs. Kreativität und Teamarbeit haben einen hohen Stellenwert b…",2025-04-12T06:57:17Z,0,"{'__CLASS__': 'Adzuna::API::Response::Category', 'tag': 'unknown', 'label': 'Unknown'}",Werkstudent oder Praktikant (d/m/w) Versicherungsmathematik,50.940164,Adzuna::API::Response::Job,,,,
5224415508,"{'area': ['Deutschland', 'Berlin'], 'display_name': 'Berlin, Deutschland', '__CLASS__': 'Adzuna::API::Response::Location'}","{'display_name': 'Grant Thornton AG Wirtschaftsprüfungsgesellschaft', '__CLASS__': 'Adzuna::API::Response::Company'}",https://www.adzuna.de/land/ad/5224415508?se=sFy66uhF8BGU26HwdC_7Eg&utm_medium=api&utm_source=a4bcf954&v=BC18DE2F02DAA134F93C7747743010D1EE48FC8D,13.420806,eyJhbGciOiJIUzI1NiJ9.eyJpIjoiNTIyNDQxNTUwOCIsInMiOiJzRnk2NnVoRjhCR1UyNkh3ZENfN0VnIn0.E3-FK4luGO5Q5CZf56yMyZnMqfqAaGjqPqH4yicDDPE,"Wir prüfen und beraten unsere Mandanten mit rund 2.000 Kolleginnen und Kollegen an 10 bundesweiten Standorten und als Teil des Netzwerks Grant Thornton International mit 76.000 Mitarbeiterinnen und Mitarbeitern in 156 Ländern. Schwerpunkte unserer Arbeit sind Audit & Assurance, Tax, Advisory und Legal. Deine Stärken. Unsere gemeinsame Wirkung. We call our work ‘demonstrating impact'. That means an environment in which you can share your curiosity, knowledge and passion for excellence with other…",2025-05-31T07:50:33Z,0,"{'tag': 'scientific-qa-jobs', 'label': 'Stellen aus Wissenschaft & Qualitätssicherung', '__CLASS__': 'Adzuna::API::Response::Category'}",Working Student/ Intern in Audit - Data Analytics – Flexplace in Germany (m/f/x),52.507706,Adzuna::API::Response::Job,,,,
4703047400,"{'area': ['Deutschland', 'Nordrhein-Westfalen', 'Köln', 'Klettenberg'], 'display_name': 'Klettenberg, Köln', '__CLASS__': 'Adzuna::API::Response::Location'}","{'__CLASS__': 'Adzuna::API::Response::Company', 'display_name': 'nerou GmbH'}",https://www.adzuna.de/details/4703047400?utm_medium=api&utm_source=a4bcf954,6.92606,eyJhbGciOiJIUzI1NiJ9.eyJzIjoic0Z5NjZ1aEY4QkdVMjZId2RDXzdFZyIsImkiOiI0NzAzMDQ3NDAwIn0.fg-AN1ixLAP3Ym5ROSEhrIs9to8k-_flO0bP7OkgVMo,"Deine Tätigkeiten Du extrahierst und validierst große Datenbestände auf Grundlage verschiedener Fragestellungen Du analysierst Datensätze mit geeigneten statistischen Methoden Du ergänzt unser motiviertes Team mit Machine Learning- und Data Science-Expertise Über nerou Die Datenanalyse-Software von nerou unterstützt Betreiber von Kläranlagen bei täglichen Entscheidungen in der Anlagensteuerung. In Kläranlagen müssen komplexe Entscheidungen getroffen werden, um die Anlage auf sich täglich ändern…",2024-05-22T08:24:33Z,0,"{'__CLASS__': 'Adzuna::API::Response::Category', 'label': 'Unknown', 'tag': 'unknown'}",Werkstudent:in Data Science,50.9111,Adzuna::API::Response::Job,,,,
4783696939,"{'area': ['Deutschland', 'Nordrhein-Westfalen', 'Köln', 'Klettenberg'], 'display_name': 'Klettenberg, Köln', '__CLASS__': 'Adzuna::API::Response::Location'}","{'display_name': 'nerou GmbH', '__CLASS__': 'Adzuna::API::Response::Company'}",https://www.adzuna.de/details/4783696939?utm_medium=api&utm_source=a4bcf954,6.92606,eyJhbGciOiJIUzI1NiJ9.eyJpIjoiNDc4MzY5NjkzOSIsInMiOiJzRnk2NnVoRjhCR1UyNkh3ZENfN0VnIn0.FIvhFYxmWCznJ2GqWgSguhHNLmAag-R2vDv5ZfU-c3w,"Deine Tätigkeiten Du extrahierst und validierst große Datenbestände auf Grundlage verschiedener Fragestellungen Du analysierst Datensätze mit geeigneten statistischen Methoden Du ergänzt unser motiviertes Team mit Machine Learning- und Data Science-Expertise Deine Erfahrung Du studierst (Wirtschafts-)Informatik, Mathematik oder etwas vergleichbares Du hast Erfahrung im Umgang mit Data Science und Machine Learning Du hast grundliegende Kenntnisse mit Python Du bist in der Lage, deine Arbeit selb…",2024-07-17T21:51:40Z,0,"{'label': 'Unknown', 'tag': 'unknown', '__CLASS__': 'Adzuna::API::Response::Category'}",Werkstudent:in Data Science,50.9111,Adzuna::API::Response::Job,part_time,450.0,contract,450.0
5215620939,"{'__CLASS__': 'Adzuna::API::Response::Location', 'display_name': 'Berlin, Deutschland', 'area': ['Deutschland', 'Berlin']}","{'__CLASS__': 'Adzuna::API::Response::Company', 'display_name': 'juna.ai'}",https://www.adzuna.de/details/5215620939?utm_medium=api&utm_source=a4bcf954,13.420806,eyJhbGciOiJIUzI1NiJ9.eyJzIjoic0Z5NjZ1aEY4QkdVMjZId2RDXzdFZyIsImkiOiI1MjE1NjIwOTM5In0.8AbNgRXnVW2sMybqOlkKyeyS_9Xq5SFPshsaX8rU7Vw,"About The Role As Data Science Intern at Juna AI, you’ll work closely with our technical founder and engineering team to support the development of our core machine learning capabilities. You’ll help process industrial sensor data, explore modeling techniques, and contribute to training and evaluating AI agents in real-world manufacturing settings. This is a rare opportunity to work at the frontier of applied AI – where your code will directly impact energy use, emissions, and efficiency in sec…",2025-05-25T14:19:31Z,0,"{'__CLASS__': 'Adzuna::API::Response::Category', 'tag': 'unknown', 'label': 'Unknown'}",Data Science Intern,52.507706,Adzuna::API::Response::Job,full_time,,,
5240595240,"{'__CLASS__': 'Adzuna::API::Response::Location', 'display_name': 'Neckarsulm, Heilbronn (Kreis)', 'area': ['Deutschland', 'Baden-Württemberg', 'Heilbronn (Kreis)', 'Neckarsulm']}","{'display_name': 'Lidl Stiftung', '__CLASS__': 'Adzuna::API::Response::Company'}",https://www.adzuna.de/details/5240595240?utm_medium=api&utm_source=a4bcf954,9.2274,eyJhbGciOiJIUzI1NiJ9.eyJzIjoic0Z5NjZ1aEY4QkdVMjZId2RDXzdFZyIsImkiOiI1MjQwNTk1MjQwIn0.S2TnZlMGIoPp82jqj1fxVMJMm6ZO8-jgM0L5TDkFMwA,"Einleitung Eine gute Idee war der Ursprung, ein erfolgreiches Konzept ist das Ergebnis. Qualität zum guten Preis möglichst vielen Menschen anbieten zu können treibt uns an - mittlerweile weltweit, denn wir sind Lidl. Hier ist das berufliche Zuhause vielfältiger Talente. Ob im Einkauf, in der Logistik, im Warengeschäft oder in der IT; ob als Impulsgeber, Gestalter oder Dienstleister der Länder. Wir suchen Anpacker, Durchstarter, Möglichmacher und bieten spannende Aufgaben und Projekte in einem d…",2025-06-09T02:05:05Z,0,"{'tag': 'unknown', 'label': 'Unknown', '__CLASS__': 'Adzuna::API::Response::Category'}",Praktikum Data Science,49.18975,Adzuna::API::Response::Job,full_time,,,
5222973088,"{'__CLASS__': 'Adzuna::API::Response::Location', 'area': ['Deutschland', 'Baden-Württemberg', 'Heidelberg'], 'display_name': 'Heidelberg, Baden-Württemberg'}","{'__CLASS__': 'Adzuna::API::Response::Company', 'display_name': 'Heidelberg Materials AG'}",https://www.adzuna.de/land/ad/5222973088?se=sFy66uhF8BGU26HwdC_7Eg&utm_medium=api&utm_source=a4bcf954&v=9DD16CC66E9C4A17B2EE03EB0F533C70AE26C198,8.696891,eyJhbGciOiJIUzI1NiJ9.eyJpIjoiNTIyMjk3MzA4OCIsInMiOiJzRnk2NnVoRjhCR1UyNkh3ZENfN0VnIn0.RHIRkXFG73hQDPabxbddGuSycY6c9NLiQK0_gmKSHgA,"Heidelberg Materials is one of the world's largest integrated manufacturers of building materials and solutions with leading market positions in cement, aggregates, and ready-mixed concrete. We are represented in more than 50 countries with around 51,000 employees at almost 3,000 locations. At the centre of our actions lies the responsibility for the environment. As the front runner on the path to carbon neutrality and circular economy in the building materials industry, we are working on susta…",2025-05-30T07:55:46Z,0,"{'__CLASS__': 'Adzuna::API::Response::Category', 'label': 'Stellen aus PR, Werbung & Marketing', 'tag': 'pr-advertising-marketing-jobs'}",Manager Advanced Analytics & MLOps (f/m/d),49.403755,Adzuna::API::Response::Job,,,,
5174755980,"{'display_name': 'Hamburg, Deutschland', 'area': ['Deutschland', 'Hamburg'], '__CLASS__': 'Adzuna::API::Response::Location'}","{'__CLASS__': 'Adzuna::API::Response::Company', 'display_name': 'DEVnet'}",https://www.adzuna.de/land/ad/5174755980?se=sFy66uhF8BGU26HwdC_7Eg&utm_medium=api&utm_source=a4bcf954&v=5E101AEC8445A24BABA384A1B3D5140377C67E12,9.987297,eyJhbGciOiJIUzI1NiJ9.eyJzIjoic0Z5NjZ1aEY4QkdVMjZId2RDXzdFZyIsImkiOiI1MTc0NzU1OTgwIn0.pHsM3TJi_yTLATy8p2Tyo0mXE87u-LxS80_9Dz6Jjbk,"Über uns Wir bei DEVnet sind ein aufgeschlossenes, internationales Team, das sich auszeichnet durch menschliche Werte, einen inspirierenden Teamgeist und den Wunsch, gemeinsam mit unseren Kunden zu wachsen. Angetrieben von unserer Leidenschaft für Technologie und unseren Branchenkenntnissen entwickeln wir Lösungen, die mithilfe von Daten, Analytik und Technologien Innovationen vorantreiben. Unsere 150 Experten an vier verschiedenen Standorten vereinen technologisches Knowhow und Branchenkenntni…",2025-05-01T23:54:08Z,0,"{'label': 'Unknown', 'tag': 'unknown', '__CLASS__': 'Adzuna::API::Response::Category'}","Senior Data Analyst (BI & Data Science, German C1) (m/w/d)",53.557429,Adzuna::API::Response::Job,,,,
5206367636,"{'__CLASS__': 'Adzuna::API::Response::Location', 'display_name': 'Braunschweig, Niedersachsen', 'area': ['Deutschland', 'Niedersachsen', 'Braunschweig']}","{'__CLASS__': 'Adzuna::API::Response::Company', 'display_name': 'NEW YORKER'}",https://www.adzuna.de/land/ad/5206367636?se=sFy66uhF8BGU26HwdC_7Eg&utm_medium=api&utm_source=a4bcf954&v=B4FEDF2C6B7C9D35E6630C3A859D84B988AA0DF8,10.517347,eyJhbGciOiJIUzI1NiJ9.eyJzIjoic0Z5NjZ1aEY4QkdVMjZId2RDXzdFZyIsImkiOiI1MjA2MzY3NjM2In0.iyE1qSNUlkQynaNjLAYbIjun9PvWUwIfhM6FXMfgoAA,"The Data Science department uses statistical modeling, machine learning and optimization techniques to continuously improve business processes at NEW YORKER. We work in agile project teams on a variety of use cases, including order optimization, pricing, distribution and logistics. We are a very ambitious and international team and are proud of our high standards. Aufgaben Actively grow and manage a network of business contacts in order to understand business processes, how they are represented…",2025-05-19T19:35:09Z,0,"{'__CLASS__': 'Adzuna::API::Response::Category', 'label': 'Stellen aus Wissenschaft & Qualitätssicherung', 'tag': 'scientific-qa-jobs'}",Staff Data Scientist*,52.263026,Adzuna::API::Response::Job,,,,
5233070819,"{'__CLASS__': 'Adzuna::API::Response::Location', 'display_name': 'Lübeck', 'area': ['Deutschland', 'Schleswig-Holstein', 'Lübeck', 'Lübeck']}","{'display_name': 'Stadtwerke Lübeck Gruppe', '__CLASS__': 'Adzuna::API::Response::Company'}",https://www.adzuna.de/land/ad/5233070819?se=sFy66uhF8BGU26HwdC_7Eg&utm_medium=api&utm_source=a4bcf954&v=106CE7160276B44B7D713E63E886C3A2552863D6,10.68758,eyJhbGciOiJIUzI1NiJ9.eyJpIjoiNTIzMzA3MDgxOSIsInMiOiJzRnk2NnVoRjhCR1UyNkh3ZENfN0VnIn0.a7K4Omcz2kUCD3A8ssAgF9SVSIq-bBhlw1eXQKwybXg,"Die Stadtwerke Lübeck Energie werden in dem Ressort Technik in den nächsten Jahren massive Pläne im Bereich Ausbau und Vergrünung Fernwärme und Ausbau Erneuerbare Energien und Flexibilitäten, sowie in der Wasserwirtschaft umsetzen und in die technischen Assets investieren und damit einen wesentlichen Beitrag zur Erreichung der Klimaschutzziele beitragen. Zu unseren gemeinsamen Zielen mit den technischen Bereichen gehören ein optimaler Assetpark, ein optimaler Assetbetrieb, ein exzellenter Einsa…",2025-06-04T20:02:20Z,0,"{'tag': 'it-jobs', 'label': 'IT-Stellen', '__CLASS__': 'Adzuna::API::Response::Category'}",Referent:in Asset Management Technik - Schwerpunkt Daten,53.86956,Adzuna::API::Response::Job,,,,
5221959076,"{'display_name': 'Stuttgart, Baden-Württemberg', 'area': ['Deutschland', 'Baden-Württemberg', 'Stuttgart'], '__CLASS__': 'Adzuna::API::Response::Location'}","{'__CLASS__': 'Adzuna::API::Response::Company', 'display_name': 'Mercedes-Benz AG'}",https://www.adzuna.de/land/ad/5221959076?se=IMYW7OhF8BGU26HwdC_7Eg&utm_medium=api&utm_source=a4bcf954&v=C8E684EA2B3DE2A711E0DE80DF95FD3450D50AD2,9.187224,eyJhbGciOiJIUzI1NiJ9.eyJzIjoiSU1ZVzdPaEY4QkdVMjZId2RDXzdFZyIsImkiOiI1MjIxOTU5MDc2In0.ni7PHKNu3o_bBEucFsqKS3_gPtHIbxyoZ4u52stx4OQ,"Life is always about becoming… Im Leben geht es darum, sich auf eine Reise zu begeben, um die beste Version unseres zukünftigen Selbst zu werden. Während wir Neues entdecken, stellen wir uns Herausforderungen, meistern sie und wachsen über uns hinaus. Bewerben Sie sich bei Mercedes-Benz und finden Sie den Aufgabenbereich, in dem Sie Ihre Talente individuell entfalten können. Dabei werden Sie von visionären Kolleginnen und Kollegen unterstützt, die Ihren Pioniergeist teilen. Bei uns einzusteigen…",2025-05-29T19:42:15Z,0,"{'tag': 'consultancy-jobs', 'label': 'Beraterstellen', '__CLASS__': 'Adzuna::API::Response::Category'}",Pflicht - Praktikum im Bereich Security & Strategy ab September 2025,48.776198,Adzuna::API::Response::Job,,,,
5225837049,"{'display_name': 'München, München (Kreis)', 'area': ['Deutschland', 'Bayern', 'München (Kreis)', 'München'], '__CLASS__': 'Adzuna::API::Response::Location'}","{'__CLASS__': 'Adzuna::API::Response::Company', 'display_name': 'PMMG Group GmbH'}",https://www.adzuna.de/land/ad/5225837049?se=IMYW7OhF8BGU26HwdC_7Eg&utm_medium=api&utm_source=a4bcf954&v=3ED612036B76E511B3CF948E108BDEE0A64EDA30,11.555737,eyJhbGciOiJIUzI1NiJ9.eyJzIjoiSU1ZVzdPaEY4QkdVMjZId2RDXzdFZyIsImkiOiI1MjI1ODM3MDQ5In0.77wMO8ZRNSbDRg3LzVjWF-Hi5OGiPBuHo0cCmnyhlTY,"PMMG Process Solutions ist eine spezialisierte, inhabergeführte Beratung für prozess- und datenbasierte Transformationen. Mit über 15 Jahren Erfahrung in Business Process Management, Process Mining, Process Intelligence, Projektmanagement und digitaler Transformation begleiten wir Unternehmen bei der nachhaltigen Steigerung ihrer operativen Exzellenz und Profitabilität. Aufgaben Identifikation und Wertgestaltung: Du übersetzt die strategischen Prioritäten der Kunden in relevante Celonis Use Cas…",2025-06-01T07:45:40Z,0,"{'__CLASS__': 'Adzuna::API::Response::Category', 'tag': 'it-jobs', 'label': 'IT-Stellen'}",IT-Systemintegrator - Celonis / Datenanalyse / EAM (m/w/d),48.137418,Adzuna::API::Response::Job,,,,
5148949822,"{'area': ['Deutschland', 'Nordrhein-Westfalen', 'Oberbergischer Kreis', 'Gummersbach'], 'display_name': 'Gummersbach, Oberbergischer Kreis', '__CLASS__': 'Adzuna::API::Response::Location'}","{'__CLASS__': 'Adzuna::API::Response::Company', 'display_name': 'FERCHAU – Connecting People and Technologies'}",https://www.adzuna.de/land/ad/5148949822?se=IMYW7OhF8BGU26HwdC_7Eg&utm_medium=api&utm_source=a4bcf954&v=8DA4EE296EAD211843BF7EE8A9F373934BF6C453,7.50752,eyJhbGciOiJIUzI1NiJ9.eyJpIjoiNTE0ODk0OTgyMiIsInMiOiJJTVlXN09oRjhCR1UyNkh3ZENfN0VnIn0.K_e1t5vjRAyw7iPrup-YBbXy1rDwiuVRRSQ1XNypNGs,"MAKE THE DIFFERENCE - join our team! In unserem Headquarter in Gummersbach gestalten wir das interne Service- und Beratungsangebot für alle Prozesse der Unternehmensgruppe der FERCHAU und dafür suchen wir dich: als Teil unseres internen Teams. Unsere Kernkompetenzen sind strategische Aufgaben und Leistungen aus den Bereichen Personal, Finanzen & Administration, Digital Business Transformation sowie Marketing. Wenn du also deine eigenen Skills in einem innovativen Umfeld auf das nächste Level he…",2025-04-17T07:05:38Z,0,"{'label': 'IT-Stellen', 'tag': 'it-jobs', '__CLASS__': 'Adzuna::API::Response::Category'}",Innovation Consultant IT (m/w/d),51.01496,Adzuna::API::Response::Job,,,,
5222969601,"{'area': ['Deutschland', 'Bayern', 'München (Kreis)', 'München'], 'display_name': 'München, München (Kreis)', '__CLASS__': 'Adzuna::API::Response::Location'}","{'__CLASS__': 'Adzuna::API::Response::Company', 'display_name': 'Erzdiözese München und Freising'}",https://www.adzuna.de/land/ad/5222969601?se=IMYW7OhF8BGU26HwdC_7Eg&utm_medium=api&utm_source=a4bcf954&v=A07A92BD8CCADED35F85F1A82C2302D105BE6148,11.555737,eyJhbGciOiJIUzI1NiJ9.eyJpIjoiNTIyMjk2OTYwMSIsInMiOiJJTVlXN09oRjhCR1UyNkh3ZENfN0VnIn0.hcZKHVSEoFG7PzCWffI1-wTQXKSEqxiOjTOf8sLyCkU,"Wir suchen Sie für die Abteilung Informationssysteme und Analysen als IT-Architekt:in (KI/BI) Referenznummer: 11044 Start: nächstmöglicher Termin Bewerbungsfrist: 18.06.2025 Arbeitsverhältnis: unbefristet Arbeitszeit: Vollzeit Arbeitsort: München Vergütung: EG 13 Wer sind wir? Im Erzbistum München und Freising arbeiten rund 16.000 Menschen in Seelsorge, Verwaltung sowie in sozialen Institutionen und Bildungseinrichtungen. Das Erzbischöfliche Ordinariat München nimmt im Auftrag des Erzbischofs v…",2025-05-30T07:49:57Z,0,"{'__CLASS__': 'Adzuna::API::Response::Category', 'label': 'IT-Stellen', 'tag': 'it-jobs'}",IT-Architekt:in (KI/BI),48.137418,Adzuna::API::Response::Job,,,,
5037956514,"{'__CLASS__': 'Adzuna::API::Response::Location', 'area': ['Deutschland', 'Nordrhein-Westfalen', 'Essen'], 'display_name': 'Essen, Nordrhein-Westfalen'}","{'__CLASS__': 'Adzuna::API::Response::Company', 'display_name': 'fuseki GmbH'}",https://www.adzuna.de/land/ad/5037956514?se=IMYW7OhF8BGU26HwdC_7Eg&utm_medium=api&utm_source=a4bcf954&v=8679D4069D04A4B9969C3ACFF7C0C6989EFA6C19,7.014478,eyJhbGciOiJIUzI1NiJ9.eyJzIjoiSU1ZVzdPaEY4QkdVMjZId2RDXzdFZyIsImkiOiI1MDM3OTU2NTE0In0.QE_IopiiXBGY7qSxA8K44HHGVOtaVIFmESjBKsSGA0U,"Wir entwickeln intelligente Softwarelösungen, die nicht nur verwalten und automatisieren, sondern auch Einblicke in und Erkenntnisse aus Daten schaffen und somit Vorhersagen treffen. Hierfür setzen wir u.a. Advanced Analytics und Künstliche Intelligenz (KI) ein. In interdisziplinären Teams, die sich aus den Kompetenzbereichen Software Engineering, Data Science, UX und Projektmanagement zusammensetzen, gestalten wir gemeinsam die Zukunft! Du brennst für Deine Themen und hast Lust Verantwortung z…",2025-02-05T03:05:36Z,0,"{'label': 'Stellen aus PR, Werbung & Marketing', 'tag': 'pr-advertising-marketing-jobs', '__CLASS__': 'Adzuna::API::Response::Category'}",Projektmanager – Software / Product Owner (m/w/d),51.444823,Adzuna::API::Response::Job,,,,
4931268614,"{'__CLASS__': 'Adzuna::API::Response::Location', 'display_name': 'Hürth, Rhein-Erft-Kreis', 'area': ['Deutschland', 'Nordrhein-Westfalen', 'Rhein-Erft-Kreis', 'Hürth']}","{'__CLASS__': 'Adzuna::API::Response::Company', 'display_name': 'Skopos Group'}",https://www.adzuna.de/details/4931268614?utm_medium=api&utm_source=a4bcf954,6.86811,eyJhbGciOiJIUzI1NiJ9.eyJpIjoiNDkzMTI2ODYxNCIsInMiOiJJTVlXN09oRjhCR1UyNkh3ZENfN0VnIn0.tq2PSPEHEgQNkm_QyzHCwik2LItdb7nBUH_tLANkOWc,"Das sind wir Daten sind für uns nicht gleich Daten. Du teilst unsere Mission ""Mehr aus Daten rausholen""? Dann bist Du als Newbie oder erfahrenes Data Science Talent bei uns mehr als willkommen! Bei SKOPOS ELEMENTS unterstützen talentierte Data Scientists zukunftsorientierte Unternehmen und Menschen bei ihrem Weg zur Data Driven Company. Als Teil der SKOPOS GROUP sind wir seit 1995 führender Anbieter in der Marktforschung und beschäftigen aktuell über 120 Mitarbeitende. Begleite unser Wachstum u…",2024-11-08T12:45:45Z,0,"{'tag': 'unknown', 'label': 'Unknown', '__CLASS__': 'Adzuna::API::Response::Category'}",Initiativbewerbung Data Science /BI,50.87096,Adzuna::API::Response::Job,full_time,,,
3453297755,"{'display_name': 'Hürth, Rhein-Erft-Kreis', 'area': ['Deutschland', 'Nordrhein-Westfalen', 'Rhein-Erft-Kreis', 'Hürth'], '__CLASS__': 'Adzuna::API::Response::Location'}","{'display_name': 'SKOPOS GROUP', '__CLASS__': 'Adzuna::API::Response::Company'}",https://www.adzuna.de/details/3453297755?utm_medium=api&utm_source=a4bcf954,6.86811,eyJhbGciOiJIUzI1NiJ9.eyJzIjoiSU1ZVzdPaEY4QkdVMjZId2RDXzdFZyIsImkiOiIzNDUzMjk3NzU1In0.YQjWsIEnj6zMVziDjJ5fjf4vZA-b_OKVdlFYJmee--s,"Das sind wir Daten sind für uns nicht gleich Daten. Du teilst unsere Mission ""Mehr aus Daten rausholen""? Dann bist Du als Newbie oder erfahrenes Data Science Talent bei uns mehr als willkommen Bei SKOPOS ELEMENTS unterstützen talentierte Data Scientists zukunftsorientierte Unternehmen und Menschen bei ihrem Weg zur Data Driven Company. Als Teil der SKOPOS GROUP sind wir seit 1995 führender Anbieter in der Marktforschung und beschäftigen aktuell über 120 Mitarbeitende. Begleite unser Wachstum un…",2022-09-02T11:06:57Z,0,"{'tag': 'unknown', 'label': 'Unknown', '__CLASS__': 'Adzuna::API::Response::Category'}",Initiativbewerbung Data Science /BI,50.87096,Adzuna::API::Response::Job,full_time,,,
5113824069,"{'display_name': 'Frankfurt am Main, Hessen', 'area': ['Deutschland', 'Hessen', 'Frankfurt am Main'], '__CLASS__': 'Adzuna::API::Response::Location'}","{'display_name': 'Nestle', '__CLASS__': 'Adzuna::API::Response::Company'}",https://www.adzuna.de/details/5113824069?utm_medium=api&utm_source=a4bcf954,8.650578,eyJhbGciOiJIUzI1NiJ9.eyJzIjoiSU1ZVzdPaEY4QkdVMjZId2RDXzdFZyIsImkiOiI1MTEzODI0MDY5In0.Lyv1kDNO3j3qLQv4kvErATqc1gfUMbGV1LWmuR60W6w,"Nestlé Health Science is a globally recognized leader in the science of nutrition, with more than 11,000 employees around the world. With a portfolio of science-based consumer health, medical nutrition, vitamin and supplement brands, and pharmaceutical therapies, we are redefining the management of health. Position Snapshot Location: Flexible (FR, DE, Switzerland and Spain) Company: Nestlé Health Science Act. Rate: Full-Time Act. Rate 100% Type of contract: Permanent contract What we offer at N…",2025-03-27T16:57:58Z,0,"{'__CLASS__': 'Adzuna::API::Response::Category', 'label': 'Unknown', 'tag': 'unknown'}",Global Data Science Lead,50.129683,Adzuna::API::Response::Job,,,,
5116950567,"{'__CLASS__': 'Adzuna::API::Response::Location', 'area': ['Deutschland', 'Hessen', 'Frankfurt am Main'], 'display_name': 'Frankfurt am Main, Hessen'}","{'__CLASS__': 'Adzuna::API::Response::Company', 'display_name': 'Nestle'}",https://www.adzuna.de/details/5116950567?utm_medium=api&utm_source=a4bcf954,8.650578,eyJhbGciOiJIUzI1NiJ9.eyJzIjoiSU1ZVzdPaEY4QkdVMjZId2RDXzdFZyIsImkiOiI1MTE2OTUwNTY3In0.cWLUu3LCgY1IcZPJC_bAwitD6ZbCAUIjT2jzcrQe6jc,"Nestlu00e9 Health Science is a globally recognized leader in the science of nutrition, with more than 11,000 employees around the world. With a portfolio of science-based consumer health, medical nutrition, vitamin and supplement brands, and pharmaceutical therapies, we are redefining the management of health. Position Snapshot Location: Flexible (FR, DE, Switzerland and Spain) Company: Nestlu00e9 Health Science Act. Rate: Full-Time Act. Rate 100% Type of contract: Permanent contract What we of…",2025-03-29T00:17:43Z,0,"{'label': 'Unknown', 'tag': 'unknown', '__CLASS__': 'Adzuna::API::Response::Category'}",Global Data Science Lead,50.129683,Adzuna::API::Response::Job,,,,
5180670474,"{'display_name': 'Maxvorstadt, München', 'area': ['Deutschland', 'Bayern', 'München (Kreis)', 'München', 'Maxvorstadt'], '__CLASS__': 'Adzuna::API::Response::Location'}","{'display_name': 'Flexa', '__CLASS__': 'Adzuna::API::Response::Company'}",https://www.adzuna.de/details/5180670474?utm_medium=api&utm_source=a4bcf954,11.56803,eyJhbGciOiJIUzI1NiJ9.eyJpIjoiNTE4MDY3MDQ3NCIsInMiOiJJTVlXN09oRjhCR1UyNkh3ZENfN0VnIn0.zK3OgKsF7DkNp0MtGsWnxPXNUCxcP54FX1ue7veyhUM,"Short Facts Join us on our journey : We at Flexa and Entrix are a diverse team of 50, from 12 nationalities, and steadily growing. To drive the smart and sustainable energy future, we are looking for a forward-thinking and experienced Head of Data Science (d/f/m) who shares our vision and values. A pioneering Head of Data Science to lead and grow our Data Science team with innovation, foster talent and teamwork, and drive our offering's growth in alignment with and exceeding Flexa's strategic g…",2025-05-04T21:27:47Z,0,"{'tag': 'unknown', 'label': 'Unknown', '__CLASS__': 'Adzuna::API::Response::Category'}",Head of Data Science,48.1476,Adzuna::API::Response::Job,full_time,140000.0,,100000.0
5153824398,"{'__CLASS__': 'Adzuna::API::Response::Location', 'area': ['Deutschland', 'Berlin'], 'display_name': 'Berlin, Deutschland'}","{'display_name': 'yd.yourdelivery', '__CLASS__': 'Adzuna::API::Response::Company'}",https://www.adzuna.de/details/5153824398?utm_medium=api&utm_source=a4bcf954,13.420806,eyJhbGciOiJIUzI1NiJ9.eyJzIjoiSU1ZVzdPaEY4QkdVMjZId2RDXzdFZyIsImkiOiI1MTUzODI0Mzk4In0.KM7EKsB8mDZUFkF2rArcHuZNkzAxbz5mjl1sV0Q5w1A,"Ready for a challenge? Then Just Eat Takeaway.com might be the place for you. We’re a leading global online food delivery platform, and our vision is to empower everyday convenience. Whether it’s a Friday-night feast, a post-gym poke bowl, or grabbing some groceries, our tech platform connects tens of millions of customers with hundreds of thousands of restaurant, grocery and convenience partners across the globe. About this role As a Data Science Manager for Logistics online world, you will be…",2025-04-19T21:32:31Z,0,"{'label': 'Stellen aus Logistik & Lagerhaltung', 'tag': 'logistics-warehouse-jobs', '__CLASS__': 'Adzuna::API::Response::Category'}","Data Science Manager, Logistics",52.507706,Adzuna::API::Response::Job,full_time,,,
5120334821,"{'__CLASS__': 'Adzuna::API::Response::Location', 'display_name': 'Berlin, Deutschland', 'area': ['Deutschland', 'Berlin']}","{'display_name': 'eMFusion Global', '__CLASS__': 'Adzuna::API::Response::Company'}",https://www.adzuna.de/details/5120334821?utm_medium=api&utm_source=a4bcf954,,eyJhbGciOiJIUzI1NiJ9.eyJpIjoiNTEyMDMzNDgyMSIsInMiOiJJTVlXN09oRjhCR1UyNkh3ZENfN0VnIn0.bDfpcK3G1STTZcew8liqC98L7hPsYCl4jlbZNLwG740,"Product Manager with Data Science Background (m/f/d) Location: Berlin, Germany - Hybrid/Remote My client is seeking a talented and driven Product Manager to join their fast-growing team. As a leader in business model innovation, algorithm development, and digital solutions, they deliver impactful results for their clients by providing end-to-end solutions. This is an exciting opportunity to be part of a dynamic and agile team, working in a startup-like environment with a steep development curve…",2025-03-31T21:17:24Z,0,"{'tag': 'unknown', 'label': 'Unknown', '__CLASS__': 'Adzuna::API::Response::Category'}",Product Manager - Data Science,,Adzuna::API::Response::Job,,,,
5241444880,"{'area': ['Deutschland', 'Nordrhein-Westfalen', 'Dortmund'], 'display_name': 'Dortmund, Nordrhein-Westfalen', '__CLASS__': 'Adzuna::API::Response::Location'}","{'__CLASS__': 'Adzuna::API::Response::Company', 'display_name': 'Amprion GmbH'}",https://www.adzuna.de/land/ad/5241444880?se=IMYW7OhF8BGU26HwdC_7Eg&utm_medium=api&utm_source=a4bcf954&v=4E3090F26475683FE83705156C2B1D6342F6A79E,7.464954,eyJhbGciOiJIUzI1NiJ9.eyJzIjoiSU1ZVzdPaEY4QkdVMjZId2RDXzdFZyIsImkiOiI1MjQxNDQ0ODgwIn0.IjeNjzIbvUOE3H695vHaZbgD7FjtT0r_Zc1w9MUcqX8,"Amprion verbindet. Unser Übertragungsnetz transportiert Strom für 29 Millionen Menschen in einem Gebiet von der Nordsee bis zu den Alpen. Dort wird ein Drittel der deutschen Wirtschaftsleistung erzeugt. Unsere Leitungen sind Lebensadern der Gesellschaft. Wir halten unser Netz stabil und sicher - und bereiten den Weg für die Energiewende: Wir bauen unser Netz aus und arbeiten an neuen Ideen für ein klimaverträgliches, sicheres und effizientes Energiesystem. Aufgaben IHRE AUFGABEN Datenproduktman…",2025-06-09T20:03:06Z,0,"{'__CLASS__': 'Adzuna::API::Response::Category', 'tag': 'other-general-jobs', 'label': 'Sonstige/Allgemeine Stellen'}",Referent Data Governance (w/m/d),51.504967,Adzuna::API::Response::Job,,,,
5119202375,"{'area': ['Deutschland', 'Hamburg', 'Altona-Altstadt'], 'display_name': 'Altona-Altstadt, Hamburg', '__CLASS__': 'Adzuna::API::Response::Location'}","{'__CLASS__': 'Adzuna::API::Response::Company', 'display_name': 'OMG Investment + Activation'}",https://www.adzuna.de/details/5119202375?utm_medium=api&utm_source=a4bcf954,9.9477,eyJhbGciOiJIUzI1NiJ9.eyJpIjoiNTExOTIwMjM3NSIsInMiOiJJTVlXN09oRjhCR1UyNkh3ZENfN0VnIn0.423RaHIMZGsGniHmc_kaER1zxf_t-pWv28HPwequy50,"Bei uns sind alle willkommen - unabhängig von Geschlecht, Nationalität, ethnischer und sozialer Herkunft, Religion/Weltanschauung, Behinderung, Alter oder sexueller Orientierung. Wir glauben an eine Kultur des Wissensaustauschs und des gegenseitigen Respekts, die auf dem Wohlbefinden jeder einzelnen Person im Team basiert. Du konzipierst innovative Datenlösungen und leitest datengetriebene Projekte auf Enterprise-Niveau – idealerweise unter Einsatz von Machine Learning und KI. Von der Strategie…",2025-03-30T21:02:31Z,0,"{'label': 'Unknown', 'tag': 'unknown', '__CLASS__': 'Adzuna::API::Response::Category'}",Director Data Science (mensch),53.54883,Adzuna::API::Response::Job,full_time,,,
5119221769,"{'display_name': 'Friedrichstadt, Düsseldorf', 'area': ['Deutschland', 'Nordrhein-Westfalen', 'Düsseldorf', 'Friedrichstadt'], '__CLASS__': 'Adzuna::API::Response::Location'}","{'display_name': 'OMG Investment + Activation', '__CLASS__': 'Adzuna::API::Response::Company'}",https://www.adzuna.de/details/5119221769?utm_medium=api&utm_source=a4bcf954,6.78075,eyJhbGciOiJIUzI1NiJ9.eyJpIjoiNTExOTIyMTc2OSIsInMiOiJJTVlXN09oRjhCR1UyNkh3ZENfN0VnIn0.vODYB8IpJI3fbVZtX1b8Pbkv9u6Ka9yapQtkLdtL8yM,"Bei uns sind alle willkommen - unabhängig von Geschlecht, Nationalität, ethnischer und sozialer Herkunft, Religion/Weltanschauung, Behinderung, Alter oder sexueller Orientierung. Wir glauben an eine Kultur des Wissensaustauschs und des gegenseitigen Respekts, die auf dem Wohlbefinden jeder einzelnen Person im Team basiert. Du konzipierst innovative Datenlösungen und leitest datengetriebene Projekte auf Enterprise-Niveau – idealerweise unter Einsatz von Machine Learning und KI. Von der Strategie…",2025-03-30T21:29:58Z,0,"{'__CLASS__': 'Adzuna::API::Response::Category', 'tag': 'unknown', 'label': 'Unknown'}",Director Data Science (mensch),51.21393,Adzuna::API::Response::Job,full_time,,,
5217069423,"{'__CLASS__': 'Adzuna::API::Response::Location', 'area': ['Deutschland', 'Niedersachsen', 'Region Hannover (Kreis)', 'Hannover'], 'display_name': 'Hannover, Region Hannover (Kreis)'}","{'display_name': 'Swiss Life Deutschland Holding GmbH', '__CLASS__': 'Adzuna::API::Response::Company'}",https://www.adzuna.de/land/ad/5217069423?se=IMYW7OhF8BGU26HwdC_7Eg&utm_medium=api&utm_source=a4bcf954&v=2C16BDA536169D7489D9D97094E9C0E5F9A63AB9,9.742751,eyJhbGciOiJIUzI1NiJ9.eyJzIjoiSU1ZVzdPaEY4QkdVMjZId2RDXzdFZyIsImkiOiI1MjE3MDY5NDIzIn0.diR8H7IQYoLH2Knl_G-Pv3Fvkwp3W4zl62tlKps7Cus,"Du möchtest deine Talente entfalten, deine Stärken beweisen, deine Ideen einbringen? Als ein führender europäischer Anbieter von Finanz- und Vorsorgelösungen unterstützen wir mit Leidenschaft Menschen, finanziell für sich zu sorgen – ein Leben lang. Das Know-how und die Leidenschaft unserer Mitarbeitenden ist dabei die Grundlage unserer Erfolge. Deshalb fördern und unterstützen wir auch dich individuell und bedarfsgerecht sowohl in deiner persönlichen als auch bei deiner beruflichen Entwicklung…",2025-05-26T19:39:21Z,0,"{'__CLASS__': 'Adzuna::API::Response::Category', 'tag': 'sales-jobs', 'label': 'Vertriebsstellen'}",Mitarbeiter (m/w/d) Vertriebscontrolling,52.378818,Adzuna::API::Response::Job,,,,
4970710246,"{'area': ['Deutschland', 'Baden-Württemberg', 'Karlsruhe (Kreis)', 'Karlsruhe', 'Hagsfeld'], 'display_name': 'Hagsfeld, Karlsruhe', '__CLASS__': 'Adzuna::API::Response::Location'}","{'display_name': 'prenode GmbH', '__CLASS__': 'Adzuna::API::Response::Company'}",https://www.adzuna.de/details/4970710246?utm_medium=api&utm_source=a4bcf954,8.45882,eyJhbGciOiJIUzI1NiJ9.eyJzIjoiSU1ZVzdPaEY4QkdVMjZId2RDXzdFZyIsImkiOiI0OTcwNzEwMjQ2In0.YYBhWH8EioceL9yVqRn70lTi0dXu5_Mtspena6xDGN4,"Deine Aufgaben Sammle wertvolle praktische Erfahrungen in der Anwendung von KI, indem du an spannenden Forschungs- und Kundenprojekten mitwirkst. Nimm an unseren Workshops mit namhaften Kunden teil und unterstütze dabei, kundenspezifische Anforderungen zu identifizieren und Lösungen zu entwickeln. Leite durch fortgeschrittene Analysen und Visualisierungen Erkenntnisse aus Daten ab. Unterstütze bei der Erprobung und Auswahl geeigneter Machine Learning Verfahren. Helfe bei der Implementierung von…",2024-12-10T19:18:43Z,0,"{'tag': 'unknown', 'label': 'Unknown', '__CLASS__': 'Adzuna::API::Response::Category'}",Praktikum: Data Science und KI,49.03084,Adzuna::API::Response::Job,part_time,,,
4971811867,"{'__CLASS__': 'Adzuna::API::Response::Location', 'area': ['Deutschland', 'Baden-Württemberg', 'Karlsruhe (Kreis)', 'Karlsruhe'], 'display_name': 'Karlsruhe, Karlsruhe (Kreis)'}","{'__CLASS__': 'Adzuna::API::Response::Company', 'display_name': 'prenode'}",https://www.adzuna.de/details/4971811867?utm_medium=api&utm_source=a4bcf954,8.412378,eyJhbGciOiJIUzI1NiJ9.eyJzIjoiSU1ZVzdPaEY4QkdVMjZId2RDXzdFZyIsImkiOiI0OTcxODExODY3In0.mFYMJ3LEpop65aDDwSWMvyBURj-lVphcIGssitUmAbE,"Deine Aufgaben Sammle wertvolle praktische Erfahrungen in der Anwendung von KI, indem du an spannenden Forschungs- und Kundenprojekten mitwirkst. Nimm an unseren Workshops mit namhaften Kunden teil und unterstütze dabei, kundenspezifische Anforderungen zu identifizieren und Lösungen zu entwickeln. Leite durch fortgeschrittene Analysen und Visualisierungen Erkenntnisse aus Daten ab. Unterstütze bei der Erprobung und Auswahl geeigneter Machine Learning Verfahren. Helfe bei der Implementierung von…",2024-12-11T12:44:02Z,0,"{'label': 'Unknown', 'tag': 'unknown', '__CLASS__': 'Adzuna::API::Response::Category'}",Praktikum: Data Science und KI,49.001249,Adzuna::API::Response::Job,part_time,,,
5191089945,"{'__CLASS__': 'Adzuna::API::Response::Location', 'display_name': 'Deutschland', 'area': ['Deutschland']}","{'__CLASS__': 'Adzuna::API::Response::Company', 'display_name': 'Lidl Stiftung'}",https://www.adzuna.de/details/5191089945?utm_medium=api&utm_source=a4bcf954,,eyJhbGciOiJIUzI1NiJ9.eyJzIjoiSU1ZVzdPaEY4QkdVMjZId2RDXzdFZyIsImkiOiI1MTkxMDg5OTQ1In0.9wm3iSTDTfhjOaVh0zefHK0-qLMPOswwlcd3Cb0nkVo,"Einleitung Eine gute Idee war der Ursprung, ein erfolgreiches Konzept ist das Ergebnis. Qualität zum guten Preis möglichst vielen Menschen anbieten zu können treibt uns an - mittlerweile weltweit, denn wir sind Lidl. Hier ist das berufliche Zuhause vielfältiger Talente. Ob im Einkauf, in der Logistik, im Warengeschäft oder in der IT; ob als Impulsgeber, Gestalter oder Dienstleister der Länder. Wir suchen Anpacker, Durchstarter, Möglichmacher und bieten spannende Aufgaben und Projekte in einem d…",2025-05-09T20:37:52Z,0,"{'__CLASS__': 'Adzuna::API::Response::Category', 'tag': 'unknown', 'label': 'Unknown'}",Praktikum Data Science in Neckarsulm,,Adzuna::API::Response::Job,full_time,,,
5090920846,"{'display_name': 'Hürth, Rhein-Erft-Kreis', 'area': ['Deutschland', 'Nordrhein-Westfalen', 'Rhein-Erft-Kreis', 'Hürth'], '__CLASS__': 'Adzuna::API::Response::Location'}","{'display_name': 'niologic', '__CLASS__': 'Adzuna::API::Response::Company'}",https://www.adzuna.de/details/5090920846?utm_medium=api&utm_source=a4bcf954,6.86811,eyJhbGciOiJIUzI1NiJ9.eyJpIjoiNTA5MDkyMDg0NiIsInMiOiJJTVlXN09oRjhCR1UyNkh3ZENfN0VnIn0.QiZe4DYlxIUUroGysyoughbTZlyr7DWVDOn7eWO5ge4,START YOUR CAREER WITH OUR CONSULTING ACTIVITIES IN MACHINE LEARNING! - Bei Niologic bauen wir das führende Beratungsunternehmen für Product Engineering für KI und Location Intelligence in Deutschland auf. Durch die Kombination der Megatrends KI und Location Intelligence wollen wir für unsere Kunden die neuesten Trends in Produktion bringen und ihr tägliches Leben positiv verändern. Entgegen aktueller Branchentrends und mit dem Vertrauen führender Marken im Rücken wollen wir von einem außergewö…,2025-03-13T10:46:40Z,0,"{'tag': 'consultancy-jobs', 'label': 'Beraterstellen', '__CLASS__': 'Adzuna::API::Response::Category'}",Trainee Data Science in der Unternehmensberatung,50.87096,Adzuna::API::Response::Job,,,,
4870489075,"{'display_name': 'Berlin, Deutschland', 'area': ['Deutschland', 'Berlin'], '__CLASS__': 'Adzuna::API::Response::Location'}","{'display_name': 'Mapp Digital Us Llc', '__CLASS__': 'Adzuna::API::Response::Company'}",https://www.adzuna.de/details/4870489075?utm_medium=api&utm_source=a4bcf954,13.420806,eyJhbGciOiJIUzI1NiJ9.eyJzIjoiSU1ZVzdPaEY4QkdVMjZId2RDXzdFZyIsImkiOiI0ODcwNDg5MDc1In0.zKUSi55oCTddkNiF1lnNFoQGOqE9ztpCjTa8bJqZiIs,"INTRODUCTION TO THE COMPANY Webtrekk is one of Europe’s market leaders for Customer Intelligence and Marketing Analytics. Since 2019, we are part of the marketing technology service provider, Mapp, and support marketers and data analysts in understanding and analyzing the behavior of their website and app users across all channels and help to utilize this information specifically for marketing purposes. Our solution, which is based on first-party data, ensures maximum data depth for our custome…",2024-09-20T13:48:26Z,0,"{'label': 'Unknown', 'tag': 'unknown', '__CLASS__': 'Adzuna::API::Response::Category'}",Team Lead Data Science,52.507706,Adzuna::API::Response::Job,full_time,,,
5169955809,"{'__CLASS__': 'Adzuna::API::Response::Location', 'display_name': 'Münster, Nordrhein-Westfalen', 'area': ['Deutschland', 'Nordrhein-Westfalen', 'Münster']}","{'__CLASS__': 'Adzuna::API::Response::Company', 'display_name': 'H. Gautzsch Firmengruppe'}",https://www.adzuna.de/land/ad/5169955809?se=IMYW7OhF8BGU26HwdC_7Eg&utm_medium=api&utm_source=a4bcf954&v=AE42F668A3CD0E86AB085148883094CA5906C7C0,7.621504,eyJhbGciOiJIUzI1NiJ9.eyJzIjoiSU1ZVzdPaEY4QkdVMjZId2RDXzdFZyIsImkiOiI1MTY5OTU1ODA5In0.ZLIQiYBsPUxcG6JAIeDHMtG437jFebMk5drx0ou8RJA,"Die H. Gautzsch Firmengruppe ist ein Verbund führender mittel­ständischer Fach­großhandlungen mit mehr als 70 Standorten in Deutschland, Österreich und in unseren wichtigsten globalen Beschaffungs­märkten. Wir beschäftigen über 1.400 Mitarbeiter. Als Familien­unternehmen mit Stammsitz in Münster/Westfalen sind wir inhaber­geführt und mittel­ständisch geprägt. Mit unseren operativ selbstständigen Großhandels­häusern arbeiten wir seit 160 Jahren in unseren Geschäfts­bereichen. Wenn Du willst, wir…",2025-04-30T07:14:05Z,0,"{'__CLASS__': 'Adzuna::API::Response::Category', 'tag': 'scientific-qa-jobs', 'label': 'Stellen aus Wissenschaft & Qualitätssicherung'}",Senior Data Scientist (m/w/d) in Münster,51.955292,Adzuna::API::Response::Job,,,,
5206367615,"{'__CLASS__': 'Adzuna::API::Response::Location', 'display_name': 'Berlin, Deutschland', 'area': ['Deutschland', 'Berlin']}","{'__CLASS__': 'Adzuna::API::Response::Company', 'display_name': 'PD - Berater der öffentlichen Hand GmbH'}",https://www.adzuna.de/land/ad/5206367615?se=IMYW7OhF8BGU26HwdC_7Eg&utm_medium=api&utm_source=a4bcf954&v=235665D37D05E04B3064927BFE55D8CB3F6FEB48,13.420806,eyJhbGciOiJIUzI1NiJ9.eyJpIjoiNTIwNjM2NzYxNSIsInMiOiJJTVlXN09oRjhCR1UyNkh3ZENfN0VnIn0.rJp3EYv50siBjuwvyYGrY3-cYN1N48TV1vi24dLhOvk,"Denn: Wir sind Partnerin der Verwaltung und beraten vielfältige Projekte zu moderner Verwaltungsarbeit und Infrastruktur auf Bundes,- Landes- und kommunaler Ebene. Dabei agieren wir neutral, unabhängig und mit dem Ziel, die öffentliche Hand mit unserer Beratung nach vorne zu bringen. Unsere besondere Expertise ist sogar ausgezeichnet: als „Hidden Champion des Beratungsmarktes“ im Public Sector sind wir die Inhouse-Beratung der öffentlichen Hand. Wir, das sind inzwischen über 1.100 Mitarbeitende…",2025-05-19T19:35:09Z,0,"{'label': 'Technikerstellen', 'tag': 'engineering-jobs', '__CLASS__': 'Adzuna::API::Response::Category'}",(Senior/Lead) Specialist (w/m/d) im Bereich Data Engineering,52.507706,Adzuna::API::Response::Job,,,,
5211909829,"{'__CLASS__': 'Adzuna::API::Response::Location', 'display_name': 'Deutschland', 'area': ['Deutschland']}","{'__CLASS__': 'Adzuna::API::Response::Company', 'display_name': 'Luxoft Germany'}",https://www.adzuna.de/land/ad/5211909829?se=IMYW7OhF8BGU26HwdC_7Eg&utm_medium=api&utm_source=a4bcf954&v=F6FC31AF25F6A443DA579C716A5D9B39CC674C89,,eyJhbGciOiJIUzI1NiJ9.eyJpIjoiNTIxMTkwOTgyOSIsInMiOiJJTVlXN09oRjhCR1UyNkh3ZENfN0VnIn0.4XJY_i6k6WXOqH8OdLvtOE0jcwHdengbWKENw9JKNS4,"Project description In the rapidly evolving landscape of modern mobility and transport services, a significant challenge lies in seamlessly integrating the elements of automotive OEM infrastructure with diverse services of external partners. Luxoft will develop a Cloud platform to exchange, integrate and process data from and to the vehicle, the Mobileye SDS backend, and the MaaS System. The AWS-based solution will be designed by reviewing and improving the current concept in close cooperation …",2025-05-23T06:35:22Z,0,"{'__CLASS__': 'Adzuna::API::Response::Category', 'label': 'Unknown', 'tag': 'unknown'}",Senior Data Engineer (m/w/d) - with experience Data Modelling and Data Science  AWS,,Adzuna::API::Response::Job,,,,
5239844196,"{'__CLASS__': 'Adzuna::API::Response::Location', 'area': ['Deutschland', 'Sachsen', 'Leipzig (Kreis)', 'Leipzig'], 'display_name': 'Leipzig, Leipzig (Kreis)'}","{'__CLASS__': 'Adzuna::API::Response::Company', 'display_name': 'IQVIA Commercial GmbH & Co. OHG'}",https://www.adzuna.de/land/ad/5239844196?se=IMYW7OhF8BGU26HwdC_7Eg&utm_medium=api&utm_source=a4bcf954&v=3346B9509FCA6F2A7E4EE3BAFAF5026524869514,12.373598,eyJhbGciOiJIUzI1NiJ9.eyJpIjoiNTIzOTg0NDE5NiIsInMiOiJJTVlXN09oRjhCR1UyNkh3ZENfN0VnIn0.QwRixPVlrH1lVAhb1jv_O5YzvWYQWa3nFG9I7O0J360,"IQVIA TM – The Human Data Science Company TM – ist ein führender, globaler Anbieter von zukunftsweisender Analytik, Technologielösungen und klinischer Auftragsforschung. IQVIA unterstützt Life-Science-Unternehmen, Verbände, Institutionen, Kostenträger und weitere Akteure im Gesundheitswesen darin, bessere Ergebnisse in der Gesundheitsversorgung zu erzielen. Werden Sie Teil unserer Community  von rund 90.000 Mitarbeiterinnen und Mitarbeitern in über 100 Ländern, die sich dafür einsetzen, das Pot…",2025-06-08T09:22:07Z,0,"{'__CLASS__': 'Adzuna::API::Response::Category', 'tag': 'accounting-finance-jobs', 'label': 'Stellen aus Buchhaltung & Finanzwesen'}",Payroll Spezialist / Mitarbeiter in der Entgeltabrechnung (m/w/d) Pharma & Healthcare,51.339254,Adzuna::API::Response::Job,,,,
5205171408,"{'__CLASS__': 'Adzuna::API::Response::Location', 'area': ['Deutschland', 'Baden-Württemberg', 'Böblingen (Kreis)', 'Sindelfingen'], 'display_name': 'Sindelfingen, Böblingen (Kreis)'}","{'display_name': 'Mercedes-Benz AG', '__CLASS__': 'Adzuna::API::Response::Company'}",https://www.adzuna.de/land/ad/5205171408?se=IMYW7OhF8BGU26HwdC_7Eg&utm_medium=api&utm_source=a4bcf954&v=49AD63051C92E8169584078C9179697F478B3AAF,9.026231,eyJhbGciOiJIUzI1NiJ9.eyJpIjoiNTIwNTE3MTQwOCIsInMiOiJJTVlXN09oRjhCR1UyNkh3ZENfN0VnIn0.K0cCehHlQf8VkegVDZRRyvAZcr3lC9CFIqJH5MtRwgE,"Life is always about becoming… Im Leben geht es darum, sich auf eine Reise zu begeben, um die beste Version unseres zukünftigen Selbst zu werden. Während wir Neues entdecken, stellen wir uns Herausforderungen, meistern sie und wachsen über uns hinaus. Bewerben Sie sich bei Mercedes-Benz und finden Sie den Aufgabenbereich, in dem Sie Ihre Talente individuell entfalten können. Dabei werden Sie von visionären Kolleginnen und Kollegen unterstützt, die Ihren Pioniergeist teilen. Bei uns einzusteigen…",2025-05-18T19:33:03Z,0,"{'label': 'Sonstige/Allgemeine Stellen', 'tag': 'other-general-jobs', '__CLASS__': 'Adzuna::API::Response::Category'}",Praktikum im Bereich Product Management für die Entwicklung digitaler Ladedienste ab Oktober 2025,48.720071,Adzuna::API::Response::Job,,,,
5239828081,"{'area': ['Deutschland', 'Nordrhein-Westfalen', 'Essen'], 'display_name': 'Essen, Nordrhein-Westfalen', '__CLASS__': 'Adzuna::API::Response::Location'}","{'__CLASS__': 'Adzuna::API::Response::Company', 'display_name': 'NOWEDA Apothekergenossenschaft eG'}",https://www.adzuna.de/land/ad/5239828081?se=IMYW7OhF8BGU26HwdC_7Eg&utm_medium=api&utm_source=a4bcf954&v=8BA77E079C12FEA3BB01042E6FA1BFE3D310909A,7.014478,eyJhbGciOiJIUzI1NiJ9.eyJpIjoiNTIzOTgyODA4MSIsInMiOiJJTVlXN09oRjhCR1UyNkh3ZENfN0VnIn0.J3aL_ehG2Dd-WwRcyACbE1-d1IREAOxbv_JqsShA0cU,"NOWEDA ist ein vollversorgendes pharmazeutisches Großhandelsunternehmen mit 20 Niederlassungen in Deutschland sowie Beteiligungen an Unternehmen in Luxemburg und in der Schweiz. Eigentümer und Mitglieder der genossenschaftlich organisierten NOWEDA sind mehr als 9 300 Apothekerinnen und Apotheker. Mit einem Gesamtumsatz von 9,9 Milliarden Euro ist NOWEDA eines der großen deutschen Handelsunternehmen. Hauptsitz der Genossenschaft ist Essen. NOWEDA stellt ihren Mitglieder-Apotheken, und damit den …",2025-06-08T08:58:49Z,0,"{'tag': 'other-general-jobs', 'label': 'Sonstige/Allgemeine Stellen', '__CLASS__': 'Adzuna::API::Response::Category'}",KI-Experte (m/w/d),51.444823,Adzuna::API::Response::Job,,,,
5238104051,"{'display_name': 'Berlin, Deutschland', 'area': ['Deutschland', 'Berlin'], '__CLASS__': 'Adzuna::API::Response::Location'}","{'display_name': 'Bitkom e.V.', '__CLASS__': 'Adzuna::API::Response::Company'}",https://www.adzuna.de/land/ad/5238104051?se=IMYW7OhF8BGU26HwdC_7Eg&utm_medium=api&utm_source=a4bcf954&v=E8606970A3C317465E03215F73E690C5DCB24BA6,13.420806,eyJhbGciOiJIUzI1NiJ9.eyJzIjoiSU1ZVzdPaEY4QkdVMjZId2RDXzdFZyIsImkiOiI1MjM4MTA0MDUxIn0.SoyoGL3N6udO8UlseppvQqPc7nZ-2C9b1LB592HlAN0,"Die Bitkom Servicegesellschaft mbH ist ein Unternehmen des Bitkom e.V., dem führenden Verband der Digitalbranche in Deutschland und Europa. Als moderner Dienstleister unterstützen wir Unternehmen aus der Digitalbranche und anderen Marktsegmenten mit einer Vielzahl von Serviceleistungen. Zurzeit bauen wir einen neuen Geschäftsbereich auf, der sich mit einem innovativen Serviceangebot aus dem Weiterbildungsbereich an B2B-Kunden aus der DACH-Region richtet. Für diesen Geschäftsbereich suchen wir z…",2025-06-07T08:06:58Z,0,"{'tag': 'other-general-jobs', 'label': 'Sonstige/Allgemeine Stellen', '__CLASS__': 'Adzuna::API::Response::Category'}",Werkstudentin oder Werkstudent für Plattformsupport,52.507706,Adzuna::API::Response::Job,,,,
5239822115,"{'area': ['Deutschland', 'Bayern', 'München (Kreis)', 'München'], 'display_name': 'München, München (Kreis)', '__CLASS__': 'Adzuna::API::Response::Location'}","{'display_name': 'AllDent Zahnzentrum GmbH', '__CLASS__': 'Adzuna::API::Response::Company'}",https://www.adzuna.de/land/ad/5239822115?se=IMYW7OhF8BGU26HwdC_7Eg&utm_medium=api&utm_source=a4bcf954&v=0D59140CF3BAD8610B8317D47B82F106F3CC6E62,11.555737,eyJhbGciOiJIUzI1NiJ9.eyJzIjoiSU1ZVzdPaEY4QkdVMjZId2RDXzdFZyIsImkiOiI1MjM5ODIyMTE1In0.Nwdl6USyINZE3pzpodABv3AHoUPO6YET9RRQqHoLmIU,"Attraktiver Stundenlohn Flexible Einsatzplanung, abhängig von Deinem Studienplan Zugang zum Rabattportal ""Corporate Benefits"" Arbeit in einem hellen und modernen Büro in München Harmonisches und vertrauensvolles Arbeitsklima in einem freundlichen Team Aufgaben Erstellung von monatlichen Reportings relevanter KPIs für interne und externe Stakeholder Content Management: Unterstützung beim Seiten-Relaunch – Aufbau neuer Seiten, kleinere Textaufträge und strukturelles Testing Unterstützung Social M…",2025-06-08T08:34:36Z,0,"{'label': 'Stellen aus PR, Werbung & Marketing', 'tag': 'pr-advertising-marketing-jobs', '__CLASS__': 'Adzuna::API::Response::Category'}",Werkstudent:in im Bereich Marketing (m/w/d),48.137418,Adzuna::API::Response::Job,,,,
5240890967,"{'__CLASS__': 'Adzuna::API::Response::Location', 'display_name': 'Paderborn, Paderborn (Kreis)', 'area': ['Deutschland', 'Nordrhein-Westfalen', 'Paderborn (Kreis)', 'Paderborn']}","{'__CLASS__': 'Adzuna::API::Response::Company', 'display_name': 'LIRA service GmbH'}",https://www.adzuna.de/land/ad/5240890967?se=IMYW7OhF8BGU26HwdC_7Eg&utm_medium=api&utm_source=a4bcf954&v=CFC05A834CC4E83146DB51A66D434CC1A50C754D,8.753842,eyJhbGciOiJIUzI1NiJ9.eyJzIjoiSU1ZVzdPaEY4QkdVMjZId2RDXzdFZyIsImkiOiI1MjQwODkwOTY3In0.lCFL3sgp9x7e-C3f4LVcD_qZfo-4mv03EYpzQiUEiLk,"Die LIRA service GmbH, mit Ihren mittlerweile rund 70 Mitarbeitern, ist exklusiver IT-Dienstleister für die weltweiten Kronospan Standorte. In Sandebeck bzw. in Paderborn findet die Betreuung des hauseigenen ERP Packages mit Kernkomponenten wie Verkaufsabwicklung, Einkaufsprozessen, Produktions-, Lager- und Versandlogistik statt. Dies umfasst Planung, Design, Entwicklung, Test und Betrieb der Software, Support, Datenbankadministration sowie die Netzwerk- und sonstige Informations- und Telekommu…",2025-06-09T08:06:40Z,0,"{'__CLASS__': 'Adzuna::API::Response::Category', 'label': 'IT-Stellen', 'tag': 'it-jobs'}",Informatiker für interne KI-Projekte (m/w/d),51.737096,Adzuna::API::Response::Job,,,,
5099803948,"{'display_name': 'Köln, Nordrhein-Westfalen', 'area': ['Deutschland', 'Nordrhein-Westfalen', 'Köln'], '__CLASS__': 'Adzuna::API::Response::Location'}","{'display_name': 'REWE Group', '__CLASS__': 'Adzuna::API::Response::Company'}",https://www.adzuna.de/land/ad/5099803948?se=IMYW7OhF8BGU26HwdC_7Eg&utm_medium=api&utm_source=a4bcf954&v=E315CACD4AF23BC36F987AC96F5093E050A3A018,6.969972,eyJhbGciOiJIUzI1NiJ9.eyJpIjoiNTA5OTgwMzk0OCIsInMiOiJJTVlXN09oRjhCR1UyNkh3ZENfN0VnIn0.4E4rBPLNQ5Fq8zJ0DxYo0DT80Gsoh9_XXDB6G42ed3k,"Aufgaben Profil Wir bieten Ort: 50933 Köln | Vertragsart: Vollzeit, unbefristet | Job-ID: 829295 Was wir zusammen vorhaben: Als Geschäftsbereich Analytics der REWE Group sind wir Teil des Vorstandsressorts Digital & Technology, mit dem wir alle strategischen, analytischen und geschäftsunterstützenden Funktionen innerhalb von Handel Deutschland unter einem Dach zusammenführen. Der Geschäftsbereich verfolgt das Ziel, Advanced Analytics sowie Artificial Intelligence als Fähigkeit und Werttreiber i…",2025-03-18T23:56:35Z,0,"{'__CLASS__': 'Adzuna::API::Response::Category', 'label': 'Stellen aus Wissenschaft & Qualitätssicherung', 'tag': 'scientific-qa-jobs'}",(Senior) Data Scientist Analytics (m/w/d),50.940164,Adzuna::API::Response::Job,,,,
5174745174,"{'display_name': 'Deutschland', 'area': ['Deutschland'], '__CLASS__': 'Adzuna::API::Response::Location'}","{'__CLASS__': 'Adzuna::API::Response::Company', 'display_name': 'Publicis Media Germany'}",https://www.adzuna.de/land/ad/5174745174?se=IMYW7OhF8BGU26HwdC_7Eg&utm_medium=api&utm_source=a4bcf954&v=64EE25BE4CE17FB3225A40E09AF9F044C5ABDE33,,eyJhbGciOiJIUzI1NiJ9.eyJpIjoiNTE3NDc0NTE3NCIsInMiOiJJTVlXN09oRjhCR1UyNkh3ZENfN0VnIn0.B2BuGM3Zl6tcIHOfcA9OEigCwBh_nzHf1ClJUkIN1mc,"Über uns Publicis Media ist das weltweit zweitgrößte Mediaagenturnetzwerk und Teil des französischen Kommunikationskonzerns Publicis Groupe. Als globale Holding lebt Publicis Media durch seine globalen Agenturmarken Zenith, Starcom und Spark, die das Kundengeschäft in der strategischen Kommunikationsberatung in über 100 Ländern steuern und ständig weiterentwickeln. Darüber hinaus unterstützen bei Publicis Media zentrale Spezialistenteams die Kunden der Agenturen in den Bereichen: Data und Techn…",2025-05-01T23:51:25Z,0,"{'tag': 'unknown', 'label': 'Unknown', '__CLASS__': 'Adzuna::API::Response::Category'}",Publicis Media - Duales BA-Studium Wirtschaftsinformatik Data Science & KI (m/w/d) - Düsseldorf,,Adzuna::API::Response::Job,,,,
5211608584,"{'__CLASS__': 'Adzuna::API::Response::Location', 'area': ['Deutschland', 'Thüringen', 'Jena'], 'display_name': 'Jena, Thüringen'}","{'__CLASS__': 'Adzuna::API::Response::Company', 'display_name': 'Manpower'}",https://www.adzuna.de/details/5211608584?utm_medium=api&utm_source=a4bcf954,11.589469,eyJhbGciOiJIUzI1NiJ9.eyJzIjoiSU1ZVzdPaEY4QkdVMjZId2RDXzdFZyIsImkiOiI1MjExNjA4NTg0In0.LUf210tzXTLVw7j4irQNkSYOBdxiA_x8MBKFKj9BZ9c,"Software Engineer (gn) Data Science Du suchst einen neuen Job? Dann bist Du hier genau richtig! Wir suchen einen&nbsp; Software Engineer (gn) für den Standort Jena . Kernaufgaben der Stelle: Erstellung von Software für Medizinprodukte mit Fokus auf molekularbiologische Tests, Software für Prüfaufbauten zur Herstellung und Wartung sowie Entwicklung von Medizinprodukten. Unser Angebot: Eine fest kalkulierbare Entlohnung&nbsp; Unbefristeter Arbeitsvertrag Weihnachts- und Urlaubsgeld Schnelle und r…",2025-05-23T00:13:06Z,0,"{'label': 'Unknown', 'tag': 'unknown', '__CLASS__': 'Adzuna::API::Response::Category'}",Software Engineer (gn) Data Science,50.923007,Adzuna::API::Response::Job,,,,
5143047914,"{'area': ['Deutschland', 'Bayern', 'München (Kreis)', 'München'], 'display_name': 'München, München (Kreis)', '__CLASS__': 'Adzuna::API::Response::Location'}","{'__CLASS__': 'Adzuna::API::Response::Company', 'display_name': 'MTU Aero Engines AG'}",https://www.adzuna.de/details/5143047914?utm_medium=api&utm_source=a4bcf954,11.555737,eyJhbGciOiJIUzI1NiJ9.eyJzIjoiSU1ZVzdPaEY4QkdVMjZId2RDXzdFZyIsImkiOiI1MTQzMDQ3OTE0In0.5b_7mEAnUGmGV_4j4GvF8wccu9NFwdpMVtRK7y8OpW0,"UPLIFTYOURFUTURE Wir sind über 13.000. An 19 Standorten weltweit. Jedes dritte Flugzeug fliegt mit unserer Technologie. Immer effizienter, leiser, nachhaltiger. Wir gestalten die Zukunft der Luftfahrt. Was wir noch brauchen? Dich. Unser Team sucht Dich: Werkstudent Data Science / Data Engineering (all genders) in München Kennziffer – WS MUC MCID Bei der Instandhaltung von Flugzeugtriebwerken entstehen eine Vielzahl verschiedenster Daten. Erst wenn diese Informationen aufbereitet, geprüft und zu…",2025-04-13T08:27:59Z,0,"{'tag': 'unknown', 'label': 'Unknown', '__CLASS__': 'Adzuna::API::Response::Category'}",Werkstudent Data Science / Data Engineering (all genders),48.137418,Adzuna::API::Response::Job,part_time,,contract,
5148236983,"{'display_name': 'Allach-Untermenzing, München', 'area': ['Deutschland', 'Bayern', 'München (Kreis)', 'München', 'Allach-Untermenzing'], '__CLASS__': 'Adzuna::API::Response::Location'}","{'__CLASS__': 'Adzuna::API::Response::Company', 'display_name': 'MTU Aero Engines AG'}",https://www.adzuna.de/details/5148236983?utm_medium=api&utm_source=a4bcf954,11.44811,eyJhbGciOiJIUzI1NiJ9.eyJpIjoiNTE0ODIzNjk4MyIsInMiOiJJTVlXN09oRjhCR1UyNkh3ZENfN0VnIn0.fRTt4LXGEw1KnT2MAlJYRNjSzkjD8o2rZWjfqQg4KN4,"UPLIFT Y OURFUTURE Wir sind über 13.000. An 19 Standorten weltweit. Jedes dritte Flugzeug fliegt mit unserer Technologie. Immer effizienter, leiser, nachhaltiger. Wir gestalten die Zukunft der Luftfahrt. Was wir noch brauchen? Dich. Unser Team in München sucht Dich: Werkstudent Data Science / Data Engineering (all genders) Bei der Instandhaltung von Flugzeugtriebwerken entstehen eine Vielzahl verschiedenster Daten. Erst wenn diese Informationen aufbereitet, geprüft und zusammengeführt sind, kön…",2025-04-16T21:50:01Z,0,"{'__CLASS__': 'Adzuna::API::Response::Category', 'tag': 'manufacturing-jobs', 'label': 'Stellen aus Fertigung'}",Werkstudent Data Science / Data Engineering (all genders),48.18449,Adzuna::API::Response::Job,part_time,,,
5140624327,"{'area': ['Deutschland', 'Hessen', 'Hersfeld-Rotenburg (Kreis)', 'Bad Hersfeld'], 'display_name': 'Bad Hersfeld, Hersfeld-Rotenburg (Kreis)', '__CLASS__': 'Adzuna::API::Response::Location'}","{'__CLASS__': 'Adzuna::API::Response::Company', 'display_name': 'CAPERA Gruppe - Personalberatung und Personalentwicklung'}",https://www.adzuna.de/land/ad/5140624327?se=IMYW7OhF8BGU26HwdC_7Eg&utm_medium=api&utm_source=a4bcf954&v=01260AA7A3B7B0A8FCEF67E718D41C28142F6F80,9.70718,eyJhbGciOiJIUzI1NiJ9.eyJpIjoiNTE0MDYyNDMyNyIsInMiOiJJTVlXN09oRjhCR1UyNkh3ZENfN0VnIn0.TNdo8gKIGKeGe4LnyQf7nUoD_uJVysNpOow3JWm0cks,"Unser Klient ist Libri, einer der führenden und innovativsten Großhändler und Dienstleister für Bücher und Medienprodukte in Europa. 700 Beschäftigte sorgen dafür, dass jährlich über 80 Million Sendungen verpackt werden und am nächsten Tag zuverlässig beim Kunden ankommen. Zur Verstärkung und für künftige neue Aufgaben suchen wir für Libri eine analytisch starke und unternehmerisch denkende Persönlichkeit. Unser Klient setzt auf datengetriebene Entscheidungen, um seine Marktposition weiter ausz…",2025-04-11T19:01:03Z,0,"{'label': 'Beraterstellen', 'tag': 'consultancy-jobs', '__CLASS__': 'Adzuna::API::Response::Category'}",(Senior) Business Analyst (m/w/d) - Datengestützte Optimierung und Strategie - Hybrid in Bad Hersfeld,50.86894,Adzuna::API::Response::Job,,,,
5221186965,"{'__CLASS__': 'Adzuna::API::Response::Location', 'area': ['Deutschland', 'Nordrhein-Westfalen', 'Düsseldorf'], 'display_name': 'Düsseldorf, Nordrhein-Westfalen'}","{'display_name': 'Publicis Media GmbH', '__CLASS__': 'Adzuna::API::Response::Company'}",https://www.adzuna.de/land/ad/5221186965?se=IMYW7OhF8BGU26HwdC_7Eg&utm_medium=api&utm_source=a4bcf954&v=4158D1F732055CA01C1F99836ECED1CBC68AC2B7,6.808387,eyJhbGciOiJIUzI1NiJ9.eyJzIjoiSU1ZVzdPaEY4QkdVMjZId2RDXzdFZyIsImkiOiI1MjIxMTg2OTY1In0.jhbMzHuJNSw_K_R1m3TwQT-lXurEggrfHtHFtYefGys,"Publicis Media ist das weltweit zweitgrößte Mediaagenturnetzwerk und Teil des französischen Kommunikationskonzerns Publicis Groupe. Als globale Holding lebt Publicis Media durch seine vier globalen Agenturmarken Zenith, Starcom, Mediavest | Spark und Blue 449, die das Kundengeschäft in der strategischen Kommunikationsberatung in über 100 Ländern steuern und stetig weiterentwickeln.Darüber hinaus unterstützen bei Publicis Media zentrale Spezialistenteams die Kunden der Agenturen in den Bereichen…",2025-05-29T07:51:33Z,0,"{'label': 'IT-Stellen', 'tag': 'it-jobs', '__CLASS__': 'Adzuna::API::Response::Category'}",Media Application Consultant / System Engineer - (m/w/d),51.226802,Adzuna::API::Response::Job,,,,
5192418810,"{'display_name': 'Frankfurt am Main, Hessen', 'area': ['Deutschland', 'Hessen', 'Frankfurt am Main'], '__CLASS__': 'Adzuna::API::Response::Location'}","{'display_name': 'IQVIA Commercial GmbH & Co. OHG', '__CLASS__': 'Adzuna::API::Response::Company'}",https://www.adzuna.de/land/ad/5192418810?se=IMYW7OhF8BGU26HwdC_7Eg&utm_medium=api&utm_source=a4bcf954&v=A4D1E088502A5846497AAB1797F2A7DF135E0440,8.650578,eyJhbGciOiJIUzI1NiJ9.eyJpIjoiNTE5MjQxODgxMCIsInMiOiJJTVlXN09oRjhCR1UyNkh3ZENfN0VnIn0.BYSHnHTKv_NeawLGzhHwXfXiz68jrlCj0ZueYMlS2f0,"IQVIA TM – The Human Data Science Company TM – ist ein führender, globaler Anbieter von zukunftsweisender Analytik, Technologielösungen und klinischer Auftragsforschung. IQVIA unterstützt Life-Science-Unternehmen, Verbände, Institutionen, Kostenträger und weitere Akteure im Gesundheitswesen darin, bessere Ergebnisse in der Gesundheitsversorgung zu erzielen. Werden Sie Teil unserer Community  von rund 90.000 Mitarbeiterinnen und Mitarbeitern in über 100 Ländern, die sich dafür einsetzen, das Pot…",2025-05-10T19:24:50Z,0,"{'__CLASS__': 'Adzuna::API::Response::Category', 'label': 'Unknown', 'tag': 'unknown'}",Financial Analyst (m/w/d) Planning & Analysis,50.129683,Adzuna::API::Response::Job,,,,
5224416297,"{'display_name': 'Deutschland', 'area': ['Deutschland'], '__CLASS__': 'Adzuna::API::Response::Location'}","{'__CLASS__': 'Adzuna::API::Response::Company', 'display_name': 'Getränke Hoffmann GmbH'}",https://www.adzuna.de/land/ad/5224416297?se=IMYW7OhF8BGU26HwdC_7Eg&utm_medium=api&utm_source=a4bcf954&v=2E2F3E95E9BB78CAE86A2C1E783B599F3B00EE35,,eyJhbGciOiJIUzI1NiJ9.eyJpIjoiNTIyNDQxNjI5NyIsInMiOiJJTVlXN09oRjhCR1UyNkh3ZENfN0VnIn0.DPR0vIyyIYrqQhk-qFp15r0z_RC81zvXaboGd-z6WXA,"Bei uns stehst du im Vordergrund und ein ganzes Team hinter dir. Respekt, Wertschätzung und Unterstützung in unseren Teams sind neben unseren Kunden das Wichtigste für Getränke Hoffmann. Als führender Getränkefacheinzelhändler begeistern wir unsere Kunden in ganz Deutschland mit einer umfangreichen Sortimentsauswahl von 11.400 Artikeln und einem Einkaufserlebnis mit regionalem Bezug. Wir treiben innovative Themen voran, um den Einkauf noch nachhaltiger und besonders zu gestalten und ermöglichen…",2025-05-31T07:51:11Z,0,"{'__CLASS__': 'Adzuna::API::Response::Category', 'label': 'Sonstige/Allgemeine Stellen', 'tag': 'other-general-jobs'}",Data Allrounder Fokus GH App (m/w/d),,Adzuna::API::Response::Job,,,,
5211970180,"{'__CLASS__': 'Adzuna::API::Response::Location', 'area': ['Deutschland', 'Baden-Württemberg', 'Heilbronn (Kreis)', 'Heilbronn'], 'display_name': 'Heilbronn, Heilbronn (Kreis)'}","{'display_name': 'Schwarz IT', '__CLASS__': 'Adzuna::API::Response::Company'}",https://www.adzuna.de/land/ad/5211970180?se=IMYW7OhF8BGU26HwdC_7Eg&utm_medium=api&utm_source=a4bcf954&v=7183FE471A11646F8C3BAFAB512C650E5F8DE822,9.209895,eyJhbGciOiJIUzI1NiJ9.eyJpIjoiNTIxMTk3MDE4MCIsInMiOiJJTVlXN09oRjhCR1UyNkh3ZENfN0VnIn0.0SubP_EvNKbHuJjvKs2NymWZgXNlmeNPQtI6jR2PTkE,"Die Schwarz IT KG ist als zentraler IT-Dienstleister für Auswahl, Bereitstellung und Betrieb sowie Weiterentwicklung von IT-Infrastrukturen, IT-Plattformen und Business-Anwendungen zuständig. Damit erbringt die Schwarz IT sowohl für Kaufland und Lidl als auch für die Schwarz Dienstleistung KG IT-Dienstleistungen. Um die Fachbereiche durch IT-Lösungen optimal bei deren Geschäftsprozessen zu unterstützen, nimmt die Schwarz IT Anforderungen der Fachbereiche in Beratungsgesprächen auf und erarbeite…",2025-05-23T07:38:25Z,0,"{'__CLASS__': 'Adzuna::API::Response::Category', 'tag': 'pr-advertising-marketing-jobs', 'label': 'Stellen aus PR, Werbung & Marketing'}",(Junior-) AI Product Owner - Pricing (m/w/d),49.142335,Adzuna::API::Response::Job,,,,
5223672669,"{'__CLASS__': 'Adzuna::API::Response::Location', 'display_name': 'Stuttgart, Baden-Württemberg', 'area': ['Deutschland', 'Baden-Württemberg', 'Stuttgart']}","{'display_name': 'Mercedes-Benz AG', '__CLASS__': 'Adzuna::API::Response::Company'}",https://www.adzuna.de/land/ad/5223672669?se=IMYW7OhF8BGU26HwdC_7Eg&utm_medium=api&utm_source=a4bcf954&v=F1AD67961633D980392EF979EE30CA045ED79814,9.187224,eyJhbGciOiJIUzI1NiJ9.eyJpIjoiNTIyMzY3MjY2OSIsInMiOiJJTVlXN09oRjhCR1UyNkh3ZENfN0VnIn0.IF3NKGO5qU_tZz_j7Z93C6BGWKYEwuYxlvput2ZyPqU,"Life is always about becoming… Im Leben geht es darum, sich auf eine Reise zu begeben, um die beste Version unseres zukünftigen Selbst zu werden. Während wir Neues entdecken, stellen wir uns Herausforderungen, meistern sie und wachsen über uns hinaus. Bewerben Sie sich bei Mercedes-Benz und finden Sie den Aufgabenbereich, in dem Sie Ihre Talente individuell entfalten können. Dabei werden Sie von visionären Kolleginnen und Kollegen unterstützt, die Ihren Pioniergeist teilen. Bei uns einzusteigen…",2025-05-30T19:48:08Z,0,"{'label': 'Unknown', 'tag': 'unknown', '__CLASS__': 'Adzuna::API::Response::Category'}",Praktikant*in Zuverlässigkeit Elektro- und Hybridantriebe (Pflicht-Praktikum),48.776198,Adzuna::API::Response::Job,,,,
5149660591,"{'area': ['Deutschland', 'Bayern', 'Coburg (Kreis)', 'Coburg'], 'display_name': 'Coburg, Coburg (Kreis)', '__CLASS__': 'Adzuna::API::Response::Location'}","{'display_name': 'HUK-COBURG Versicherungsgruppe', '__CLASS__': 'Adzuna::API::Response::Company'}",https://www.adzuna.de/details/5149660591?utm_medium=api&utm_source=a4bcf954,10.96603,eyJhbGciOiJIUzI1NiJ9.eyJzIjoiSU1ZVzdPaEY4QkdVMjZId2RDXzdFZyIsImkiOiI1MTQ5NjYwNTkxIn0.vQrRNE7711ErvfIGqDUbACi3OeIKkeIMs3BdlbHZl8Y,"Rechne mit einer spannenden Karriere – und einem tollen Team. In der mathematischen Abteilung, unseren Aktuariaten, werden Tarife, Kundenrabatte und Rückzahlungen in verschiedenen Sparten berechnet. Um unseren Kund:innen immer faire Tarife anbieten zu können, findet hier auch das Pricing auf Basis von Marktbeobachtungen statt. Viele Zahlen liefern uns viele Daten. Durch sie wissen wir, was die Menschen bewegt und sie helfen uns dabei, unseren Kund:innen den besten Service zu bieten. Werkstudent…",2025-04-17T15:04:11Z,0,"{'tag': 'unknown', 'label': 'Unknown', '__CLASS__': 'Adzuna::API::Response::Category'}",Werkstudent:in im Bereich Data Science für Telematik,50.25777,Adzuna::API::Response::Job,,,,
5122042163,"{'__CLASS__': 'Adzuna::API::Response::Location', 'area': ['Deutschland', 'Baden-Württemberg', 'Reutlingen (Kreis)', 'Reutlingen', 'Betzingen'], 'display_name': 'Betzingen, Reutlingen'}","{'__CLASS__': 'Adzuna::API::Response::Company', 'display_name': 'Robert Bosch GmbH'}",https://www.adzuna.de/details/5122042163?utm_medium=api&utm_source=a4bcf954,9.18021,eyJhbGciOiJIUzI1NiJ9.eyJpIjoiNTEyMjA0MjE2MyIsInMiOiJJTVlXN09oRjhCR1UyNkh3ZENfN0VnIn0.bUUwsj8xTrXTK3GgwVf5iPvK_tVbe9UPnrsvtAKnj9w,"Internship in Data Science / Power BI Markwiesenstraße 58, 72770 Reutlingen, Germany Full-time Robert Bosch GmbH Company Description At Bosch, we shape the future by inventing high-quality technologies and services that spark enthusiasm and enrich people’s lives. Our promise to our associates is rock-solid: we grow together, we enjoy our work, and we inspire each other. Join in and feel the difference. The Robert Bosch GmbH is looking forward to your application! Job Description As a member of …",2025-04-01T19:45:26Z,0,"{'label': 'Unknown', 'tag': 'unknown', '__CLASS__': 'Adzuna::API::Response::Category'}",Internship in Data Science / Power BI,48.5042,Adzuna::API::Response::Job,full_time,,,
5102356291,"{'display_name': 'Deutschland', 'area': ['Deutschland'], '__CLASS__': 'Adzuna::API::Response::Location'}","{'display_name': 'Chrono24', '__CLASS__': 'Adzuna::API::Response::Company'}",https://www.adzuna.de/details/5102356291?utm_medium=api&utm_source=a4bcf954,,eyJhbGciOiJIUzI1NiJ9.eyJzIjoiSU1ZVzdPaEY4QkdVMjZId2RDXzdFZyIsImkiOiI1MTAyMzU2MjkxIn0.gS-mua3KqE_l8At1MgZjg4w4XsvugRFHy0ChU5Pq7-Q,Darauf kannst Du dich freuen Du übernimmst eigenverantwortlich verschiedene Modellierungs- und Analyseprojekte und nutzt dabei unsere Marktplatzdaten sowie deine fundierten Methodenkenntnisse. Du bereitest Daten aus unterschiedlichen Systemen auf und setzt deine Fähigkeiten im Feature Engineering effektiv ein. Bei der Umsetzung von statistischen Modellen und Modell-Prototypen legst du großen Wert auf deren praktische Anwendbarkeit. Du führst statistisch fundierte Analysen und Simulationen durch…,2025-03-20T12:05:07Z,0,"{'tag': 'logistics-warehouse-jobs', 'label': 'Stellen aus Logistik & Lagerhaltung', '__CLASS__': 'Adzuna::API::Response::Category'}",Werkstudent Data Science (all genders),,Adzuna::API::Response::Job,part_time,,,
5017359756,"{'__CLASS__': 'Adzuna::API::Response::Location', 'area': ['Deutschland', 'Baden-Württemberg', 'Karlsruhe (Kreis)', 'Ettlingen'], 'display_name': 'Ettlingen, Karlsruhe (Kreis)'}","{'__CLASS__': 'Adzuna::API::Response::Company', 'display_name': 'SIG Sales'}",https://www.adzuna.de/details/5017359756?utm_medium=api&utm_source=a4bcf954,8.40934,eyJhbGciOiJIUzI1NiJ9.eyJzIjoiSU1ZVzdPaEY4QkdVMjZId2RDXzdFZyIsImkiOiI1MDE3MzU5NzU2In0._-Q2JStH0WESa2kAQGipu6NkIXpRhNzjpr-ek_HCGpI,"Als Dienstleistungsunternehmen setzen wir für unserer Kunden unterschiedliche Projekte im Einzelhandel um. Von der Durchführung von Vertriebsaktivitäten im Handel, über die Umsetzung von Datenerhebungen bis hin zu Reparaturen von Verkaufsregalen sind wir seit über 20 Jahren zuverlässiger Partner von etablierten Markenunternehmen aus den Bereichen Food, Non-Food, Elektro und Kosmetik. Du verbindest gerne Theorie und Praxis? Dann bist du bei uns genau richtig! In Zusammenarbeit mit der DHBW biete…",2025-01-20T13:10:19Z,0,"{'__CLASS__': 'Adzuna::API::Response::Category', 'tag': 'unknown', 'label': 'Unknown'}",Dualer Studiengang Wirtschaftsinformatik-Data Science,48.943,Adzuna::API::Response::Job,full_time,,,
5217926692,"{'area': ['Deutschland', 'Baden-Württemberg', 'Hohenlohekreis', 'Ingelfingen'], 'display_name': 'Ingelfingen, Hohenlohekreis', '__CLASS__': 'Adzuna::API::Response::Location'}","{'display_name': 'Adolf Würth GmbH & Co. KG', '__CLASS__': 'Adzuna::API::Response::Company'}",https://www.adzuna.de/details/5217926692?utm_medium=api&utm_source=a4bcf954,9.65149,eyJhbGciOiJIUzI1NiJ9.eyJzIjoiSU1ZVzdPaEY4QkdVMjZId2RDXzdFZyIsImkiOiI1MjE3OTI2NjkyIn0.C-sdUGtTsjXgqW3VY_wsixgjtyLRgE7bYKwRlrlC2zg,"Zeit f&uuml;r deine Zukunft. Zeit f&uuml;r W&uuml;rth. Bewirb dich jetzt auf ein duales Studium Wirtschaftsinformatik - Data Science! Das bieten wir dir ✓ Ein famili&auml;res und herzliches Arbeitsklima sowie gemeinsame Aktivit&auml;ten (z. B. Azubi-Skiausfahrt, Sportturniere) ✓ Enges Mentoring und begleitende Seminare f&uuml;r eine individuelle Weiterentwicklung ✓ Soziale und internationale Ausbildungsbausteine und Projekte (z.B. Auslandspraktikum) ✓ Eine faire Verg&uuml;tung und viele Zusatzl…",2025-05-27T08:21:30Z,0,"{'label': 'Unknown', 'tag': 'unknown', '__CLASS__': 'Adzuna::API::Response::Category'}",Duales Studium Wirtschaftsinformatik - Data Science,49.30094,Adzuna::API::Response::Job,,,,
5174532409,"{'display_name': 'Berlin, Deutschland', 'area': ['Deutschland', 'Berlin'], '__CLASS__': 'Adzuna::API::Response::Location'}","{'__CLASS__': 'Adzuna::API::Response::Company', 'display_name': 'Index Exchange'}",https://www.adzuna.de/details/5174532409?utm_medium=api&utm_source=a4bcf954,13.420806,eyJhbGciOiJIUzI1NiJ9.eyJpIjoiNTE3NDUzMjQwOSIsInMiOiJJTVlXN09oRjhCR1UyNkh3ZENfN0VnIn0.mlYEMY-nNeOl7c_RBURw5-VP8jiPGi3-kXZTOykub34,"We shaped the earliest forms of ad tech, and we’re looking for the technical expertise to help shape its future. Our customers have unique problems that can only be solved at internet scale, and that’s where the technical skills of our team make a real difference. Our exchange handles over 500 billion requests every day (for comparison Google serves an estimated 9 billion searches a day), all running in our own global data centers. Every member of our technology team has an enormous amount of a…",2025-05-01T21:47:19Z,0,"{'__CLASS__': 'Adzuna::API::Response::Category', 'tag': 'pr-advertising-marketing-jobs', 'label': 'Stellen aus PR, Werbung & Marketing'}","Engineering Lead Manager, Data Science",52.507706,Adzuna::API::Response::Job,,,,
5237487273,"{'__CLASS__': 'Adzuna::API::Response::Location', 'display_name': 'Bühl, Rastatt (Kreis)', 'area': ['Deutschland', 'Baden-Württemberg', 'Rastatt (Kreis)', 'Bühl']}","{'display_name': 'Robert Bosch GmbH', '__CLASS__': 'Adzuna::API::Response::Company'}",https://www.adzuna.de/details/5237487273?utm_medium=api&utm_source=a4bcf954,8.13723,eyJhbGciOiJIUzI1NiJ9.eyJpIjoiNTIzNzQ4NzI3MyIsInMiOiJJTVlXN09oRjhCR1UyNkh3ZENfN0VnIn0.dm8t5cMv5tl72SfXpJDGZCKaHuhcHXcXp77R6Gz3gJ8,"Praktikum im Bereich Controlling & Data Science Robert-Bosch-Straße 1, 77815 Bühl, Deutschland Vollzeit Robert Bosch GmbH Unternehmensbeschreibung Bei Bosch gestalten wir Zukunft mit hochwertigen Technologien und Dienstleistungen, die Begeisterung wecken und das Leben der Menschen verbessern. Unser Versprechen an unsere Mitarbeiterinnen und Mitarbeiter steht dabei felsenfest: Wir wachsen gemeinsam, haben Freude an unserer Arbeit und inspirieren uns gegenseitig. Willkommen bei Bosch. Die Robert …",2025-06-07T02:01:24Z,0,"{'tag': 'unknown', 'label': 'Unknown', '__CLASS__': 'Adzuna::API::Response::Category'}",Praktikum im Bereich Controlling & Data Science,48.69747,Adzuna::API::Response::Job,full_time,,,
5225386108,"{'__CLASS__': 'Adzuna::API::Response::Location', 'area': ['Deutschland', 'Hessen', 'Frankfurt am Main'], 'display_name': 'Frankfurt am Main, Hessen'}","{'__CLASS__': 'Adzuna::API::Response::Company', 'display_name': 'European Central Bank'}",https://www.adzuna.de/details/5225386108?utm_medium=api&utm_source=a4bcf954,8.650578,eyJhbGciOiJIUzI1NiJ9.eyJpIjoiNTIyNTM4NjEwOCIsInMiOiJJTVlXN09oRjhCR1UyNkh3ZENfN0VnIn0.UKlOiLDXSToaiUxnw1I11A3uzJe4mnJVTpN4RVRWzwo,"General Information Type of contract: Fixed-term contract, which may be extended subject to individual performance and organisational needs Who can apply?: EU nationals Salary: E/F (bracket 1 - step 1) full time monthly net salary: €4,869 plus benefits, for further information see Working time: Full time Place of work: Frankfurt am Main, Germany Closing date: 16.06.2025 Your team You will be part of the Banking Supervision Data Division or the Securities and Financial Markets Data Division in t…",2025-05-31T20:18:26Z,0,"{'label': 'Unknown', 'tag': 'unknown', '__CLASS__': 'Adzuna::API::Response::Category'}",Supervision and Data Science Analysts,50.129683,Adzuna::API::Response::Job,,,,
5224415501,"{'area': ['Deutschland', 'Berlin'], 'display_name': 'Berlin, Deutschland', '__CLASS__': 'Adzuna::API::Response::Location'}","{'display_name': 'Grant Thornton AG Wirtschaftsprüfungsgesellschaft', '__CLASS__': 'Adzuna::API::Response::Company'}",https://www.adzuna.de/land/ad/5224415501?se=IMYW7OhF8BGU26HwdC_7Eg&utm_medium=api&utm_source=a4bcf954&v=E4E9F70626B8C5F2DD84091F5D3DBF4E7A22BB2F,13.420806,eyJhbGciOiJIUzI1NiJ9.eyJzIjoiSU1ZVzdPaEY4QkdVMjZId2RDXzdFZyIsImkiOiI1MjI0NDE1NTAxIn0.YLeXRjyhwcZQI8085qENiwNBRuIlkxK2kWhBoluFu48,"Wir prüfen und beraten unsere Mandanten mit rund 2.000 Kolleginnen und Kollegen an 10 bundesweiten Standorten und als Teil des Netzwerks Grant Thornton International mit 76.000 Mitarbeiterinnen und Mitarbeitern in 156 Ländern. Schwerpunkte unserer Arbeit sind Audit & Assurance, Tax, Advisory und Legal. Deine Stärken. Unsere gemeinsame Wirkung. We call our work ‘demonstrating impact'. In Audit & Assurance, Grant Thornton is in the top 10 audit firms in Germany. We are one of the most successful …",2025-05-31T07:50:32Z,0,"{'tag': 'unknown', 'label': 'Unknown', '__CLASS__': 'Adzuna::API::Response::Category'}",Working Student / Intern in Audit – Python Data Professional – Flexplace in Germany (m/f/x),52.507706,Adzuna::API::Response::Job,,,,
4801095201,"{'__CLASS__': 'Adzuna::API::Response::Location', 'display_name': 'Großhesselohe, München (Kreis)', 'area': ['Deutschland', 'Bayern', 'München (Kreis)', 'Großhesselohe']}","{'__CLASS__': 'Adzuna::API::Response::Company', 'display_name': 'ramblr.ai'}",https://www.adzuna.de/details/4801095201?utm_medium=api&utm_source=a4bcf954,11.53266,eyJhbGciOiJIUzI1NiJ9.eyJzIjoic0lGMDdlaEY4QkdVMjZId2RDXzdFZyIsImkiOiI0ODAxMDk1MjAxIn0.B4C08Kri4XpnvtGqyDZ6JWWVaY_gBOfzXFgtqFJaJ-A,"ramblr Actionable Insights with Industrial-Grade Video Understanding AI for the Physical World . At Ramblr, we go beyond superficial video analysis to extract deep context from egocentric videos. Our technology provides a comprehensive understanding of actions, individual objects, and their relationships. Prompt Ramblr’s AI assistant to unlock precise insights and pinpoint specific moments in thousands of hours of multimodal videos captured from a first-person perspective. Are you excited to be…",2024-07-30T22:34:08Z,0,"{'__CLASS__': 'Adzuna::API::Response::Category', 'tag': 'it-jobs', 'label': 'IT-Stellen'}",Intern Data Science/Deep Learning,48.06767,Adzuna::API::Response::Job,part_time,,,
5240595244,"{'__CLASS__': 'Adzuna::API::Response::Location', 'area': ['Deutschland', 'Baden-Württemberg', 'Heilbronn (Kreis)', 'Neckarsulm'], 'display_name': 'Neckarsulm, Heilbronn (Kreis)'}","{'__CLASS__': 'Adzuna::API::Response::Company', 'display_name': 'Lidl Stiftung'}",https://www.adzuna.de/details/5240595244?utm_medium=api&utm_source=a4bcf954,9.2274,eyJhbGciOiJIUzI1NiJ9.eyJzIjoic0lGMDdlaEY4QkdVMjZId2RDXzdFZyIsImkiOiI1MjQwNTk1MjQ0In0.GNxBvy_0lgYSlmLZJA8rEvOvrltKZwJuwNgEPmku9g0,"Einleitung Eine gute Idee war der Ursprung, ein erfolgreiches Konzept ist das Ergebnis. Qualität zum guten Preis möglichst vielen Menschen anbieten zu können treibt uns an - mittlerweile weltweit, denn wir sind Lidl. Hier ist das berufliche Zuhause vielfältiger Talente. Ob im Einkauf, in der Logistik, im Warengeschäft oder in der IT; ob als Impulsgeber, Gestalter oder Dienstleister der Länder. Wir suchen Anpacker, Durchstarter, Möglichmacher und bieten spannende Aufgaben und Projekte in einem d…",2025-06-09T02:05:05Z,0,"{'__CLASS__': 'Adzuna::API::Response::Category', 'label': 'Stellen aus Logistik & Lagerhaltung', 'tag': 'logistics-warehouse-jobs'}",Duales Studium Wirtschaftsinformatik - Data Science,49.18975,Adzuna::API::Response::Job,full_time,,,
5151846825,"{'__CLASS__': 'Adzuna::API::Response::Location', 'display_name': 'Dortmund, Nordrhein-Westfalen', 'area': ['Deutschland', 'Nordrhein-Westfalen', 'Dortmund']}","{'display_name': 'Rumble GmbH & Co. KG', '__CLASS__': 'Adzuna::API::Response::Company'}",https://www.adzuna.de/land/ad/5151846825?se=sIF07ehF8BGU26HwdC_7Eg&utm_medium=api&utm_source=a4bcf954&v=4C2E24F620BD47F9F755BE237B235DB6648A2D79,7.464954,eyJhbGciOiJIUzI1NiJ9.eyJpIjoiNTE1MTg0NjgyNSIsInMiOiJzSUYwN2VoRjhCR1UyNkh3ZENfN0VnIn0.Hnkc7AYV_OGUPfXYcAiwBlGM5sAT7QWfTSFyssbbLbg,"Die rumble GmbH & Co. KG ist ein gemeinsames Tochterunternehmen von Lensing Media, Medienhaus-Bauer, rubens und temmingmedia. Wir sind wesentlicher Bestandteil der vier Mutterhäuser. Wir bündeln unsere digitalen Kompetenzen aus Marketing, Sales, Product Development, Data und Tech und transformieren so unsere Mutterhäuser. Vor uns liegt eine spannende, von Wachstum geprägte Reise, die wir gemeinsam durchleben und deren Erfolge wir auch feiern werden. Dabei denken und arbeiten wir so agil wie ein…",2025-04-18T19:03:33Z,0,"{'tag': 'unknown', 'label': 'Unknown', '__CLASS__': 'Adzuna::API::Response::Category'}",Data Engineer (m/w/d),51.504967,Adzuna::API::Response::Job,,,,
5129205848,"{'display_name': 'Berlin, Deutschland', 'area': ['Deutschland', 'Berlin'], '__CLASS__': 'Adzuna::API::Response::Location'}","{'display_name': 'd-fine GmbH', '__CLASS__': 'Adzuna::API::Response::Company'}",https://www.adzuna.de/land/ad/5129205848?se=sIF07ehF8BGU26HwdC_7Eg&utm_medium=api&utm_source=a4bcf954&v=1550A0001FC0E5DCA37213CE21765E0347A48EFF,13.420806,eyJhbGciOiJIUzI1NiJ9.eyJzIjoic0lGMDdlaEY4QkdVMjZId2RDXzdFZyIsImkiOiI1MTI5MjA1ODQ4In0.udNsSOLF4Itt6BxuixL42mYN23QntJ3N1D3P5NR4V7U,"d-fine ist ein kontinuierlich wachsendes europäisches Beratungsunternehmen mit über 1.500 Expertinnen und Experten. Wir sind mit elf Standorten in sieben Ländern nah bei unseren Kunden. Im Fokus unserer Arbeit liegen quantitative Fragestellungen rund um Data Analytics, Data Science, Modellierung und den Aufbau nachhaltiger technologischer Lösungen. Unser Ansatz basiert auf langjähriger Praxiserfahrung und dynamischen Teams mit klarer analytischer und technologischer Prägung. Unsere Projekte sin…",2025-04-04T14:06:53Z,0,"{'__CLASS__': 'Adzuna::API::Response::Category', 'tag': 'it-jobs', 'label': 'IT-Stellen'}","Consultant (m/w/d) aus den Fachrichtungen Physik, Mathematik, Informatik, Natur-, Ingenieur- oder Wirtschaftswissenschaften",52.507706,Adzuna::API::Response::Job,,,,
5190758666,"{'display_name': 'Deutschland', 'area': ['Deutschland'], '__CLASS__': 'Adzuna::API::Response::Location'}","{'display_name': 'Diehl Defence GmbH & Co. KG', '__CLASS__': 'Adzuna::API::Response::Company'}",https://www.adzuna.de/land/ad/5190758666?se=sIF07ehF8BGU26HwdC_7Eg&utm_medium=api&utm_source=a4bcf954&v=6E1D9B73C8025855D8B88F83C9722B21BD3B8C3D,,eyJhbGciOiJIUzI1NiJ9.eyJpIjoiNTE5MDc1ODY2NiIsInMiOiJzSUYwN2VoRjhCR1UyNkh3ZENfN0VnIn0.oc-kM6YV8cgJnUbJYYCVyFQrS7CKWtY2518VN9Y6TR8,"Digitale Trans­formation. Nach­haltig­keit. Friedens­sicherung. Spannende Aufgaben, an denen auch wir bei Diehl in unseren fünf Teil­konzernen Metall, Controls, Defence, Aviation und Metering und unsere über 16.000 Mit­arbeiter­innen und Mit­arbeiter mit Hochdruck arbeiten. Entdecken Sie faszinierende Techno­logien und bewerben Sie sich. In einem von Vertrauen und Mut geprägten Familien­unter­nehmen, das beständig und stabil ist – aus Tradition. Für unseren Standort Diehl Defence GmbH & Co. KG …",2025-05-09T19:24:55Z,0,"{'__CLASS__': 'Adzuna::API::Response::Category', 'tag': 'scientific-qa-jobs', 'label': 'Stellen aus Wissenschaft & Qualitätssicherung'}",Senior Data Scientist (m/w/d),,Adzuna::API::Response::Job,,,,
5221191232,"{'display_name': 'Berlin, Deutschland', 'area': ['Deutschland', 'Berlin'], '__CLASS__': 'Adzuna::API::Response::Location'}","{'display_name': 'Reply', '__CLASS__': 'Adzuna::API::Response::Company'}",https://www.adzuna.de/land/ad/5221191232?se=sIF07ehF8BGU26HwdC_7Eg&utm_medium=api&utm_source=a4bcf954&v=C7F941B47165241247B10C898EB36B5ABA848CA3,13.420806,eyJhbGciOiJIUzI1NiJ9.eyJpIjoiNTIyMTE5MTIzMiIsInMiOiJzSUYwN2VoRjhCR1UyNkh3ZENfN0VnIn0.mFQIKifbxEIPpr1pUq4u3kWQJSqGL75bMFk-inEhCPw,"Cluster Reply ist das Unternehmen der Reply Gruppe, das auf die Beratung und Systemintegration von Microsoft-Technologien spezialisiert ist. Als Partner von Microsoft ist Cluster Reply in Deutschland, Österreich und der Schweiz tätig und arbeitet innerhalb des Reply Netzwerks mit Schwesterunternehmen in Brasilien, Großbritannien, Italien sowie den USA zusammen. Das Unternehmen legt den Schwerpunkt auf Innovationen und unterstützt Kunden bei der digitalen Transformation. Die Lösungen reichen von…",2025-05-29T07:53:45Z,0,"{'label': 'Verwaltungsstellen', 'tag': 'admin-jobs', '__CLASS__': 'Adzuna::API::Response::Category'}",(Junior) Data & Artificial Intelligence Consultant (m/w/d),52.507706,Adzuna::API::Response::Job,,,,
5214674014,"{'display_name': 'Coburg, Coburg (Kreis)', 'area': ['Deutschland', 'Bayern', 'Coburg (Kreis)', 'Coburg'], '__CLASS__': 'Adzuna::API::Response::Location'}","{'display_name': 'HUK-COBURG Versicherungsgruppe', '__CLASS__': 'Adzuna::API::Response::Company'}",https://www.adzuna.de/land/ad/5214674014?se=sIF07ehF8BGU26HwdC_7Eg&utm_medium=api&utm_source=a4bcf954&v=5A34AD766A3F5ECFB7DD733B12EAD1DDBEF2AB26,10.96603,eyJhbGciOiJIUzI1NiJ9.eyJpIjoiNTIxNDY3NDAxNCIsInMiOiJzSUYwN2VoRjhCR1UyNkh3ZENfN0VnIn0._KgXUAsy3-X0QeV8qOfM9X2q5oE0ZYTweFVhAT8ttBU,"Im Data Analytics Team der HUK-COBURG transformieren wir Daten in echte Mehrwerte für über 13 Mio. Kund:innen. Als Deutschlands führende Kfz-Versicherung sind wir ein traditionsreiches und stabiles Unternehmen, welches zielgerichtet in Innovation und seine datengetriebene Zukunft investiert. Unsere agilen Data Analytics Teams setzen modernste Machine Learning und KI-Methoden ein, um Prozesse zu optimieren, faire Preise zu berechnen, Schäden digital und intelligent zu steuern, innovative Versich…",2025-05-24T19:39:10Z,0,"{'tag': 'scientific-qa-jobs', 'label': 'Stellen aus Wissenschaft & Qualitätssicherung', '__CLASS__': 'Adzuna::API::Response::Category'}",Senior Data Scientist – Quantitatives Portfoliomanagement (w/m/d),50.25777,Adzuna::API::Response::Job,,,,
5239828062,"{'display_name': 'Coburg, Coburg (Kreis)', 'area': ['Deutschland', 'Bayern', 'Coburg (Kreis)', 'Coburg'], '__CLASS__': 'Adzuna::API::Response::Location'}","{'display_name': 'HUK-COBURG Versicherungsgruppe', '__CLASS__': 'Adzuna::API::Response::Company'}",https://www.adzuna.de/land/ad/5239828062?se=sIF07ehF8BGU26HwdC_7Eg&utm_medium=api&utm_source=a4bcf954&v=B677EC202537A85EF6D9251DB9688D4186DD8D8E,10.96603,eyJhbGciOiJIUzI1NiJ9.eyJpIjoiNTIzOTgyODA2MiIsInMiOiJzSUYwN2VoRjhCR1UyNkh3ZENfN0VnIn0.wqhkmbQAxvIr-baZiUPpuYyepAkSgZ_HatJqbTi5kxQ,"Im Data Analytics Team der HUK-COBURG transformieren wir Daten in echte Mehrwerte für über 13 Mio. Kund:innen. Als Deutschlands führende Kfz-Versicherung sind wir ein traditionsreiches und stabiles Unternehmen, welches zielgerichtet in Innovation und seine datengetriebene Zukunft investiert. Unsere agilen Data Analytics Teams setzen modernste Machine Learning und KI-Methoden ein, um Prozesse zu optimieren, faire Preise zu berechnen, Schäden digital und intelligent zu steuern und um neue, innova…",2025-06-08T08:58:48Z,0,"{'__CLASS__': 'Adzuna::API::Response::Category', 'tag': 'scientific-qa-jobs', 'label': 'Stellen aus Wissenschaft & Qualitätssicherung'}",(Senior) Data Scientist – Telematik (w/m/d),50.25777,Adzuna::API::Response::Job,,,,
5214674257,"{'__CLASS__': 'Adzuna::API::Response::Location', 'area': ['Deutschland', 'Bayern', 'Coburg (Kreis)', 'Coburg'], 'display_name': 'Coburg, Coburg (Kreis)'}","{'display_name': 'HUK-COBURG Versicherungsgruppe', '__CLASS__': 'Adzuna::API::Response::Company'}",https://www.adzuna.de/land/ad/5214674257?se=sIF07ehF8BGU26HwdC_7Eg&utm_medium=api&utm_source=a4bcf954&v=77FD9387924CD519D483A3FA56DEA7FC974FF216,10.96603,eyJhbGciOiJIUzI1NiJ9.eyJpIjoiNTIxNDY3NDI1NyIsInMiOiJzSUYwN2VoRjhCR1UyNkh3ZENfN0VnIn0.WDvTpwRWRKEDLvrY0cXOwcKkSSkysHTfopi7U9GRagg,"Im Data Analytics Team der HUK-COBURG transformieren wir Daten in echte Mehrwerte für über 13 Mio. Kund:innen. Als Deutschlands führende Kfz-Versicherung sind wir ein traditionsreiches und stabiles Unternehmen, welches zielgerichtet in Innovation und seine datengetriebene Zukunft investiert. Unsere agilen Data Analytics Teams setzen modernste Machine Learning und KI-Methoden ein, um Prozesse zu optimieren, faire Preise zu berechnen, Schäden digital und intelligent zu steuern und um neue, innova…",2025-05-24T19:39:11Z,0,"{'tag': 'scientific-qa-jobs', 'label': 'Stellen aus Wissenschaft & Qualitätssicherung', '__CLASS__': 'Adzuna::API::Response::Category'}",Senior Data Scientist – Machine Learning (Pricing & Risikoanalyse) (w/m/d),50.25777,Adzuna::API::Response::Job,,,,
5236830589,"{'display_name': 'Baden-Baden, Baden-Württemberg', 'area': ['Deutschland', 'Baden-Württemberg', 'Baden-Baden'], '__CLASS__': 'Adzuna::API::Response::Location'}","{'__CLASS__': 'Adzuna::API::Response::Company', 'display_name': 'Biologische Heilmittel Heel GmbH'}",https://www.adzuna.de/land/ad/5236830589?se=sIF07ehF8BGU26HwdC_7Eg&utm_medium=api&utm_source=a4bcf954&v=A6EEA9EEDFF1536AFFD96B8117D3BCCF1CB9503D,8.235274,eyJhbGciOiJIUzI1NiJ9.eyJzIjoic0lGMDdlaEY4QkdVMjZId2RDXzdFZyIsImkiOiI1MjM2ODMwNTg5In0.dSV0iymxgTnnwzcMtlb89160vHhUJTeWUkQSkZPlxoM,"Wir entwickeln, produzieren und vertreiben Arzneimittel, die auf natürlichen Wirkstoffen basieren. Als Pionier bei der wissenschaftlichen Erforschung natürlicher Arzneimittel kooperieren wir mit führenden Forschungseinrichtungen. 1.400 Mitarbeiterinnen und Mitarbeiter haben sich dabei einem gemeinsamen Ziel verschrieben: Menschen zu einem gesünderen Leben zu verhelfen. Für unseren Fachbereich Marketing am Standort Baden-Baden suchen wir zum nächstmöglichen Eintrittstermin: Dualer Master Student…",2025-06-06T20:26:47Z,0,"{'__CLASS__': 'Adzuna::API::Response::Category', 'label': 'Stellen aus Wissenschaft & Qualitätssicherung', 'tag': 'scientific-qa-jobs'}",Dualer Master Student Digital Performance & Data Analytics (all),48.754667,Adzuna::API::Response::Job,,,,
5224414854,"{'__CLASS__': 'Adzuna::API::Response::Location', 'display_name': 'Berlin, Deutschland', 'area': ['Deutschland', 'Berlin']}","{'__CLASS__': 'Adzuna::API::Response::Company', 'display_name': 'Sparkassen Rating und Risikosysteme GmbH'}",https://www.adzuna.de/land/ad/5224414854?se=sIF07ehF8BGU26HwdC_7Eg&utm_medium=api&utm_source=a4bcf954&v=A25AD476CD5E049A541522BA17292B4033A1D41A,13.420806,eyJhbGciOiJIUzI1NiJ9.eyJpIjoiNTIyNDQxNDg1NCIsInMiOiJzSUYwN2VoRjhCR1UyNkh3ZENfN0VnIn0.IX67xa3XmjZxw1kcQX_TTWtGt__sPBaTcSwXh92xBuM,"Die Sparkassen Rating und Risikosysteme (SR) ist der zentrale Dienstleister für Verfahren des Risiko­manage­ments in der Sparkassen-Finanzgruppe. Wir unterstützen die Institute mit Standardlösungen in den Bereichen der Risiko­messung und -steuerung, der regulatorischen Banksteuerung sowie im Vertrieb mit Data-Analytics-Lösungen. Gemeinsam mit unseren Partnern bieten wir den Instituten, von der Konzeption der Verfahren, über deren Weiterentwicklung, IT-Umsetzung und Umsetzungsunterstützung, zent…",2025-05-31T07:49:57Z,0,"{'tag': 'pr-advertising-marketing-jobs', 'label': 'Stellen aus PR, Werbung & Marketing', '__CLASS__': 'Adzuna::API::Response::Category'}",Produktmanager / Produktbetreuer (m/w/d) – Data Analytics | Firmenkunden,52.507706,Adzuna::API::Response::Job,,,,
5242153827,"{'display_name': 'Norderstedt, Segeberg (Kreis)', 'area': ['Deutschland', 'Schleswig-Holstein', 'Segeberg (Kreis)', 'Norderstedt'], '__CLASS__': 'Adzuna::API::Response::Location'}","{'__CLASS__': 'Adzuna::API::Response::Company', 'display_name': 'Stadt Norderstedt'}",https://www.adzuna.de/land/ad/5242153827?se=sIF07ehF8BGU26HwdC_7Eg&utm_medium=api&utm_source=a4bcf954&v=F9636551F10DE77ADF1EE02177B42BB6F2615C5C,10.002853,eyJhbGciOiJIUzI1NiJ9.eyJzIjoic0lGMDdlaEY4QkdVMjZId2RDXzdFZyIsImkiOiI1MjQyMTUzODI3In0.QyXl03hXP1qnxe3IEcAQkRGQZqOvV5BOHiWG8yTrDNA,"Als lebendige und innovative Stadt mit rund 80.000 Menschen ist Norderstedt ein angenehmes Wohn- und Lebensumfeld. Verkehrsgünstig zwischen Nord- und Ostsee, mit einer direkten Verbindung in die Hamburger Innenstadt und mit allen weiterführenden Schulen am Ort – Norderstedt bietet ein vielfältiges, kulturelles Leben. Folgende Stelle ist zum nächstmöglichen Zeitpunkt zu besetzen: Informatiker*in als IT-Sicherheitsbeauftragte*r / CISO (w/m/d) 39 Std./Woche, Entgeltgruppe 12 TVöD Aufgaben Abgeschl…",2025-06-10T08:23:07Z,0,"{'label': 'IT-Stellen', 'tag': 'it-jobs', '__CLASS__': 'Adzuna::API::Response::Category'}",Informatiker*in als IT-Sicherheitsbeauftragte*r / CISO (w/m/d),53.70663,Adzuna::API::Response::Job,,,,
5218722592,"{'__CLASS__': 'Adzuna::API::Response::Location', 'display_name': 'Düsseldorf, Nordrhein-Westfalen', 'area': ['Deutschland', 'Nordrhein-Westfalen', 'Düsseldorf']}","{'display_name': 'GWQ ServicePlus AG', '__CLASS__': 'Adzuna::API::Response::Company'}",https://www.adzuna.de/land/ad/5218722592?se=sIF07ehF8BGU26HwdC_7Eg&utm_medium=api&utm_source=a4bcf954&v=DEDFBCEFF283E0EBF416010C09B558BE857F55BE,6.808387,eyJhbGciOiJIUzI1NiJ9.eyJpIjoiNTIxODcyMjU5MiIsInMiOiJzSUYwN2VoRjhCR1UyNkh3ZENfN0VnIn0.6jaXK_VL3cz4cPmLPl1EYjwxkQbhWYL3xFJpt7i5I9k,"Wir sind eine junge, dynamisch wachsende Aktiengesellschaft im Gesundheitssektor. Seit 2007 entwickeln wir mit einem engagierten Team von derzeit 100 Mitarbeiter:innen innovative Lösungen und Dienstleistungen, um die Qualität der Versorgungsangebote gesetzlicher Krankenkassen zu verbessern sowie Leistungen wirtschaftlicher einzukaufen. Im Bereich der Digitalisierung gehören wir zu den Treibern der Branche. Täglich werden über 24 Millionen Versicherte mit unseren Produkten versorgt. Deutschlandw…",2025-05-27T19:49:50Z,0,"{'__CLASS__': 'Adzuna::API::Response::Category', 'label': 'Stellen aus Wissenschaft & Qualitätssicherung', 'tag': 'scientific-qa-jobs'}",(Senior) Data Scientist Health Data Lab (w/m/d),51.226802,Adzuna::API::Response::Job,,,,
5201994506,"{'__CLASS__': 'Adzuna::API::Response::Location', 'area': ['Deutschland', 'Nordrhein-Westfalen', 'Düsseldorf'], 'display_name': 'Düsseldorf, Nordrhein-Westfalen'}","{'__CLASS__': 'Adzuna::API::Response::Company', 'display_name': 'Stepstone GmbH'}",https://www.adzuna.de/land/ad/5201994506?se=sIF07ehF8BGU26HwdC_7Eg&utm_medium=api&utm_source=a4bcf954&v=ECE88CA3C8266E38B837D16DCEC641F2D1B8F0AA,6.808387,eyJhbGciOiJIUzI1NiJ9.eyJpIjoiNTIwMTk5NDUwNiIsInMiOiJzSUYwN2VoRjhCR1UyNkh3ZENfN0VnIn0.GoadE36KhqCRwt5-0jJfye53xfs8R_b5vfWvGBpgJ9g,"At The Stepstone Group, we have a simple yet very important mission: The right job for everyone. Using our data, platform, and technology, we create opportunities for jobseekers and companies around the world to find a perfect match in fair and equitable way. With over 20 brands across 30 countries, we strive for fair and unbiased hiring. Join our team of 4,000 employees and be part of reshaping the labour market and becoming the world's leading job platform. Aufgaben Join our team and you'll m…",2025-05-16T19:29:06Z,0,"{'__CLASS__': 'Adzuna::API::Response::Category', 'tag': 'pr-advertising-marketing-jobs', 'label': 'Stellen aus PR, Werbung & Marketing'}",Data Analyst (m/f/d) Marketing Insights,51.226802,Adzuna::API::Response::Job,,,,
5211970831,"{'__CLASS__': 'Adzuna::API::Response::Location', 'area': ['Deutschland', 'Hessen', 'Frankfurt am Main'], 'display_name': 'Frankfurt am Main, Hessen'}","{'__CLASS__': 'Adzuna::API::Response::Company', 'display_name': 'IQVIA Commercial GmbH & Co. OHG'}",https://www.adzuna.de/land/ad/5211970831?se=sIF07ehF8BGU26HwdC_7Eg&utm_medium=api&utm_source=a4bcf954&v=886B6021792B1B554B7CA77EED5678CC288910B2,8.650578,eyJhbGciOiJIUzI1NiJ9.eyJzIjoic0lGMDdlaEY4QkdVMjZId2RDXzdFZyIsImkiOiI1MjExOTcwODMxIn0.n3iNN46xtbPiSJ5sA3pcv-P8gHYdPe_r6yIGzzu4ICM,"IQVIA TM – The Human Data Science Company TM – ist ein führender, globaler Anbieter von zukunftsweisender Analytik, Technologielösungen und klinischer Auftragsforschung. IQVIA unterstützt Life-Science-Unternehmen, Verbände, Institutionen, Kostenträger und weitere Akteure im Gesundheitswesen darin, bessere Ergebnisse in der Gesundheitsversorgung zu erzielen. Werde Teil unserer Community  von rund 90.000 Mitarbeiterinnen und Mitarbeitern in über 100 Ländern, die sich dafür einsetzen, das Potenzia…",2025-05-23T07:38:34Z,0,"{'__CLASS__': 'Adzuna::API::Response::Category', 'label': 'Stellen aus PR, Werbung & Marketing', 'tag': 'pr-advertising-marketing-jobs'}",Senior Analytics Insight Specialist (m/w/d),50.129683,Adzuna::API::Response::Job,,,,
5213873360,"{'__CLASS__': 'Adzuna::API::Response::Location', 'display_name': 'Bad Vilbel, Wetteraukreis', 'area': ['Deutschland', 'Hessen', 'Wetteraukreis', 'Bad Vilbel']}","{'__CLASS__': 'Adzuna::API::Response::Company', 'display_name': 'STADA Arzneimittel AG'}",https://www.adzuna.de/land/ad/5213873360?se=sIF07ehF8BGU26HwdC_7Eg&utm_medium=api&utm_source=a4bcf954&v=A5BC54DCA6766DC339E581FEE9B75AFB52878991,8.73553,eyJhbGciOiJIUzI1NiJ9.eyJzIjoic0lGMDdlaEY4QkdVMjZId2RDXzdFZyIsImkiOiI1MjEzODczMzYwIn0.f7B7XwTWv9KyBm-liPr9yZ6zXP2Qc2LlQ8Ag8MEEdrA,"„Caring for People's Health as a Trusted Partner“ – Dieser Auftrag motiviert uns bei STADA jeden Tag aufs Neue, die Gesundheit der Menschen weltweit zu verbessern. Mit unserem umfassenden Angebot an Generika, Consumer Health Produkten und Spezialpharmazeutika bieten wir Patienten, Ärzten und Apothekern eine breite Palette an Therapieoptionen. Rund 13.000 Mitarbeiterinnen und Mitarbeiter leben unsere Werte Integrity, Entrepreneurship, Agility und One STADA. Gemeinsam befinden wir uns auf einer s…",2025-05-24T07:42:23Z,0,"{'__CLASS__': 'Adzuna::API::Response::Category', 'tag': 'unknown', 'label': 'Unknown'}",Duales Studium - BWL (B.A.),50.17809,Adzuna::API::Response::Job,,,,
5238136371,"{'__CLASS__': 'Adzuna::API::Response::Location', 'area': ['Deutschland', 'Bayern', 'München (Kreis)', 'München'], 'display_name': 'München, München (Kreis)'}","{'display_name': 'TRATON SE', '__CLASS__': 'Adzuna::API::Response::Company'}",https://www.adzuna.de/land/ad/5238136371?se=sIF07ehF8BGU26HwdC_7Eg&utm_medium=api&utm_source=a4bcf954&v=17F3C5780B44B57CBB29D6A8C106FF516C4C0AE0,11.555737,eyJhbGciOiJIUzI1NiJ9.eyJzIjoic0lGMDdlaEY4QkdVMjZId2RDXzdFZyIsImkiOiI1MjM4MTM2MzcxIn0.G1lgwcxjvhFUza6jVggFO94tkr7YJTRkac0dw27_ziU,"TRATON GROUP With its brands Scania, MAN, International, and Volkswagen Truck & Bus, TRATON SE is the parent and holding company of the TRATON GROUP and one of the world's leading commercial vehicle manufacturers. TRATON employs more than 103,000 people and operates 33 production and assembly sites worldwide across 12 locations in North America, Europe, Asia and Latin America. Through our range of trucks, buses, and light-duty commercial vehicles, and together with our partners and customers, w…",2025-06-07T08:20:27Z,0,"{'__CLASS__': 'Adzuna::API::Response::Category', 'label': 'Stellen aus PR, Werbung & Marketing', 'tag': 'pr-advertising-marketing-jobs'}",Working Student | Data Analyst - Corporate Audit (m/f/d),48.137418,Adzuna::API::Response::Job,,,,
5240899131,"{'area': ['Deutschland', 'Baden-Württemberg', 'Ostalbkreis', 'Oberkochen'], 'display_name': 'Oberkochen, Ostalbkreis', '__CLASS__': 'Adzuna::API::Response::Location'}","{'__CLASS__': 'Adzuna::API::Response::Company', 'display_name': 'ZEISS'}",https://www.adzuna.de/land/ad/5240899131?se=sIF07ehF8BGU26HwdC_7Eg&utm_medium=api&utm_source=a4bcf954&v=3D95C329BAA95C459386B352E8083A575441C1D5,10.10558,eyJhbGciOiJIUzI1NiJ9.eyJpIjoiNTI0MDg5OTEzMSIsInMiOiJzSUYwN2VoRjhCR1UyNkh3ZENfN0VnIn0.I95IqoH_cjebQ5iQ7gxVWmSefKqZ2BetYeMdLYtAcy0,"Sich etwas Neues trauen, über sich hinauswachsen und dabei die Grenzen des Machbaren neu deﬁnieren. Genau das ist es, was unsere Mitarbeitenden täglich leben dürfen und sollen. Um mit unseren Innovationen das Tempo vorzugeben und Großartiges zu ermöglichen. Denn hinter jedem erfolgreichen Unternehmen stehen eine ganze Menge faszinierender Menschen. Die Mitarbeitenden von ZEISS arbeiten in einem offenen und modernen Umfeld mit zahlreichen Entwicklungs- und Weiterbildungsmöglichkeiten. Unsere Kul…",2025-06-09T08:33:38Z,0,"{'tag': 'other-general-jobs', 'label': 'Sonstige/Allgemeine Stellen', '__CLASS__': 'Adzuna::API::Response::Category'}",Wissenschaftlicher Mitarbeiter für Optisch Messtechnik (m/w/x),48.78408,Adzuna::API::Response::Job,,,,
5230082795,"{'__CLASS__': 'Adzuna::API::Response::Location', 'area': ['Deutschland', 'Hamburg'], 'display_name': 'Hamburg, Deutschland'}","{'__CLASS__': 'Adzuna::API::Response::Company', 'display_name': 'Beiersdorf AG'}",https://www.adzuna.de/land/ad/5230082795?se=sIF07ehF8BGU26HwdC_7Eg&utm_medium=api&utm_source=a4bcf954&v=F3E633DA06E9C8C543109DB26081AF75BCADCC08,9.987297,eyJhbGciOiJIUzI1NiJ9.eyJpIjoiNTIzMDA4Mjc5NSIsInMiOiJzSUYwN2VoRjhCR1UyNkh3ZENfN0VnIn0.GlPMuNvxSyiofG8m_4LeMX4J6ESdrixokw3Lh_pqdHY,"Wir bei Beiersdorf möchten dazu beitragen, dass sich Menschen in ihrer Haut wohlfühlen - und unser Engagement geht weit über die Pflege der Haut hinaus. Seit 140 Jahren entwickeln wir innovative Haut- und Körperpflegeprodukte für bekannte Marken wie NIVEA, Eucerin, La Prairie, Hansaplast und Labello. Wir handeln nach unserem Purpose WE CARE BEYOND SKIN und übernehmen Verantwortung für unsere Verbraucher*innen, unsere Mitarbeitenden, die Umwelt und die Gesellschaft. Hinter jeder Marke, jedem Pro…",2025-06-03T07:58:59Z,0,"{'tag': 'unknown', 'label': 'Unknown', '__CLASS__': 'Adzuna::API::Response::Category'}",Werkstudent Global Digital & Global Media (w/m/d),53.557429,Adzuna::API::Response::Job,,,,
5239828849,"{'__CLASS__': 'Adzuna::API::Response::Location', 'display_name': 'Eisenach, Eisenach (Kreis)', 'area': ['Deutschland', 'Thüringen', 'Eisenach (Kreis)', 'Eisenach']}","{'display_name': 'Bosch Gruppe', '__CLASS__': 'Adzuna::API::Response::Company'}",https://www.adzuna.de/land/ad/5239828849?se=sIF07ehF8BGU26HwdC_7Eg&utm_medium=api&utm_source=a4bcf954&v=0EE554D61B336E3C3DCDC102DD6C255700631A04,10.32523,eyJhbGciOiJIUzI1NiJ9.eyJpIjoiNTIzOTgyODg0OSIsInMiOiJzSUYwN2VoRjhCR1UyNkh3ZENfN0VnIn0.wA-kSOrH4aTKGjgP-4Zjo54RGZIUY0M1gzsdxBBEsas,"Möchten Sie Ihre Ideen in nutzbringende und sinnvolle Technologien verwandeln? Ob im Bereich Mobility Solutions, Consumer Goods, Industrial Technology oder Energy and Building Technology - mit uns verbessern Sie die Lebensqualität der Menschen auf der ganzen Welt. Willkommen bei Bosch. Die Robert Bosch Fahrzeugelektrik Eisenach GmbH freut sich auf Ihre Bewerbung! Anstellungsart: Befristet Arbeitszeit: Vollzeit Arbeitsort: Eisenach Aufgaben Was ist Deine Herausforderung? Ein Teil Deiner Zeit wir…",2025-06-08T08:59:50Z,0,"{'__CLASS__': 'Adzuna::API::Response::Category', 'label': 'Unknown', 'tag': 'unknown'}",Praktikum: IT Prozessautomatisierung im Bereich Logistik,50.9744,Adzuna::API::Response::Job,,,,
5229943409,"{'area': ['Deutschland', 'Berlin'], 'display_name': 'Berlin, Deutschland', '__CLASS__': 'Adzuna::API::Response::Location'}","{'__CLASS__': 'Adzuna::API::Response::Company', 'display_name': 'Delivery Hero'}",https://www.adzuna.de/details/5229943409?utm_medium=api&utm_source=a4bcf954,13.420806,eyJhbGciOiJIUzI1NiJ9.eyJpIjoiNTIyOTk0MzQwOSIsInMiOiJzSUYwN2VoRjhCR1UyNkh3ZENfN0VnIn0.H3buF5hULuvZHfKx9KWNGzYcNcTj-O3yHV7FvHekOXs,"Job Description We are on the lookout for a Senior Manager, People Data Science & Insights to join the People & Culture team shaping the future of data-driven decision-making at Delivery Hero. You will play a crucial role in enabling our stakeholders to achieve business objectives by bridging the gap between data and actionable insights. You will shape our data strategy, build strong stakeholder relationships, and drive analytics excellence. You will lead a team of up to 7 fostering a culture o…",2025-06-03T06:31:43Z,0,"{'tag': 'it-jobs', 'label': 'IT-Stellen', '__CLASS__': 'Adzuna::API::Response::Category'}","Senior Manager, People Data Science & Insights",52.507706,Adzuna::API::Response::Job,,,,
5231413831,"{'__CLASS__': 'Adzuna::API::Response::Location', 'display_name': 'München, München (Kreis)', 'area': ['Deutschland', 'Bayern', 'München (Kreis)', 'München']}","{'__CLASS__': 'Adzuna::API::Response::Company', 'display_name': 'Steadforce GmbH'}",https://www.adzuna.de/land/ad/5231413831?se=sIF07ehF8BGU26HwdC_7Eg&utm_medium=api&utm_source=a4bcf954&v=377DF63A17CCCE67F342611366758089F283690A,11.555737,eyJhbGciOiJIUzI1NiJ9.eyJpIjoiNTIzMTQxMzgzMSIsInMiOiJzSUYwN2VoRjhCR1UyNkh3ZENfN0VnIn0.IJ21PCN8kMzViG2X_UPpZBpolrSk4rArbeAOLTI1oYY,"Spannende und technologisch sehr anspruchsvolle Projekte, unterschiedliche Industrien in einem inhabergeführten, mittelständischen Münchner Unternehmen. Flache Hierarchien, eine angenehme Arbeitsatmosphäre, geprägt von Teamwork und getreu dem Motto ""Work, learn & grow"". Tätigkeiten Mit Methoden der Mathematik, Informatik und Statistik gewinnst Du Informationen aus großen Datenmengen, die für Steadforce und unsere Kunden von Vorteil sein können. Du arbeitest in einem interdisziplinären Team mit …",2025-06-03T23:02:45Z,0,"{'label': 'Unknown', 'tag': 'unknown', '__CLASS__': 'Adzuna::API::Response::Category'}",Senior Machine Learning Engineer (m/w/d),48.137418,Adzuna::API::Response::Job,,,,
5231412951,"{'area': ['Deutschland', 'Bayern', 'München (Kreis)', 'München'], 'display_name': 'München, München (Kreis)', '__CLASS__': 'Adzuna::API::Response::Location'}","{'__CLASS__': 'Adzuna::API::Response::Company', 'display_name': 'Steadforce GmbH'}",https://www.adzuna.de/land/ad/5231412951?se=sIF07ehF8BGU26HwdC_7Eg&utm_medium=api&utm_source=a4bcf954&v=22D1323B8105BF0CE38A9473AA3A0A4D39EAB8E1,11.555737,eyJhbGciOiJIUzI1NiJ9.eyJpIjoiNTIzMTQxMjk1MSIsInMiOiJzSUYwN2VoRjhCR1UyNkh3ZENfN0VnIn0.XV9YERjaPAlqvj-yJc7h2y-YRAw6Ae4hM28HXbkO1RU,"Spannende und technologisch sehr anspruchsvolle Projekte, unterschiedliche Industrien in einem inhabergeführten, mittelständischen Münchner Unternehmen. Flache Hierarchien, eine angenehme Arbeitsatmosphäre, geprägt von Teamwork und getreu dem Motto ""Work, learn & grow"". Tätigkeiten Mit Methoden der Mathematik, Informatik und Statistik gewinnst Du Informationen aus großen Datenmengen, die für Steadforce und unsere Kunden von Vorteil sein können. Du arbeitest in einem interdisziplinären Team mit …",2025-06-03T23:02:37Z,0,"{'tag': 'unknown', 'label': 'Unknown', '__CLASS__': 'Adzuna::API::Response::Category'}",Senior Data Scientist (m/w/d),48.137418,Adzuna::API::Response::Job,,,,
5219518007,"{'__CLASS__': 'Adzuna::API::Response::Location', 'display_name': 'Rheinfelden (Baden), Lörrach (Kreis)', 'area': ['Deutschland', 'Baden-Württemberg', 'Lörrach (Kreis)', 'Rheinfelden (Baden)']}","{'display_name': 'Naturenergie Hochrhein AG', '__CLASS__': 'Adzuna::API::Response::Company'}",https://www.adzuna.de/land/ad/5219518007?se=sIF07ehF8BGU26HwdC_7Eg&utm_medium=api&utm_source=a4bcf954&v=3F80A4C1D8C252FDCA86453C2D0642E3CE38570E,7.78433,eyJhbGciOiJIUzI1NiJ9.eyJzIjoic0lGMDdlaEY4QkdVMjZId2RDXzdFZyIsImkiOiI1MjE5NTE4MDA3In0.krtHVNKNCkc9tZ6IzKB5KcLsqL10hPTJH3W1be3n1bM,"Lust auf Energiewende? Seit über 125 Jahren stehen wir als regionaler Energieversorger mit eigenen Wasserkraftwerken für Nachhaltigkeit, Verantwortung und Innovation. Gemeinsam schaffen wir eine lebenswerte Zukunft – für Umwelt, Gesellschaft und dich. Warum naturenergie? Perspektiven : Wachse mit uns – beruflich und persönlich. Sinnhaftigkeit : Gestalte die Energiewende nachhaltig und wirksam. Menschlichkeit : Erlebe ein vertrauensvolles Umfeld und echten Teamgeist. Unsere Vision? Eine umweltfr…",2025-05-28T07:46:59Z,0,"{'label': 'Stellen aus Wissenschaft & Qualitätssicherung', 'tag': 'scientific-qa-jobs', '__CLASS__': 'Adzuna::API::Response::Category'}",Data und Insights Scientist mit Branchenfokus Energie (m/w/d),47.55924,Adzuna::API::Response::Job,,,,
4801220768,"{'area': ['Deutschland'], 'display_name': 'Deutschland', '__CLASS__': 'Adzuna::API::Response::Location'}","{'display_name': 'IT-P', '__CLASS__': 'Adzuna::API::Response::Company'}",https://www.adzuna.de/details/4801220768?utm_medium=api&utm_source=a4bcf954,,eyJhbGciOiJIUzI1NiJ9.eyJzIjoic0lGMDdlaEY4QkdVMjZId2RDXzdFZyIsImkiOiI0ODAxMjIwNzY4In0.9oUREdkbnZhkxYsB2gkttQs88n2YadMUR2x1nLevMRY,Wir bieten dir Mobiles Arbeiten Flexible Arbeitszeiten und individuelle Arbeitszeit-Modelle Gestaltungsfreiraum und Platz für eigene Ideen Geförderte Weiterbildungen Ein starkes Miteinander und eine familienorientierte Kultur …und vieles mehr Das macht deine Arbeit bei uns spannend Analyse und Erkennen von Kundenbedürfnissen sowie Erarbeitung neuer Konzepte zur Wertschöpfung aus den Daten unserer Kunden unter Berücksichtigung der Governance Du bist das Bindeglied zwischen den Fachleuten (Busine…,2024-07-30T22:45:58Z,0,"{'label': 'Unknown', 'tag': 'unknown', '__CLASS__': 'Adzuna::API::Response::Category'}",Data Science Specialist (m/w/d),,Adzuna::API::Response::Job,full_time,,,
5067020798,"{'__CLASS__': 'Adzuna::API::Response::Location', 'area': ['Deutschland', 'Niedersachsen', 'Region Hannover (Kreis)', 'Hannover', 'Bult'], 'display_name': 'Bult, Hannover'}","{'__CLASS__': 'Adzuna::API::Response::Company', 'display_name': 'IT-P GmbH'}",https://www.adzuna.de/details/5067020798?utm_medium=api&utm_source=a4bcf954,9.77223,eyJhbGciOiJIUzI1NiJ9.eyJzIjoic0lGMDdlaEY4QkdVMjZId2RDXzdFZyIsImkiOiI1MDY3MDIwNzk4In0.6cyS4lvZcQAENC2voVkeEyW75xLE4NlVnNU3LqRaa5k,Wir bieten dir Mobiles Arbeiten Flexible Arbeitszeiten und individuelle Arbeitszeit-Modelle Gestaltungsfreiraum und Platz für eigene Ideen Geförderte Weiterbildungen Ein starkes Miteinander und eine familienorientierte Kultur …und vieles mehr Das macht deine Arbeit bei uns spannend Analyse und Erkennen von Kundenbedürfnissen sowie Erarbeitung neuer Konzepte zur Wertschöpfung aus den Daten unserer Kunden unter Berücksichtigung der Governance Du bist das Bindeglied zwischen den Fachleuten (Busine…,2025-02-28T14:07:24Z,0,"{'label': 'Unknown', 'tag': 'unknown', '__CLASS__': 'Adzuna::API::Response::Category'}",Data Science Specialist (m/w/d),52.36489,Adzuna::API::Response::Job,part_time,,,
4352591932,"{'display_name': 'HafenCity, Hamburg', 'area': ['Deutschland', 'Hamburg', 'HafenCity'], '__CLASS__': 'Adzuna::API::Response::Location'}","{'display_name': 'Highberg DACH', '__CLASS__': 'Adzuna::API::Response::Company'}",https://www.adzuna.de/details/4352591932?utm_medium=api&utm_source=a4bcf954,9.99333,eyJhbGciOiJIUzI1NiJ9.eyJzIjoic0lGMDdlaEY4QkdVMjZId2RDXzdFZyIsImkiOiI0MzUyNTkxOTMyIn0.Byi8-4qsnF5himTi83A2ZTCY5jEWYueeWdgeDmPyIpA,"Deine Aufgaben Praktikum bei HIGHBERG in Hamburg: Bei uns heißt es im Praktikum nicht Kaffeekochen, sondern echte Kundenprojekte von Beginn an, gepaart mit Verantwortung und steiler Lernkurve. Neben einem intensiven Einblick in die Medienbranche erwartet Dich aktive Mitarbeit. Unser Umgang im Team lässt Raum für Deine persönliche Entwicklung. Gerne übernehmen wir Dich nach guter Arbeit auch nach dem Praktikum als Data Scientist und bieten Dir weitere spannende Aufgaben und Aufstiegschancen. Zu …",2023-10-05T13:37:27Z,0,"{'label': 'Unknown', 'tag': 'unknown', '__CLASS__': 'Adzuna::API::Response::Category'}",Praktikum: Data Science (w/m/d),53.54167,Adzuna::API::Response::Job,full_time,,,
4931290630,"{'area': ['Deutschland', 'Hamburg'], 'display_name': 'Hamburg, Deutschland', '__CLASS__': 'Adzuna::API::Response::Location'}","{'display_name': 'Highberg', '__CLASS__': 'Adzuna::API::Response::Company'}",https://www.adzuna.de/details/4931290630?utm_medium=api&utm_source=a4bcf954,9.987297,eyJhbGciOiJIUzI1NiJ9.eyJzIjoic0lGMDdlaEY4QkdVMjZId2RDXzdFZyIsImkiOiI0OTMxMjkwNjMwIn0.FMyMyCe0yqv_ufafbySihcQXKMLOPG4xRkqFWWS_ZaE,"Deine Aufgaben Praktikum bei HIGHBERG in Hamburg: Bei uns heißt es im Praktikum nicht Kaffeekochen, sondern echte Kundenprojekte von Beginn an, gepaart mit Verantwortung und steiler Lernkurve. Neben einem intensiven Einblick in die Medienbranche erwartet Dich aktive Mitarbeit. Unser Umgang im Team lässt Raum für Deine persönliche Entwicklung. Gerne übernehmen wir Dich nach guter Arbeit auch nach dem Praktikum als Data Scientist und bieten Dir weitere spannende Aufgaben und Aufstiegschancen. Zu …",2024-11-08T12:47:42Z,0,"{'label': 'Beraterstellen', 'tag': 'consultancy-jobs', '__CLASS__': 'Adzuna::API::Response::Category'}",Praktikum: Data Science (w/m/d),53.557429,Adzuna::API::Response::Job,full_time,,,
5240070096,"{'area': ['Deutschland'], 'display_name': 'Deutschland', '__CLASS__': 'Adzuna::API::Response::Location'}","{'__CLASS__': 'Adzuna::API::Response::Company', 'display_name': 'MSD Sharp & Dohme'}",https://www.adzuna.de/details/5240070096?utm_medium=api&utm_source=a4bcf954,,eyJhbGciOiJIUzI1NiJ9.eyJzIjoic0lGMDdlaEY4QkdVMjZId2RDXzdFZyIsImkiOiI1MjQwMDcwMDk2In0.7_UxsXgDlqek26KJ0BqrQ3h45gUz08_2oUwBZ1IpP4c,"Job Description Für unsere Abteilung Data Science in München suchen wir ab sofort einen Praktikanten (m/w/d) – ab sofort für mindestens 6 Monate. Unsere Teams im Bereich Digital arbeiten kross-funktional, um Innovationen voranzutreiben. Das Human Health Data Science Team entwickelt Analytics-Lösungen, die die Unternehmensstrategie unterstützen, und ist Hauptansprechpartner für alle Fragen rund um quantitative Analysen. Deine Aufgaben Sammeln, Bereinigen und Vorverarbeiten von Daten für weitere …",2025-06-08T14:40:07Z,0,"{'__CLASS__': 'Adzuna::API::Response::Category', 'tag': 'unknown', 'label': 'Unknown'}",Praktikant (m/w/d) Data Science,,Adzuna::API::Response::Job,full_time,,,
5180688689,"{'display_name': 'Teltow, Potsdam-Mittelmark (Kreis)', 'area': ['Deutschland', 'Brandenburg', 'Potsdam-Mittelmark (Kreis)', 'Teltow'], '__CLASS__': 'Adzuna::API::Response::Location'}","{'display_name': 'Esforin Se', '__CLASS__': 'Adzuna::API::Response::Company'}",https://www.adzuna.de/details/5180688689?utm_medium=api&utm_source=a4bcf954,13.26532,eyJhbGciOiJIUzI1NiJ9.eyJzIjoic0lGMDdlaEY4QkdVMjZId2RDXzdFZyIsImkiOiI1MTgwNjg4Njg5In0.uwqEag2g-XBqou1qibLQbL2EJGHW_pBKaKhlc93NvCc,Lass uns gemeinsam die Energiewende beschleunigen! Als europäisches Energie-Scale-up sind wir auf die algorithmusbasierte Optimierung von Stromflexibilitäten spezialisiert und ermöglichen so die weitere Integration Erneuerbarer Energien. Als erfahrener end-to-end Anbieter von weiteren digitalen Strom- und Gas-Energieservices fokussieren wir uns national und international auf die immer bedeutsamer werdenden Kurzfristmärkte. Mit einem interessanten Aufgabenspektrum und verantwortungsvollen Teilpr…,2025-05-04T21:39:49Z,0,"{'label': 'Unknown', 'tag': 'unknown', '__CLASS__': 'Adzuna::API::Response::Category'}",Werkstudent (m/w/d) - Data Science,52.40101,Adzuna::API::Response::Job,part_time,37440.0,,33280.0
4943526673,"{'display_name': 'Freiberg, Mittelsachsen (Kreis)', 'area': ['Deutschland', 'Sachsen', 'Mittelsachsen (Kreis)', 'Freiberg'], '__CLASS__': 'Adzuna::API::Response::Location'}","{'display_name': 'Siltronic AG, Werk Freiberg', '__CLASS__': 'Adzuna::API::Response::Company'}",https://www.adzuna.de/details/4943526673?utm_medium=api&utm_source=a4bcf954,13.33722,eyJhbGciOiJIUzI1NiJ9.eyJzIjoic0lGMDdlaEY4QkdVMjZId2RDXzdFZyIsImkiOiI0OTQzNTI2NjczIn0.Dt8qwuwaxQ3hQxQHjjVUcEklqoP9A9KG3IVbE-ExaK4,Data Science und KI (m/w/d) B.Sc. - 09599 Freiberg - Arbeitszeit: Vollzeit - Position: Duales Studium - Bildungsgrad Mindestvoraussetzung: Abitur - Beschäftigungsbeginn: 01.10.2025,2024-11-19T00:01:10Z,0,"{'__CLASS__': 'Adzuna::API::Response::Category', 'label': 'Stellen aus Wissenschaft & Qualitätssicherung', 'tag': 'scientific-qa-jobs'}",Data Science und KI (m/w/d),50.91404,Adzuna::API::Response::Job,,,,
5182049948,"{'area': ['Deutschland', 'Bayern', 'München (Kreis)', 'München', 'Maxvorstadt'], 'display_name': 'Maxvorstadt, München', '__CLASS__': 'Adzuna::API::Response::Location'}","{'__CLASS__': 'Adzuna::API::Response::Company', 'display_name': 'Flexa'}",https://www.adzuna.de/details/5182049948?utm_medium=api&utm_source=a4bcf954,11.56803,eyJhbGciOiJIUzI1NiJ9.eyJpIjoiNTE4MjA0OTk0OCIsInMiOiJzSUYwN2VoRjhCR1UyNkh3ZENfN0VnIn0.xJouOZYB8DFDGZAl8YRDLE1Usq-zS3Lmwi3EwzEncxg,"Short Facts Join us on our journey : We at Flexa and Entrix are a diverse team of 50, from 12 nationalities, and steadily growing. To drive the smart and sustainable energy future, we are looking for a forward-thinking and experienced Data Science Manager (d/f/m) who shares our vision and values. A pioneering Data Science mnager to lead and grow our Data Science team with innovation, foster talent and teamwork, and drive our offering's growth in alignment with and exceeding Flexa's strategic go…",2025-05-05T21:27:39Z,0,"{'label': 'Unknown', 'tag': 'unknown', '__CLASS__': 'Adzuna::API::Response::Category'}",Data Science Manager (d/m/f),48.1476,Adzuna::API::Response::Job,full_time,135000.0,,115000.0
3736575198,"{'__CLASS__': 'Adzuna::API::Response::Location', 'display_name': 'Altona-Altstadt, Hamburg', 'area': ['Deutschland', 'Hamburg', 'Altona-Altstadt']}","{'display_name': 'workidentity GmbH', '__CLASS__': 'Adzuna::API::Response::Company'}",https://www.adzuna.de/details/3736575198?utm_medium=api&utm_source=a4bcf954,9.9477,eyJhbGciOiJIUzI1NiJ9.eyJzIjoic0lGMDdlaEY4QkdVMjZId2RDXzdFZyIsImkiOiIzNzM2NTc1MTk4In0.KQEnzkXJDIvJiwHoYinNv0_geUwOFp9pVOpIo1BZECI,"Einleitung Für eines unserer Partnerunternehmen im Hamburg suchen wir Dichals Lead Data Science/Business Intelligence (gn) Deine Aufgaben In dieser Funktion übernimmst bzw. steuerst Du sämtliche BI- Prozesse Du baust ein Datenteam auf (In-App-Retentionsoptimierung, Kampagnenverteilungsoptimierung) Du erstellst, analysierst und kommunizierst Berichte und Statistiken Du verwandelst wiederkehrende Analysen in KPIs und Dashboard-Ansichten Du analysierst Daten aus verschiedenen Quellen (Redshift, Sp…",2022-12-01T16:57:09Z,0,"{'__CLASS__': 'Adzuna::API::Response::Category', 'tag': 'unknown', 'label': 'Unknown'}",Lead Data Science/Business Intelligence (gn),53.54883,Adzuna::API::Response::Job,full_time,,,
4807792993,"{'display_name': 'Osterath, Meerbusch', 'area': ['Deutschland', 'Nordrhein-Westfalen', 'Rhein-Kreis Neuss', 'Meerbusch', 'Osterath'], '__CLASS__': 'Adzuna::API::Response::Location'}","{'display_name': 'ORAYLIS', '__CLASS__': 'Adzuna::API::Response::Company'}",https://www.adzuna.de/details/4807792993?utm_medium=api&utm_source=a4bcf954,6.61876,eyJhbGciOiJIUzI1NiJ9.eyJzIjoic0lGMDdlaEY4QkdVMjZId2RDXzdFZyIsImkiOiI0ODA3NzkyOTkzIn0.bTSGcbkrp3xKUCpqKwVoPtHG9Sjfan0pTbgJMn8Q6Jo,"Consultant Data Science (m/w/d) Herzlich willkommen bei ORAYLIS - Gestalte mit uns die Welt der Daten Dein Tag startet mit der Prüfung deines Forecast-Modells, das du gestern mit neuen Einflussfaktoren trainiert hast… Top! Die Genauigkeit konnte noch mal gesteigert werden. Im Stand-Up des Data-Science Teams bringst du deine Kollegen auf den neuesten Stand. Im Anschluss steht ein Workshop mit dem Kunden an: Zusammen habt ihr schon ein funktionierendes Prognosemodell auf die Beine gestellt. Du we…",2024-08-02T22:43:15Z,0,"{'__CLASS__': 'Adzuna::API::Response::Category', 'tag': 'consultancy-jobs', 'label': 'Beraterstellen'}",Consultant Data Science (m/w/d),51.26869,Adzuna::API::Response::Job,full_time,,,
5230781762,"{'display_name': 'Innenstadt, Mannheim', 'area': ['Deutschland', 'Baden-Württemberg', 'Mannheim', 'Innenstadt'], '__CLASS__': 'Adzuna::API::Response::Location'}","{'__CLASS__': 'Adzuna::API::Response::Company', 'display_name': 'Soluvia IT-Services GmbH'}",https://www.adzuna.de/details/5230781762?utm_medium=api&utm_source=a4bcf954,8.46027,eyJhbGciOiJIUzI1NiJ9.eyJzIjoic0lGMDdlaEY4QkdVMjZId2RDXzdFZyIsImkiOiI1MjMwNzgxNzYyIn0.EgCv__FOUonuf8_3-BZeYTCFm0ZtA-EFnvqsCMe6yvE,"Über Soluvia IT-Services GmbH Die Soluvia IT-Services GmbH ist der zentrale IT-Businesspartner der MVV-Gruppe. Unsere über 190 Mitarbeitenden stellen sich täglich aufs Neue den Herausforderungen der Digitalisierung und leisten so einen wesentlichen Beitrag zu einer stabilen, nachhaltigen Energieversorgung. Als Teil der MVV-Gruppe gehört die Soluvia IT-Services GmbH zu einem der führenden Energieunternehmen Deutschlands, das über 6.600 Mitarbeitende beschäftigt und zuletzt rund 7,2 Milliarden Eu…",2025-06-03T18:29:19Z,0,"{'label': 'Unknown', 'tag': 'unknown', '__CLASS__': 'Adzuna::API::Response::Category'}",Informatiker - Data Science (m/w/d),49.49301,Adzuna::API::Response::Job,,,,
4801213177,"{'__CLASS__': 'Adzuna::API::Response::Location', 'display_name': 'Hamburg, Deutschland', 'area': ['Deutschland', 'Hamburg']}","{'__CLASS__': 'Adzuna::API::Response::Company', 'display_name': 'workidentity'}",https://www.adzuna.de/details/4801213177?utm_medium=api&utm_source=a4bcf954,9.987297,eyJhbGciOiJIUzI1NiJ9.eyJzIjoic0lGMDdlaEY4QkdVMjZId2RDXzdFZyIsImkiOiI0ODAxMjEzMTc3In0.AxJivamTQmiFWkC63FzN1lpFsjXfX_ozMh7CWaB_77M,"Einleitung Für eines unserer Partnerunternehmen im Hamburg suchen wir Dichals Lead Data Science/Business Intelligence (gn) Deine Aufgaben In dieser Funktion übernimmst bzw. steuerst Du sämtliche BI- Prozesse Du baust ein Datenteam auf (In-App-Retentionsoptimierung, Kampagnenverteilungsoptimierung) Du erstellst, analysierst und kommunizierst Berichte und Statistiken Du verwandelst wiederkehrende Analysen in KPIs und Dashboard-Ansichten Du analysierst Daten aus verschiedenen Quellen (Redshift, Sp…",2024-07-30T22:44:26Z,0,"{'__CLASS__': 'Adzuna::API::Response::Category', 'label': 'Unknown', 'tag': 'unknown'}",Lead Data Science/Business Intelligence (gn),53.557429,Adzuna::API::Response::Job,full_time,,,
5237487175,"{'__CLASS__': 'Adzuna::API::Response::Location', 'area': ['Deutschland', 'Niedersachsen', 'Salzgitter', 'Bruchmachtersen'], 'display_name': 'Bruchmachtersen, Salzgitter'}","{'__CLASS__': 'Adzuna::API::Response::Company', 'display_name': 'Robert Bosch Elektronik GmbH'}",https://www.adzuna.de/details/5237487175?utm_medium=api&utm_source=a4bcf954,10.31683,eyJhbGciOiJIUzI1NiJ9.eyJzIjoic0lGMDdlaEY4QkdVMjZId2RDXzdFZyIsImkiOiI1MjM3NDg3MTc1In0.r55CcJ2AnLob0EMuw5GstIZpTmEgFhURtdwUkJycntY,"Pflichtpraktikum in den Bereichen Wasserstoffcampus und energieorientiertes Data Science John-F.-Kennedy-Straße 43-53, 38228 Salzgitter, Deutschland Praktikant/in Robert Bosch Elektronik GmbH Unternehmensbeschreibung Bei Bosch gestalten wir Zukunft mit hochwertigen Technologien und Dienstleistungen, die Begeisterung wecken und das Leben der Menschen verbessern. Unser Versprechen an unsere Mitarbeiterinnen und Mitarbeiter steht dabei felsenfest: Wir wachsen gemeinsam, haben Freude an unserer Arb…",2025-06-07T02:01:23Z,0,"{'tag': 'unknown', 'label': 'Unknown', '__CLASS__': 'Adzuna::API::Response::Category'}",Pflichtpraktikum in den Bereichen Wasserstoffcampus und energieorientiertes Data Science,52.13979,Adzuna::API::Response::Job,,,contract,
5221657431,"{'__CLASS__': 'Adzuna::API::Response::Location', 'display_name': 'München, München (Kreis)', 'area': ['Deutschland', 'Bayern', 'München (Kreis)', 'München']}","{'display_name': 'Enmacc', '__CLASS__': 'Adzuna::API::Response::Company'}",https://www.adzuna.de/details/5221657431?utm_medium=api&utm_source=a4bcf954,,eyJhbGciOiJIUzI1NiJ9.eyJzIjoic0lGMDdlaEY4QkdVMjZId2RDXzdFZyIsImkiOiI1MjIxNjU3NDMxIn0.yue_ja0owIqvtM1RbXj5SBsfjdeg5I9jM7kiehP88q4,"enmacc is Europe’s largest over-the-counter trading market venue for energy and environmental commodities. We’re reshaping how energy is traded by bringing speed, transparency, and simplicity to a market that’s long relied on outdated processes. Our platform enables over 600 companies and 2,200 professionals to trade power, gas, Guarantees of Origin, emissions allowances, and weather derivatives, quickly, securely, and efficiently. It’s used by energy suppliers, trading houses, industrial compa…",2025-05-29T14:19:16Z,0,"{'__CLASS__': 'Adzuna::API::Response::Category', 'label': 'Unknown', 'tag': 'unknown'}",Data Science Engineer (f/m/d),,Adzuna::API::Response::Job,,,,
5150487114,"{'__CLASS__': 'Adzuna::API::Response::Location', 'display_name': 'Fürstenberg, Konstanz', 'area': ['Deutschland', 'Baden-Württemberg', 'Konstanz (Kreis)', 'Konstanz', 'Fürstenberg']}","{'display_name': 'SÜDKURIER , Medienhaus', '__CLASS__': 'Adzuna::API::Response::Company'}",https://www.adzuna.de/details/5150487114?utm_medium=api&utm_source=a4bcf954,9.1484,eyJhbGciOiJIUzI1NiJ9.eyJzIjoic0lGMDdlaEY4QkdVMjZId2RDXzdFZyIsImkiOiI1MTUwNDg3MTE0In0.Kd5_RTee2m9v25-FvoU95-DQ6TmpGg6dzn8Qz449yeI,"Praktikant (m/w/d) Data Science ab 01.09.2025 Konstanz befristet Pflichtpraktikum WIR BIETEN DIR Mitarbeit an zukunftsorientierten Projekten eines modernen Medienhauses Strukturierte Einarbeitung und persönliche Betreuung während des Praktikums Eine Praktikumsvergütung (750 EUR brutto / Monat), Urlaubsanspruch (bis zu 10 Tage), flexible Arbeitszeitgestaltung inkl. mobiles Arbeiten und vielfältige Weiterbildungsangebote Werde Teil einer Community von Praktikanten und nutze die Möglichkeit des Ne…",2025-04-17T21:35:56Z,0,"{'__CLASS__': 'Adzuna::API::Response::Category', 'label': 'Stellen aus PR, Werbung & Marketing', 'tag': 'pr-advertising-marketing-jobs'}",Praktikant (m/w/d) Data Science,47.6881,Adzuna::API::Response::Job,,,contract,
5014278768,"{'__CLASS__': 'Adzuna::API::Response::Location', 'display_name': 'Aschheim, München (Kreis)', 'area': ['Deutschland', 'Bayern', 'München (Kreis)', 'Aschheim']}","{'display_name': 'Atruvia', '__CLASS__': 'Adzuna::API::Response::Company'}",https://www.adzuna.de/details/5014278768?utm_medium=api&utm_source=a4bcf954,11.71669,eyJhbGciOiJIUzI1NiJ9.eyJzIjoic0lGMDdlaEY4QkdVMjZId2RDXzdFZyIsImkiOiI1MDE0Mjc4NzY4In0.be5zGUiC8ClW1OPaTn7KORfIBVW8t6r22l7pT2LwHyQ,"Description Die Softwareentwicklung ist einer der wichtigsten Bereiche bei Atruvia. Als Kompetenzzentrum für bankfachliche IT-Lösungen realisieren wir jedes Jahr über 200 Softwareprojekte, die unseren Kunden mehr Effizienz und Flexibilität im Kerngeschäft einbringen. Mit unseren smarten (analytischen) Lösungen erarbeiten wir gemeinsam mit unseren Kunden innovative Produkte - nach dem Motto “Wir machen das Leben leichter mit KI”. Aufgaben Du entwickelst maßgeschneiderte Data-Science und KI-Lösun…",2025-01-17T13:15:19Z,0,"{'__CLASS__': 'Adzuna::API::Response::Category', 'tag': 'unknown', 'label': 'Unknown'}",Duales Studium Data Science und Künstliche Intelligenz,48.17109,Adzuna::API::Response::Job,full_time,,,
5214320465,"{'__CLASS__': 'Adzuna::API::Response::Location', 'display_name': 'Deutschland', 'area': ['Deutschland']}","{'display_name': 'Mineral Minds Karriere', '__CLASS__': 'Adzuna::API::Response::Company'}",https://www.adzuna.de/details/5214320465?utm_medium=api&utm_source=a4bcf954,,eyJhbGciOiJIUzI1NiJ9.eyJzIjoic0lGMDdlaEY4QkdVMjZId2RDXzdFZyIsImkiOiI1MjE0MzIwNDY1In0.bq9xXSZp8fdp8TtlW3zthPuWulMtsp54CR6MhIAnxMk,"Für unseren Standort in Stuttgart suchen wir zum nächstmöglichen Zeitpunkt eine:n Werkstudent:in im Bereich der Data Science. Hast Du Bock? Wir sind ein Technologieunternehmen, das die Bau- und Entsorgungsbranche deutschlandweit digitalisiert. Unser Ziel ist es, die Kreislaufwirtschaft in der Baubranche zu stärken und so einen Beitrag zur Nachhaltigkeit in diesem Sektor zu leisten. Dafür bieten wir eine unabhängige digitale Plattform für die Ver- und Entsorgung von mineralischen Baustoffen, die…",2025-05-24T14:13:38Z,0,"{'label': 'Unknown', 'tag': 'unknown', '__CLASS__': 'Adzuna::API::Response::Category'}",Werkstudent:in Data Science (m/w/d),,Adzuna::API::Response::Job,,,,
5219543387,"{'__CLASS__': 'Adzuna::API::Response::Location', 'area': ['Deutschland', 'Bayern', 'München (Kreis)', 'München', 'Au-Haidhausen'], 'display_name': 'Au-Haidhausen, München'}","{'__CLASS__': 'Adzuna::API::Response::Company', 'display_name': 'Finanztip Verbraucherinformation GmbH'}",https://www.adzuna.de/details/5219543387?utm_medium=api&utm_source=a4bcf954,11.59129,eyJhbGciOiJIUzI1NiJ9.eyJzIjoic0lGMDdlaEY4QkdVMjZId2RDXzdFZyIsImkiOiI1MjE5NTQzMzg3In0.md8W5QjO0TuOFP-Tu-L1HZLTBcaa0SbMboijPbWZ6Bo,"Wir suchen Verstärkung Du hast Lust auf Daten, die wirklich was bewegen? Dann unterstütze uns als Werkstudent:in im Bereich Data Science dabei, Nutzerverhalten zu analysieren, personalisierte Empfehlungen zu entwickeln und smarte Datenmodelle für unsere App aufzubauen. Deine Aufgaben Als Teil unseres Shared Services-Team bist du mitten im Geschehen und tauchst tief in unsere User- und Business-Daten ein. Du lieferst Insights, die was bewegen – und sorgst mit deinen Analysen dafür, dass wir unse…",2025-05-28T08:20:36Z,0,"{'label': 'Unknown', 'tag': 'unknown', '__CLASS__': 'Adzuna::API::Response::Category'}",Werkstudent:in (w/m/d) Data Science,48.13258,Adzuna::API::Response::Job,part_time,,,
5224878981,"{'__CLASS__': 'Adzuna::API::Response::Location', 'display_name': 'München, München (Kreis)', 'area': ['Deutschland', 'Bayern', 'München (Kreis)', 'München']}","{'__CLASS__': 'Adzuna::API::Response::Company', 'display_name': 'Finanztip Verbraucherinformation'}",https://www.adzuna.de/details/5224878981?utm_medium=api&utm_source=a4bcf954,11.555737,eyJhbGciOiJIUzI1NiJ9.eyJpIjoiNTIyNDg3ODk4MSIsInMiOiJzSUYwN2VoRjhCR1UyNkh3ZENfN0VnIn0.4kb7wwmTi_JbSmGArORzMCfijbAXX_iT3nmWeM9Ze20,"Wir suchen Verstärkung Du hast Lust auf Daten, die wirklich was bewegen? Dann unterstütze uns als Werkstudent:in im Bereich Data Science dabei, Nutzerverhalten zu analysieren, personalisierte Empfehlungen zu entwickeln und smarte Datenmodelle für unsere App aufzubauen. Deine Aufgaben Als Teil unseres Shared Services-Team bist du mitten im Geschehen und tauchst tief in unsere User- und Business-Daten ein. Du lieferst Insights, die was bewegen – und sorgst mit deinen Analysen dafür, dass wir unse…",2025-05-31T14:09:24Z,0,"{'__CLASS__': 'Adzuna::API::Response::Category', 'tag': 'unknown', 'label': 'Unknown'}",Werkstudent:in (w/m/d) Data Science,48.137418,Adzuna::API::Response::Job,part_time,,,
5071820094,"{'display_name': 'Neuwied (Kreis), Rheinland-Pfalz', 'area': ['Deutschland', 'Rheinland-Pfalz', 'Neuwied (Kreis)'], '__CLASS__': 'Adzuna::API::Response::Location'}","{'display_name': 'Lohmann & Co. KG', '__CLASS__': 'Adzuna::API::Response::Company'}",https://www.adzuna.de/details/5071820094?utm_medium=api&utm_source=a4bcf954,7.468007,eyJhbGciOiJIUzI1NiJ9.eyJpIjoiNTA3MTgyMDA5NCIsInMiOiJzSUYwN2VoRjhCR1UyNkh3ZENfN0VnIn0.0MgY9oIQBMxKoiIhZiZh1zfWA86jOEIlDIpAAe98X_Q,"Willkommen im (K)leben Wir freuen uns, dass Sie sich für Lohmann, den Spezialisten für Klebelösungen, interessieren. Unsere Erfolgsgeschichte begann bereits vor über 170 Jahren. Ein familiengeführtes Unternehmen mit sozialer Verantwortung sind wir noch heute. Und wir sind stolz darauf, für unsere Kunden ein verlässlicher Partner mit zukunftsweisenden Technologien zu sein. An unserer Firmenzentrale in Neuwied produzieren wir High-Tech-Klebebänder für die Industrie im engen Verbund mit unseren ru…",2025-03-03T12:30:04Z,0,"{'__CLASS__': 'Adzuna::API::Response::Category', 'label': 'Unknown', 'tag': 'unknown'}",Technician Data Science (m/w/d),50.555835,Adzuna::API::Response::Job,full_time,,,
5214370516,"{'__CLASS__': 'Adzuna::API::Response::Location', 'display_name': 'Deutschland', 'area': ['Deutschland']}","{'__CLASS__': 'Adzuna::API::Response::Company', 'display_name': 'Lidl Stiftung'}",https://www.adzuna.de/details/5214370516?utm_medium=api&utm_source=a4bcf954,,eyJhbGciOiJIUzI1NiJ9.eyJpIjoiNTIxNDM3MDUxNiIsInMiOiJzSUYwN2VoRjhCR1UyNkh3ZENfN0VnIn0.kc8tdhmnyhj24238SzP7r73PY0VtlSWo_3L_pCdN_Fg,"Einleitung Eine gute Idee war der Ursprung, ein erfolgreiches Konzept ist das Ergebnis. Qualität zum guten Preis möglichst vielen Menschen anbieten zu können treibt uns an - mittlerweile weltweit, denn wir sind Lidl. Hier ist das berufliche Zuhause vielfältiger Talente. Ob im Einkauf, in der Logistik, im Warengeschäft oder in der IT; ob als Impulsgeber, Gestalter oder Dienstleister der Länder. Wir suchen Anpacker, Durchstarter, Möglichmacher und bieten spannende Aufgaben und Projekte in einem d…",2025-05-24T14:49:31Z,0,"{'__CLASS__': 'Adzuna::API::Response::Category', 'tag': 'logistics-warehouse-jobs', 'label': 'Stellen aus Logistik & Lagerhaltung'}",Duales Studium Wirtschaftsinformatik - Data Science in Neckarsulm,,Adzuna::API::Response::Job,full_time,,,
5213398031,"{'display_name': 'Böckingen, Heilbronn', 'area': ['Deutschland', 'Baden-Württemberg', 'Heilbronn (Kreis)', 'Heilbronn', 'Böckingen'], '__CLASS__': 'Adzuna::API::Response::Location'}","{'__CLASS__': 'Adzuna::API::Response::Company', 'display_name': 'Kaufland'}",https://www.adzuna.de/details/5213398031?utm_medium=api&utm_source=a4bcf954,9.22208,eyJhbGciOiJIUzI1NiJ9.eyJpIjoiNTIxMzM5ODAzMSIsInMiOiJzSUYwN2VoRjhCR1UyNkh3ZENfN0VnIn0.9VfOr__QbFe8Tc3vWRnsNcy2zk-UBsT2npLuA5eqcMQ,"Du willst mehr als Uni und möchtest erste Berufseinblicke und Kontakte knüpfen? Dann bist du hier richtig! Als Werkstudent oder Praktikant bei Kaufland gehörst du von Beginn an zu einem starken Team und kannst zeigen, was in dir steckt. Werde auch du Teil von teamkaufland! Deine Aufgaben Wir zählen auf dich: Du unterstützt unser Team bei der Bearbeitung unserer Analytics Use Cases entlang der gesamten Wertschöpfungskette bei Kaufland. Vielfältige Aufgaben? Na klar: Lerne unsere Projekte und Arb…",2025-05-24T01:56:48Z,0,"{'__CLASS__': 'Adzuna::API::Response::Category', 'tag': 'graduate-jobs', 'label': 'Stellen für Hochschulabsolventen'}",Praktikant Data Science (m/w/d),49.1416,Adzuna::API::Response::Job,,,,
5208527950,"{'display_name': 'Düsseldorf, Nordrhein-Westfalen', 'area': ['Deutschland', 'Nordrhein-Westfalen', 'Düsseldorf'], '__CLASS__': 'Adzuna::API::Response::Location'}","{'__CLASS__': 'Adzuna::API::Response::Company', 'display_name': 'Wepa Hygieneprodukte GmbH'}",https://www.adzuna.de/land/ad/5208527950?se=sIF07ehF8BGU26HwdC_7Eg&utm_medium=api&utm_source=a4bcf954&v=10D23421F0D0E4BFFC6AC5BE94F0AB6D639A968F,6.808387,eyJhbGciOiJIUzI1NiJ9.eyJpIjoiNTIwODUyNzk1MCIsInMiOiJzSUYwN2VoRjhCR1UyNkh3ZENfN0VnIn0.hcwZ5DORqMX9gPkcDmTI8xCko20yvwDFhch1KphyKVo,"Sie möchten Ihre Arbeit neu gestalten und in einem dynamischen Umfeld arbeiten? In einem europaweit tätigen Familienunternehmen, das Ihnen interessante Aufgaben und Herausforderungen bietet? Sie teilen unsere Unternehmenswerte Respekt, Engagement und Nachhaltigkeit? Dann sind Sie bei uns genau richtig. Wir freuen uns auf Ihre Bewerbung! Als Werkstudent/in Digital Customer Solutions (m/w/d) sind Sie Teil der strategischen Initiative “digitale Lösungen”, in dem Sie beim Aufbau einer digitalen Kun…",2025-05-21T07:44:18Z,0,"{'tag': 'it-jobs', 'label': 'IT-Stellen', '__CLASS__': 'Adzuna::API::Response::Category'}",Werkstudent/in Digital Customer Solutions (m/w/d),51.226802,Adzuna::API::Response::Job,,,,
5161776326,"{'__CLASS__': 'Adzuna::API::Response::Location', 'display_name': 'Langenfeld (Rheinland), Mettmann (Kreis)', 'area': ['Deutschland', 'Nordrhein-Westfalen', 'Mettmann (Kreis)', 'Langenfeld (Rheinland)']}","{'__CLASS__': 'Adzuna::API::Response::Company', 'display_name': 'Control Expert GmbH'}",https://www.adzuna.de/land/ad/5161776326?se=sIF07ehF8BGU26HwdC_7Eg&utm_medium=api&utm_source=a4bcf954&v=0B0BEEE77240C853384F635BD94C9C945BACC6C3,6.94712,eyJhbGciOiJIUzI1NiJ9.eyJzIjoic0lGMDdlaEY4QkdVMjZId2RDXzdFZyIsImkiOiI1MTYxNzc2MzI2In0.I8laivDc2NVfy_svdYTp1lMbbUAduqsosps4MIe4L1A,Als etablierter Marktführer bearbeitet ControlExpert seit 2002 mit 1.000 Mitarbeitern weltweit über 18 Mio. Kfz-Schadenvorgänge pro Jahr. In unserer Rolle als Digitalisierungsexperte vereinen wir KI-basierte Prozesse sowie neueste Technologien mit dem Wissen unserer Kfz-Experten . Gemeinsam mit CE´s firmeneigener Forschungs- und Entwicklungsabteilung arbeiten wir an der Verwirklichung unserer Vision: Autofahrer auf der ganzen Welt werden ihren Schaden noch am selben Tag fair ersetzt bekommen. H…,2025-04-25T07:09:20Z,0,"{'tag': 'unknown', 'label': 'Unknown', '__CLASS__': 'Adzuna::API::Response::Category'}",Teamlead Data & AI Center of Excellence (gn),51.10245,Adzuna::API::Response::Job,,,,
5212714983,"{'area': ['Deutschland', 'Nordrhein-Westfalen', 'Bonn'], 'display_name': 'Bonn, Nordrhein-Westfalen', '__CLASS__': 'Adzuna::API::Response::Location'}","{'display_name': 'Comma Soft AG', '__CLASS__': 'Adzuna::API::Response::Company'}",https://www.adzuna.de/land/ad/5212714983?se=sIF07ehF8BGU26HwdC_7Eg&utm_medium=api&utm_source=a4bcf954&v=BE23382DE2E84FA7B3782DA0F0C5E4ADB8A76E07,7.112412,eyJhbGciOiJIUzI1NiJ9.eyJzIjoic0lGMDdlaEY4QkdVMjZId2RDXzdFZyIsImkiOiI1MjEyNzE0OTgzIn0.bVqxzF_CZpFHXFR5rWM9E5_TB8trWgB5cfiJOuA4ACQ,"Die Comma Soft AG ist ein 1989 gegründetes Familienunternehmen mit Sitz in Bonn. Als verlässlicher Partner unterstützt das Beratungshaus DAX-Konzerne, große mittelständische Unternehmen, darunter auch viele Familienunternehmen, bei der digitalen Transformation – von der Strategieentwicklung über deren Umsetzung z. B. in globalen Projekten im Umfeld von M&A bis zur Befähigung aller Mitarbeiterinnen und Mitarbeiter. Zu den technologischen Kernkompetenzen der Comma Soft AG gehören Künstliche Intel…",2025-05-23T19:40:41Z,0,"{'__CLASS__': 'Adzuna::API::Response::Category', 'tag': 'sales-jobs', 'label': 'Vertriebsstellen'}",Sales Manager (m/w/d) – GenAI,50.71942,Adzuna::API::Response::Job,,,,
5207705409,"{'area': ['Deutschland'], 'display_name': 'Deutschland', '__CLASS__': 'Adzuna::API::Response::Location'}","{'display_name': 'SVA System Vertrieb Alexander GmbH', '__CLASS__': 'Adzuna::API::Response::Company'}",https://www.adzuna.de/land/ad/5207705409?se=sIF07ehF8BGU26HwdC_7Eg&utm_medium=api&utm_source=a4bcf954&v=4F7245F6D75E3BCA353EC5277732C31661B4D135,,eyJhbGciOiJIUzI1NiJ9.eyJpIjoiNTIwNzcwNTQwOSIsInMiOiJzSUYwN2VoRjhCR1UyNkh3ZENfN0VnIn0.-9FZsewb9Af2tkbe8Q5QRzFoMmC9dajRhmBkEH9FQwE,"Begeisterst Du Dich für hochwertige IT-Lösungen und willst Teil eines Unternehmens werden, das sich mit viel Herzblut um seine Kunden kümmert – und genauso um seine Beschäftigten? Dann bewirb Dich bei SVA! Als Partner für zukunftssichere IT-Lösungen legen wir besonders großen Wert auf den persönlichen Austausch – von Mensch zu Mensch auf Augenhöhe. Wir sind ein inhabergeführtes, unabhängiges Systemhaus, mit Leidenschaft dabei und begleiten unsere Kunden von der Planung bis zum Betrieb. Unsere T…",2025-05-20T19:47:56Z,0,"{'label': 'Sonstige/Allgemeine Stellen', 'tag': 'other-general-jobs', '__CLASS__': 'Adzuna::API::Response::Category'}",Werkstudent Quantum Computing (m/w/d),,Adzuna::API::Response::Job,,,,
5201898641,"{'display_name': 'Mitte, Berlin', '__CLASS__': 'Adzuna::API::Response::Location', 'area': ['Deutschland', 'Berlin', 'Mitte']}","{'display_name': 'BRL Risk Consulting GmbH & Co. KG', '__CLASS__': 'Adzuna::API::Response::Company'}",https://www.adzuna.de/details/5201898641?utm_medium=api&utm_source=a4bcf954,13.38475,eyJhbGciOiJIUzI1NiJ9.eyJpIjoiNTIwMTg5ODY0MSIsInMiOiJBbWZyN3VoRjhCR29VSWhFZnU1d0VnIn0.bdSOPgvzT9iF-MA6FRATMQjr075J-q-9nrtOoS6g6iQ,"Du hast deine ersten Semester geschafft und möchtest Dein theoretisches Wissen nun gern in spannenden Praxisprojekten anwenden? Bei uns wirst Du direkt in die Mandats- und Projektarbeit mit eingebunden und schnupperst so echte Praxisluft in einem interessanten Aufgabengebiet. Knüpfe schon jetzt wertvolle Kontakte, die deinen späteren Einstieg in die Berufswelt deutlich erleichtern können. Für einen Zeitraum 6 Monaten suchen wir Praktikant (W/M/D) Data Science & Artificial Intelligence in Berlin…",2025-05-16T18:05:36Z,0,"{'tag': 'consultancy-jobs', '__CLASS__': 'Adzuna::API::Response::Category', 'label': 'Beraterstellen'}",Praktikant Data Science / Data Engineering im Bereich Risk Advisory Services,52.51551,Adzuna::API::Response::Job,,,,
5201898656,"{'area': ['Deutschland', 'Bayern', 'München (Kreis)', 'München', 'Altstadt-Lehel'], '__CLASS__': 'Adzuna::API::Response::Location', 'display_name': 'Altstadt-Lehel, München'}","{'display_name': 'BRL Risk Consulting GmbH & Co. KG', '__CLASS__': 'Adzuna::API::Response::Company'}",https://www.adzuna.de/details/5201898656?utm_medium=api&utm_source=a4bcf954,11.56907,eyJhbGciOiJIUzI1NiJ9.eyJzIjoiQW1mcjd1aEY4QkdvVUloRWZ1NXdFZyIsImkiOiI1MjAxODk4NjU2In0.Dzo_qInlbEFxB0wn6yQXOy3E3p5qgogrYRzkg2CN1r0,"Du hast deine ersten Semester geschafft und möchtest Dein theoretisches Wissen nun gern in spannenden Praxisprojekten anwenden? Bei uns wirst Du direkt in die Mandats- und Projektarbeit mit eingebunden und schnupperst so echte Praxisluft in einem interessanten Aufgabengebiet. Knüpfe schon jetzt wertvolle Kontakte, die deinen späteren Einstieg in die Berufswelt deutlich erleichtern können. Für einen Zeitraum 6 Monaten suchen wir Praktikant (W/M/D) Data Science & Artificial Intelligence in Berlin…",2025-05-16T18:05:36Z,0,"{'label': 'Beraterstellen', '__CLASS__': 'Adzuna::API::Response::Category', 'tag': 'consultancy-jobs'}",Praktikant Data Science / Data Engineering im Bereich Risk Advisory Services,48.14093,Adzuna::API::Response::Job,,,,
5201898647,"{'area': ['Deutschland', 'Hamburg', 'Neustadt'], '__CLASS__': 'Adzuna::API::Response::Location', 'display_name': 'Neustadt, Hamburg'}","{'__CLASS__': 'Adzuna::API::Response::Company', 'display_name': 'BRL Risk Consulting GmbH & Co. KG'}",https://www.adzuna.de/details/5201898647?utm_medium=api&utm_source=a4bcf954,9.98553,eyJhbGciOiJIUzI1NiJ9.eyJpIjoiNTIwMTg5ODY0NyIsInMiOiJBbWZyN3VoRjhCR29VSWhFZnU1d0VnIn0.BMbsKEBiexcmHY0sYx4Fl5BPjKvD5YpC6wT6DmoAYes,"Du hast deine ersten Semester geschafft und möchtest Dein theoretisches Wissen nun gern in spannenden Praxisprojekten anwenden? Bei uns wirst Du direkt in die Mandats- und Projektarbeit mit eingebunden und schnupperst so echte Praxisluft in einem interessanten Aufgabengebiet. Knüpfe schon jetzt wertvolle Kontakte, die deinen späteren Einstieg in die Berufswelt deutlich erleichtern können. Für einen Zeitraum 6 Monaten suchen wir Praktikant (W/M/D) Data Science & Artificial Intelligence in Berlin…",2025-05-16T18:05:36Z,0,"{'tag': 'consultancy-jobs', '__CLASS__': 'Adzuna::API::Response::Category', 'label': 'Beraterstellen'}",Praktikant Data Science / Data Engineering im Bereich Risk Advisory Services,53.55197,Adzuna::API::Response::Job,,,,
5201898619,"{'area': ['Deutschland', 'Nordrhein-Westfalen', 'Essen', 'Altendorf'], '__CLASS__': 'Adzuna::API::Response::Location', 'display_name': 'Altendorf, Essen'}","{'display_name': 'BRL Risk Consulting GmbH & Co. KG', '__CLASS__': 'Adzuna::API::Response::Company'}",https://www.adzuna.de/details/5201898619?utm_medium=api&utm_source=a4bcf954,6.96735,eyJhbGciOiJIUzI1NiJ9.eyJpIjoiNTIwMTg5ODYxOSIsInMiOiJBbWZyN3VoRjhCR29VSWhFZnU1d0VnIn0.ZjyROdznOsbRxSZhEZGMT5niXIDjLLu2MtBxtet5VHA,"Du hast deine ersten Semester geschafft und möchtest Dein theoretisches Wissen nun gern in spannenden Praxisprojekten anwenden? Bei uns wirst Du direkt in die Mandats- und Projektarbeit mit eingebunden und schnupperst so echte Praxisluft in einem interessanten Aufgabengebiet. Knüpfe schon jetzt wertvolle Kontakte, die deinen späteren Einstieg in die Berufswelt deutlich erleichtern können. Für einen Zeitraum 6 Monaten suchen wir Praktikant (W/M/D) Data Science & Artificial Intelligence in Berlin…",2025-05-16T18:05:36Z,0,"{'__CLASS__': 'Adzuna::API::Response::Category', 'tag': 'consultancy-jobs', 'label': 'Beraterstellen'}",Praktikant Data Science / Data Engineering im Bereich Risk Advisory Services,51.46121,Adzuna::API::Response::Job,,,,
5210766720,"{'__CLASS__': 'Adzuna::API::Response::Location', 'display_name': 'Deutschland', 'area': ['Deutschland']}","{'__CLASS__': 'Adzuna::API::Response::Company', 'display_name': 'Samsung Semiconductor Europe'}",https://www.adzuna.de/details/5210766720?utm_medium=api&utm_source=a4bcf954,,eyJhbGciOiJIUzI1NiJ9.eyJpIjoiNTIxMDc2NjcyMCIsInMiOiJBbWZyN3VoRjhCR29VSWhFZnU1d0VnIn0.q3vXjkAniJ6CyjLR9WReWTSJNOaVtkQUzjMfHQLVKlM,"Position Summary As a working student for Data Science / Data Analytics, you will work closely with our Quality team in System LSI division to ensure optimal collection, visualization and quality of data by utilizing your Python as well as Java knowledge. System LSI is a division within Samsung Semiconductors Europe dedicated to enhancing cars with cutting-edge infotainment systems and sensors to ensure safe driving. You will support the Quality team that plays a pivotal role in supporting the …",2025-05-22T14:11:30Z,0,"{'label': 'Stellen aus PR, Werbung & Marketing', 'tag': 'pr-advertising-marketing-jobs', '__CLASS__': 'Adzuna::API::Response::Category'}",Working Student (f/m/d) in Data Science / Data Analytics,,Adzuna::API::Response::Job,part_time,,,
5224415580,"{'__CLASS__': 'Adzuna::API::Response::Location', 'display_name': 'Dortmund, Nordrhein-Westfalen', 'area': ['Deutschland', 'Nordrhein-Westfalen', 'Dortmund']}","{'display_name': 'Materna Information & Communications SE', '__CLASS__': 'Adzuna::API::Response::Company'}",https://www.adzuna.de/land/ad/5224415580?se=Amfr7uhF8BGoUIhEfu5wEg&utm_medium=api&utm_source=a4bcf954&v=D24248D751E5D6BA780B048CB3A9FECC4B598FD8,7.464954,eyJhbGciOiJIUzI1NiJ9.eyJzIjoiQW1mcjd1aEY4QkdvVUloRWZ1NXdFZyIsImkiOiI1MjI0NDE1NTgwIn0.hc4NJVAJs-438Y7QTZ6VoxrfW-2n_bTtbnfbNGPue_8,"Advanced Smart Services sind die Zukunft der digitalen Gesellschaft. Moderne Datenökonomien gelten als die wichtigste Basis, um großen Herausforderungen wie Gesundheitsvorsorge, Nachhaltigkeit im Sinne von Energie- und Ressourceneffizienz sowie Umweltschutz gewachsen zu sein. Als Teamleiter Analytics & AI besteht deine Aufgabe darin, eines der standortübergreifenden Teams für Data Intelligence und Data Science zu führen und weiterzuentwickeln, den Personalaufbau zu unterstützen und auch selbst …",2025-05-31T07:50:36Z,0,"{'tag': 'consultancy-jobs', '__CLASS__': 'Adzuna::API::Response::Category', 'label': 'Beraterstellen'}",Teamleiter Analytics & AI (m/w/d),51.504967,Adzuna::API::Response::Job,,,,
5235137538,"{'__CLASS__': 'Adzuna::API::Response::Location', 'display_name': 'Bonn, Nordrhein-Westfalen', 'area': ['Deutschland', 'Nordrhein-Westfalen', 'Bonn']}","{'__CLASS__': 'Adzuna::API::Response::Company', 'display_name': 'BWI GmbH'}",https://www.adzuna.de/land/ad/5235137538?se=Amfr7uhF8BGoUIhEfu5wEg&utm_medium=api&utm_source=a4bcf954&v=B2728AA99712B7E942DCC038752474BA00389A3A,7.112412,eyJhbGciOiJIUzI1NiJ9.eyJzIjoiQW1mcjd1aEY4QkdvVUloRWZ1NXdFZyIsImkiOiI1MjM1MTM3NTM4In0.SvdHXwg0-G1yp4_DWoaTnxWfcmS4SMlqMqBt8d_-WLo,"Als IT-Systemhaus der Bundeswehr und IT-Dienstleister des Bundes bieten wir umfassende IT-Services aus einer Hand. Mit über 7.000 Mitarbeiter*innen zählen wir zu den zehn größten IT-Service-Providern Deutschlands. Wir suchen authentische IT-Liebhaber*innen, die ihre Leidenschaft mit uns teilen wollen, auf der Suche nach anspruchsvollen IT-Herausforderungen sind und Deutschlands IT gestalten möchten. Die Abteilung Software Data So​lutions & Analytics realisiert im Kunden- und Eigenbetrieb datenz…",2025-06-05T22:08:05Z,0,"{'label': 'Unknown', 'tag': 'unknown', '__CLASS__': 'Adzuna::API::Response::Category'}",Lead DevOps Engineer (m/w/d),50.71942,Adzuna::API::Response::Job,,,,
5157440732,"{'area': ['Deutschland'], '__CLASS__': 'Adzuna::API::Response::Location', 'display_name': 'Deutschland'}","{'display_name': 'Sopra Steria', '__CLASS__': 'Adzuna::API::Response::Company'}",https://www.adzuna.de/land/ad/5157440732?se=Amfr7uhF8BGoUIhEfu5wEg&utm_medium=api&utm_source=a4bcf954&v=13052DD982D387D2A0AF8228976A2586203807F7,,eyJhbGciOiJIUzI1NiJ9.eyJzIjoiQW1mcjd1aEY4QkdvVUloRWZ1NXdFZyIsImkiOiI1MTU3NDQwNzMyIn0.oMckZNmlTlLjrBzHBoIo31_LFnH2oxH5KyZT1wSUaIg,"Wir sind als eine der führenden europäischen Management- und Technologieberatungen ein echter Tech-Player. Wir sehen uns als Vordenker*innen, handeln und denken strategisch, entwickeln mit unseren Kunden maßgeschneiderte Lösungen, sowie präzise Prozesse und implementieren innovative Technologien. Weltweit sind wir über 50.000 tech-affine und kluge Köpfe – gemeinsam gestalten wir die Zukunft unserer Kunden und die der Gesellschaft. Bist du bereit, das digitale Europa mitzugestalten? Aufgaben Als…",2025-04-23T07:07:06Z,0,"{'label': 'Unknown', 'tag': 'unknown', '__CLASS__': 'Adzuna::API::Response::Category'}",Consultant Telecommunications (m/w/d),,Adzuna::API::Response::Job,,,,
5240404997,"{'area': ['Deutschland', 'Baden-Württemberg', 'Ulm'], '__CLASS__': 'Adzuna::API::Response::Location', 'display_name': 'Ulm, Baden-Württemberg'}","{'display_name': 'Mercedes-Benz Tech Innovation', '__CLASS__': 'Adzuna::API::Response::Company'}",https://www.adzuna.de/land/ad/5240404997?se=Amfr7uhF8BGoUIhEfu5wEg&utm_medium=api&utm_source=a4bcf954&v=141167DC4B1F7A7EA7F0D534D5A6FCE02B531B75,9.856945,eyJhbGciOiJIUzI1NiJ9.eyJpIjoiNTI0MDQwNDk5NyIsInMiOiJBbWZyN3VoRjhCR29VSWhFZnU1d0VnIn0.kRtd0ojZkDD7vPqa2le7DO71ecbFV6YN1zZWHxW2QtI,"Life is always about becoming… Im Leben geht es darum, sich auf eine Reise zu begeben, um die beste Version unseres zukünftigen Selbst zu werden. Während wir Neues entdecken, stellen wir uns Herausforderungen, meistern sie und wachsen über uns hinaus. Bewerben Sie sich bei Mercedes-Benz und finden Sie den Aufgabenbereich, in dem Sie Ihre Talente individuell entfalten können. Dabei werden Sie von visionären Kolleginnen und Kollegen unterstützt, die Ihren Pioniergeist teilen. Bei uns einzusteigen…",2025-06-08T20:31:10Z,0,"{'__CLASS__': 'Adzuna::API::Response::Category', 'tag': 'unknown', 'label': 'Unknown'}",Werkstudent Business Intelligence / Data Analytics für Electric Vehicles (m/w/d),48.383137,Adzuna::API::Response::Job,,,,
5239805547,"{'area': ['Deutschland', 'Niedersachsen', 'Region Hannover (Kreis)', 'Hannover'], 'display_name': 'Hannover, Region Hannover (Kreis)', '__CLASS__': 'Adzuna::API::Response::Location'}","{'__CLASS__': 'Adzuna::API::Response::Company', 'display_name': 'Swiss Life Deutschland Holding GmbH'}",https://www.adzuna.de/land/ad/5239805547?se=Amfr7uhF8BGoUIhEfu5wEg&utm_medium=api&utm_source=a4bcf954&v=D9DE388BBBD928B25D6EE60F07BF468BE76937BE,9.742751,eyJhbGciOiJIUzI1NiJ9.eyJzIjoiQW1mcjd1aEY4QkdvVUloRWZ1NXdFZyIsImkiOiI1MjM5ODA1NTQ3In0.Mtp9zSAhHyweKM9czjS4JpET0qvMGrJ1ClkIcQS4Zxk,"Du möchtest deine Talente entfalten, deine Stärken beweisen, deine Ideen einbringen? Als ein führender europäischer Anbieter von Finanz- und Vorsorgelösungen unterstützen wir mit Leidenschaft Menschen, finanziell für sich zu sorgen – ein Leben lang. Das Know-how und die Leidenschaft unserer Mitarbeitenden ist dabei die Grundlage unserer Erfolge. Deshalb fördern und unterstützen wir auch dich individuell und bedarfsgerecht sowohl in deiner persönlichen als auch bei deiner beruflichen Entwicklung…",2025-06-08T08:04:17Z,0,"{'__CLASS__': 'Adzuna::API::Response::Category', 'tag': 'it-jobs', 'label': 'IT-Stellen'}",Senior Cloud Data Engineer (m/w/d),52.378818,Adzuna::API::Response::Job,,,,
5242157182,"{'display_name': 'Gütersloh, Gütersloh (Kreis)', '__CLASS__': 'Adzuna::API::Response::Location', 'area': ['Deutschland', 'Nordrhein-Westfalen', 'Gütersloh (Kreis)', 'Gütersloh']}","{'__CLASS__': 'Adzuna::API::Response::Company', 'display_name': 'Arvato Systems Digital GmbH'}",https://www.adzuna.de/land/ad/5242157182?se=Amfr7uhF8BGoUIhEfu5wEg&utm_medium=api&utm_source=a4bcf954&v=F39F126444AE80ACC282C787A3319A3C98BCE7E1,8.408252,eyJhbGciOiJIUzI1NiJ9.eyJzIjoiQW1mcjd1aEY4QkdvVUloRWZ1NXdFZyIsImkiOiI1MjQyMTU3MTgyIn0.DxvXX6E9_nie1wqbLP1SOzhB2pabTH5FrxlSs0eZe6U,"Als international agierender IT-Spezialist und Experte für Künstliche Intelligenz und Multi-Cloud Services unterstützt Arvato Systems namhafte Unternehmen bei der Digitalen Transformation. Rund 3.300 Mitarbeitende an weltweit über 25 Standorten stehen für hohes technisches Verständnis, Branchen-Know-how und einen klaren Fokus auf Kundenbedürfnisse. Als Team entwickeln wir innovative IT-Lösungen, bringen unsere Kunden in die Cloud, integrieren digitale Prozesse und übernehmen den Betrieb sowie d…",2025-06-10T08:31:07Z,0,"{'label': 'Stellen aus Fertigung', '__CLASS__': 'Adzuna::API::Response::Category', 'tag': 'manufacturing-jobs'}",Werkstudent - Quality Assurance (m/w/d),51.936827,Adzuna::API::Response::Job,,,,
5205177519,"{'__CLASS__': 'Adzuna::API::Response::Location', 'display_name': 'Unterschleißheim, München (Kreis)', 'area': ['Deutschland', 'Bayern', 'München (Kreis)', 'Unterschleißheim']}","{'__CLASS__': 'Adzuna::API::Response::Company', 'display_name': 'Encory GmbH'}",https://www.adzuna.de/land/ad/5205177519?se=Amfr7uhF8BGoUIhEfu5wEg&utm_medium=api&utm_source=a4bcf954&v=382390B85147C507ADD29E567313F0948D80A6F2,11.5684,eyJhbGciOiJIUzI1NiJ9.eyJzIjoiQW1mcjd1aEY4QkdvVUloRWZ1NXdFZyIsImkiOiI1MjA1MTc3NTE5In0.95C0e_JJBY37ivPRqweftL-AbIZ6ZU69pe9MHsTktwM,encory ist der Treiber für die Circular Economy. Wir beraten unsere Kunden bei der Entwicklung und Optimierung von Kreislaufprozessen. Durch die Aufbereitung und Wiederverwendung von wertvollen Produktionsteilen verlängern wir Produktlebenszyklen und transformieren lineare Wirtschaftsprozesse zu einem zirkulären System. Das spart Geld und Energie – und damit auch CO2. So machen wir bei encory die Arbeitsabläufe unserer Kunden gleichzeitig profitabler und nachhaltiger. Wir verstehen Diversität u…,2025-05-18T19:41:46Z,0,"{'tag': 'other-general-jobs', '__CLASS__': 'Adzuna::API::Response::Category', 'label': 'Sonstige/Allgemeine Stellen'}",Werkstudent (m/w/d) im Bereich Data Solutions,48.2773,Adzuna::API::Response::Job,,,,
5213873313,"{'display_name': 'Deutschland', '__CLASS__': 'Adzuna::API::Response::Location', 'area': ['Deutschland']}","{'display_name': 'IQVIA CSMS GmbH', '__CLASS__': 'Adzuna::API::Response::Company'}",https://www.adzuna.de/land/ad/5213873313?se=Amfr7uhF8BGoUIhEfu5wEg&utm_medium=api&utm_source=a4bcf954&v=7965C567E5FEF6F51BC4556DFB6C07BC660A22E9,,eyJhbGciOiJIUzI1NiJ9.eyJpIjoiNTIxMzg3MzMxMyIsInMiOiJBbWZyN3VoRjhCR29VSWhFZnU1d0VnIn0.ASei1anLvZZDg8vFcoNtsWv2nhbsDsjmwGu6-zknux4,"Wir suchen Dich ganz aktuell als Regionalleiter (m/w/d) für mehrere Teams bundesweit in Deiner Wohnortnähe - Bereich Impfstoffe (Pneumologie) IQVIA – The Human Data Science Company – ist ein führender, globaler Anbieter von zukunftsweisender Analytik, Technologielösungen und klinischer Auftragsforschung. IQVIA unterstützt Life Science Unternehmen, Verbände, Institutionen, Kostenträger und weitere Akteure im Gesundheitswesen darin, bessere Ergebnisse in der Gesundheitsversorgung zu erzielen. Wer…",2025-05-24T07:42:21Z,0,"{'label': 'Beraterstellen', 'tag': 'consultancy-jobs', '__CLASS__': 'Adzuna::API::Response::Category'}",Regionalleiter (m/w/d) - Bereich Impfstoffe/Pneumologie,,Adzuna::API::Response::Job,,,,
5158258295,"{'area': ['Deutschland', 'Hessen', 'Frankfurt am Main'], 'display_name': 'Frankfurt am Main, Hessen', '__CLASS__': 'Adzuna::API::Response::Location'}","{'__CLASS__': 'Adzuna::API::Response::Company', 'display_name': 'IQVIA Commercial GmbH & Co. OHG'}",https://www.adzuna.de/land/ad/5158258295?se=Amfr7uhF8BGoUIhEfu5wEg&utm_medium=api&utm_source=a4bcf954&v=47F415D498BB10EE0BA93BFF9797877C010D520A,8.650578,eyJhbGciOiJIUzI1NiJ9.eyJpIjoiNTE1ODI1ODI5NSIsInMiOiJBbWZyN3VoRjhCR29VSWhFZnU1d0VnIn0.tKN0niJEHdnR_gNbNjMsU-wrz2NNTj6jzHmWXDYT9T8,"IQVIA TM – The Human Data Science Company TM – ist ein führender, globaler Anbieter von zukunftsweisender Analytik, Technologielösungen und klinischer Auftragsforschung. IQVIA unterstützt Life-Science-Unternehmen, Verbände, Institutionen, Kostenträger und weitere Akteure im Gesundheitswesen darin, bessere Ergebnisse in der Gesundheitsversorgung zu erzielen. Werden Sie Teil unserer Community  von rund 90.000 Mitarbeiterinnen und Mitarbeitern in über 100 Ländern, die sich dafür einsetzen, das Pot…",2025-04-23T19:07:37Z,0,"{'label': 'Vertriebsstellen', 'tag': 'sales-jobs', '__CLASS__': 'Adzuna::API::Response::Category'}",Sales Support Manager (m/w/d) Pharma & Healthcare,50.129683,Adzuna::API::Response::Job,,,,
5095078892,"{'display_name': 'Deutschland', '__CLASS__': 'Adzuna::API::Response::Location', 'area': ['Deutschland']}","{'__CLASS__': 'Adzuna::API::Response::Company', 'display_name': 'PwC'}",https://www.adzuna.de/land/ad/5095078892?se=Amfr7uhF8BGoUIhEfu5wEg&utm_medium=api&utm_source=a4bcf954&v=8255F2810829DF68EECED2A396AF3EA05B7C05BC,,eyJhbGciOiJIUzI1NiJ9.eyJpIjoiNTA5NTA3ODg5MiIsInMiOiJBbWZyN3VoRjhCR29VSWhFZnU1d0VnIn0.LlEj84rrfTKydAAcy8twZ-y-2Zy2KI-mkgSKr-5UKfg,"Aufgaben Profil Wir bieten Für unseren Geschäftsbereich Deal s suchen wir dich zum nächstmöglichen Zeitpunkt als Consultant AI & Analytics Transaction Services (w/m/d). Das erwartet dich Transaktionsberatung - Gemeinsam mit deinem Team analysierst du Daten in verschiedensten Formaten und Größen, um die Herausforderungen unserer Kunden zu lösen. Du findest neue Zusammenhänge und erkennst die sprichwörtliche Nadel im (Daten-)Heuhaufen. Analysen - Als Spezialist:in für Daten und Analysen agierst d…",2025-03-15T11:54:42Z,0,"{'label': 'Beraterstellen', 'tag': 'consultancy-jobs', '__CLASS__': 'Adzuna::API::Response::Category'}",Consultant AI & Analytics Transaction Services (w/m/d),,Adzuna::API::Response::Job,,,,
5214676293,"{'display_name': 'München, München (Kreis)', '__CLASS__': 'Adzuna::API::Response::Location', 'area': ['Deutschland', 'Bayern', 'München (Kreis)', 'München']}","{'display_name': 'RAU | FOOD RECRUITMENT GmbH', '__CLASS__': 'Adzuna::API::Response::Company'}",https://www.adzuna.de/land/ad/5214676293?se=Amfr7uhF8BGoUIhEfu5wEg&utm_medium=api&utm_source=a4bcf954&v=7A5F7385B952E2B2A91203AB993E170B4DC16EDF,11.555737,eyJhbGciOiJIUzI1NiJ9.eyJzIjoiQW1mcjd1aEY4QkdvVUloRWZ1NXdFZyIsImkiOiI1MjE0Njc2MjkzIn0.hMOAWftM3avCj03N0OsUYdQTAVb1A0VSyllQArBRLxk,Die Rau Consultants zählen seit 1975 zu den renommierten Personalberatungen im deutschen Markt und unterstützen Unternehmen der Lebensmittelindustrie und des Handels bei der Besetzung von Führungskräften. Der Einsatz von Künstlicher Intelligenz (KI) wird für unser Geschäft zunehmend wichtiger – und genau hier kommen Sie ins Spiel: Sie treiben ein zukunftsweisendes Thema aktiv voran und sammeln wertvolle Praxiserfahrung mit echter Verantwortung. Werks-/Thesis-Student:in/Praktikant:in (m/w/d) KI …,2025-05-24T19:39:39Z,0,"{'tag': 'unknown', '__CLASS__': 'Adzuna::API::Response::Category', 'label': 'Unknown'}",Werks-/Thesis-Student:in / Praktikant:in (m/w/d) KI & Prozessautomatisierung,48.137418,Adzuna::API::Response::Job,,,,
5091125849,"{'area': ['Deutschland', 'Bayern', 'Donau-Ries (Kreis)', 'Donauwörth'], '__CLASS__': 'Adzuna::API::Response::Location', 'display_name': 'Donauwörth, Donau-Ries (Kreis)'}","{'display_name': 'Grenzebach Group', '__CLASS__': 'Adzuna::API::Response::Company'}",https://www.adzuna.de/details/5091125849?utm_medium=api&utm_source=a4bcf954,10.81618,eyJhbGciOiJIUzI1NiJ9.eyJzIjoiQW1mcjd1aEY4QkdvVUloRWZ1NXdFZyIsImkiOiI1MDkxMTI1ODQ5In0.e4B5txuVxfVzABrrLbhvJv_LinQ1cdC6ZBJeqd3LIX4,"Unterstützung in Forschungsprojekten im Bereich Data Science / Simulation Eigenständige Ausarbeitung von Aufgabenpaketen Mitarbeit bei der Datenanalyse, Datenverarbeitung und Modellentwicklung in laufenden Projekten Kennenlernen spannender Technologien (u. a. Python, Datenbanken, SQL und GitHub) Studium im Bereich Data Science, Elektrotechnik, Informatik oder etwas Vergleichbares Erste praktische Erfahrung im Data Science / Simulations Umfeld bzw. eines digitalen Zwillings Grundkenntnisse in st…",2025-03-13T12:14:44Z,0,"{'tag': 'unknown', '__CLASS__': 'Adzuna::API::Response::Category', 'label': 'Unknown'}",Praktikum im Bereich Data Science (m/w/d),48.68231,Adzuna::API::Response::Job,full_time,,,
5091033967,"{'__CLASS__': 'Adzuna::API::Response::Location', 'display_name': 'Deutschland', 'area': ['Deutschland']}","{'display_name': 'Mandl. Executives & Experts', '__CLASS__': 'Adzuna::API::Response::Company'}",https://www.adzuna.de/details/5091033967?utm_medium=api&utm_source=a4bcf954,,eyJhbGciOiJIUzI1NiJ9.eyJzIjoiQW1mcjd1aEY4QkdvVUloRWZ1NXdFZyIsImkiOiI1MDkxMDMzOTY3In0.bZrEZePRNrgQdCk3peAABypqG0OIJZILP7-uoc9sJFM,"Mein Klient ist ein erfolgreiches Tech-Beratungsunternehmen, welches seit Jahren immer wieder als einer der Top-Arbeitgeber Deutschlands ausgezeichnet wird. In einem breit aufgestellten Bereich Data & Analytics stehen die Zeichen weiter auf Wachstum. Bewirb dich jetzt als Managing Consultant Data Science (m/w/d) . Aufgaben Übernahme der Ownership über Projekte und Kunden im Bereich Data Science Beratung von Kunden im Hinblick auf Data Science Anwendungen sowie dazugehörigen Cloud -Systemen Impl…",2025-03-13T10:51:11Z,0,"{'tag': 'it-jobs', '__CLASS__': 'Adzuna::API::Response::Category', 'label': 'IT-Stellen'}",Managing Consultant Data Science (m/w/d),,Adzuna::API::Response::Job,,120000.0,,85000.0
5169409294,"{'area': ['Deutschland', 'Hamburg'], 'display_name': 'Hamburg, Deutschland', '__CLASS__': 'Adzuna::API::Response::Location'}","{'__CLASS__': 'Adzuna::API::Response::Company', 'display_name': 'Zeal Network'}",https://www.adzuna.de/details/5169409294?utm_medium=api&utm_source=a4bcf954,9.987297,eyJhbGciOiJIUzI1NiJ9.eyJzIjoiQW1mcjd1aEY4QkdvVUloRWZ1NXdFZyIsImkiOiI1MTY5NDA5Mjk0In0.T5zwd39KJXBhSHnm6J-bzXPXVgvo8FHM9Ui4YqMF67c,"ZEAL Network SE is an international, listed group of companies that has been creating exciting and entertaining lottery experiences for over 20 years. In Germany, we are the largest provider of online lotteries through our brands, LOTTO24 and Tipp24. In Spain we work with the second largest national lottery, ONCE. Through ZEAL Ventures, we are involved in exciting e-commerce start-ups such as Omaze and DAYMADE. We have 290 employees from various countries who act independently and think in a vi…",2025-04-29T21:48:59Z,0,"{'label': 'Unknown', '__CLASS__': 'Adzuna::API::Response::Category', 'tag': 'unknown'}",Tech Lead - Data Science (f/m/d),53.557429,Adzuna::API::Response::Job,full_time,,,
5202236203,"{'area': ['Deutschland', 'Hessen', 'Frankfurt am Main'], '__CLASS__': 'Adzuna::API::Response::Location', 'display_name': 'Frankfurt am Main, Hessen'}","{'display_name': 'Sanofi-Aventis Deutschland GmbH', '__CLASS__': 'Adzuna::API::Response::Company'}",https://www.adzuna.de/details/5202236203?utm_medium=api&utm_source=a4bcf954,8.650578,eyJhbGciOiJIUzI1NiJ9.eyJpIjoiNTIwMjIzNjIwMyIsInMiOiJBbWZyN3VoRjhCR29VSWhFZnU1d0VnIn0.K5d9yZoRFolMwXCs3ndEyOxiAz26MOQqFhBjM-QtmGs,"Für unseren Entwicklungs-, Produktions- und Fertigungsstandort Frankfurt am Main suchen wir innerhalb der vorlesungsfreien Zeiten eine*n Werkstudent*in im Bereich IT/Data Sciences in Vollzeit (37,5 Stunden/Woche). Ihre Aufgaben Im Rahmen Ihrer Tätigkeit unterstützen Sie, unter Einhaltung geltender Regularien,bei einfachen Labortätigkeiten sowiebei administrativen Arbeiten. Sieunterstützen bei der Datenpflege, indemSie bei der Überprüfung großer biologischer Datensätze helfen und erledigen eigen…",2025-05-16T20:01:47Z,0,"{'label': 'Unknown', '__CLASS__': 'Adzuna::API::Response::Category', 'tag': 'unknown'}",Werkstudent*in im Bereich IT/Data Sciences - Semesterferien 2025,50.129683,Adzuna::API::Response::Job,,,,
5214346024,"{'display_name': 'Berlin, Deutschland', '__CLASS__': 'Adzuna::API::Response::Location', 'area': ['Deutschland', 'Berlin']}","{'__CLASS__': 'Adzuna::API::Response::Company', 'display_name': '4flow'}",https://www.adzuna.de/details/5214346024?utm_medium=api&utm_source=a4bcf954,13.420806,eyJhbGciOiJIUzI1NiJ9.eyJpIjoiNTIxNDM0NjAyNCIsInMiOiJBbWZyN3VoRjhCR29VSWhFZnU1d0VnIn0.yLqpVFUs0rp9twT5b9O4yWX91C0rP7h9y1QjHwoNJHA,Du willst neben dem Studium wertvolle Einblicke im Bereich Data Science gewinnen und dein theoretisches Wissen direkt in der Praxis anwenden? Dann verstärke unser Team als Werkstudent:in und arbeite mit uns an datengetriebenen Lösungen sowie der Umsetzung spannender Projekte in der Logistikberatung! Was erwartet dich bei uns? Du unterstützt erfahrene Data Scientists und Consultants bei internen sowie externen Projekten und arbeitest gemeinsam mit ihnen an datengetriebenen Logistiklösungen. Du ü…,2025-05-24T14:30:56Z,0,"{'label': 'Unknown', '__CLASS__': 'Adzuna::API::Response::Category', 'tag': 'unknown'}",Werkstudent:in im Bereich Data Science (d/w/m),52.507706,Adzuna::API::Response::Job,part_time,,,
5240306242,"{'__CLASS__': 'Adzuna::API::Response::Location', 'display_name': 'München, München (Kreis)', 'area': ['Deutschland', 'Bayern', 'München (Kreis)', 'München']}","{'__CLASS__': 'Adzuna::API::Response::Company', 'display_name': 'BWI GmbH'}",https://www.adzuna.de/land/ad/5240306242?se=Amfr7uhF8BGoUIhEfu5wEg&utm_medium=api&utm_source=a4bcf954&v=6EB6D8D738D808849B665367801C34D6E24FEA94,11.555737,eyJhbGciOiJIUzI1NiJ9.eyJpIjoiNTI0MDMwNjI0MiIsInMiOiJBbWZyN3VoRjhCR29VSWhFZnU1d0VnIn0.OX_K3P1cnYTMJvk8aAi8mOHfwfpEZ18oKelS7Qopju8,"Als primärer Digitalisierungspartner der Bundeswehr erbringen wir stabile, sichere und effiziente IT-Services im In- und Ausland, vom Grundbetrieb bis in den einsatznahen Bereich und tragen so zur kontinuierlichen Erhöhung der Führungs- und Einsatzfähigkeit der Bundeswehr bei. Mit über 7.700 Kolleg*innen betreiben und modernisieren wir eine der größten und komplexesten IT-Infrastrukturen in Deutschland. Wir suchen verantwortungsvolle IT-Spezialist*innen, die die Bundeswehr-IT aus Überzeugung in…",2025-06-08T20:02:34Z,0,"{'tag': 'it-jobs', '__CLASS__': 'Adzuna::API::Response::Category', 'label': 'IT-Stellen'}",Senior IT-Architect im Geschäftsfeld Analytics & Simulation (m/w/d),48.137418,Adzuna::API::Response::Job,,,,
5147532883,"{'area': ['Deutschland', 'Hessen', 'Frankfurt am Main'], 'display_name': 'Frankfurt am Main, Hessen', '__CLASS__': 'Adzuna::API::Response::Location'}","{'__CLASS__': 'Adzuna::API::Response::Company', 'display_name': 'Sanofi Group'}",https://www.adzuna.de/details/5147532883?utm_medium=api&utm_source=a4bcf954,8.650578,eyJhbGciOiJIUzI1NiJ9.eyJpIjoiNTE0NzUzMjg4MyIsInMiOiJBbWZyN3VoRjhCR29VSWhFZnU1d0VnIn0.R1MVStsgBjoqp-fUzCu8_YFaGSvrEgznaz0WQYbt7xE,"Für unseren Entwicklungs-, Produktions- und Fertigungsstandort Frankfurt am Main suchen wir innerhalb der vorlesungsfreien Zeiten einen Werkstudentin im Bereich IT/Data Sciences in Vollzeit (37,5 Stunden/Woche). Ihre Aufgaben Im Rahmen Ihrer Tätigkeit unterstützen Sie, unter Einhaltung geltender Regularien, bei einfachen Labortätigkeiten sowie bei administrativen Arbeiten. Sie unterstützen bei der Datenpflege, indem Sie bei der Überprüfung großer biologischer Datensätze helfen und erledigen eig…",2025-04-16T18:15:20Z,0,"{'tag': 'unknown', '__CLASS__': 'Adzuna::API::Response::Category', 'label': 'Unknown'}",Werkstudent*in im Bereich IT/Data Sciences - Semesterferien 2025,50.129683,Adzuna::API::Response::Job,,,,
5150699315,"{'area': ['Deutschland', 'Hessen', 'Frankfurt am Main'], '__CLASS__': 'Adzuna::API::Response::Location', 'display_name': 'Frankfurt am Main, Hessen'}","{'display_name': 'Sanofi Group', '__CLASS__': 'Adzuna::API::Response::Company'}",https://www.adzuna.de/details/5150699315?utm_medium=api&utm_source=a4bcf954,8.650578,eyJhbGciOiJIUzI1NiJ9.eyJpIjoiNTE1MDY5OTMxNSIsInMiOiJBbWZyN3VoRjhCR29VSWhFZnU1d0VnIn0.Fh_N4W4WnUYkUwULM4sVHEFDU6G0nMROghDDHjXYEso,"Fu00fcr unseren Entwicklungs-, Produktions- und Fertigungsstandort Frankfurt am Main suchen wir innerhalb der vorlesungsfreien Zeiten eine*n Werkstudent*in im Bereich IT/Data Sciences in Vollzeit (37,5 Stunden/Woche). Ihre Aufgaben Im Rahmen Ihrer Tu00e4tigkeit unterstu00fctzen Sie, unter Einhaltung geltender Regularien, bei einfachen Labortu00e4tigkeiten sowie bei administrativen Arbeiten. Sie unterstu00fctzen bei der Datenpflege, indem Sie bei der u00dcberpru00fcfung grou00dfer biologischer D…",2025-04-18T01:26:56Z,0,"{'tag': 'unknown', '__CLASS__': 'Adzuna::API::Response::Category', 'label': 'Unknown'}",Werkstudent*in im Bereich IT/Data Sciences - Semesterferien 2025,50.129683,Adzuna::API::Response::Job,,,,
5166042489,"{'__CLASS__': 'Adzuna::API::Response::Location', 'display_name': 'Gütersloh (Kreis), Nordrhein-Westfalen', 'area': ['Deutschland', 'Nordrhein-Westfalen', 'Gütersloh (Kreis)']}","{'__CLASS__': 'Adzuna::API::Response::Company', 'display_name': 'vitroconnect'}",https://www.adzuna.de/details/5166042489?utm_medium=api&utm_source=a4bcf954,8.355114,eyJhbGciOiJIUzI1NiJ9.eyJpIjoiNTE2NjA0MjQ4OSIsInMiOiJBbWZyN3VoRjhCR29VSWhFZnU1d0VnIn0.ZY7h6MO1PMgFRmYzJhn9X7tybq-6-_8dKHXLaGsUNXw,"Wir sind ein wachsendes IT-Unternehmen, unsere Spezialisierung liegt im Telekommunikationsumfeld. Durch unser tiefes Branchen-Know-How, innovative Technologie und unsere eigenentwickelte Software-Plattform gelingt es uns seit nun fast 14 Jahren, komplexe Prozesse für unsere Kunden zu realisieren. Knapp 115 vitroconnect-Kolleg:innen arbeiten derzeit an unseren Lösungen und wir möchten weiter wachsen. Dazu brauchen wir deine Unterstützung und suchen einen Werkstudent (m/w/d) Data Science & Report…",2025-04-27T21:26:01Z,0,"{'tag': 'unknown', '__CLASS__': 'Adzuna::API::Response::Category', 'label': 'Unknown'}",Werkstudent (m/w/d) Data Science & Reporting,51.946683,Adzuna::API::Response::Job,part_time,,,
5093579959,"{'area': ['Deutschland'], '__CLASS__': 'Adzuna::API::Response::Location', 'display_name': 'Deutschland'}","{'__CLASS__': 'Adzuna::API::Response::Company', 'display_name': 'Continental'}",https://www.adzuna.de/details/5093579959?utm_medium=api&utm_source=a4bcf954,,eyJhbGciOiJIUzI1NiJ9.eyJpIjoiNTA5MzU3OTk1OSIsInMiOiJBbWZyN3VoRjhCR29VSWhFZnU1d0VnIn0.YnepPBCMnEIy9t9Py-RjY86o39H5-T6cSjoh_3J34_I,"Continental entwickelt wegweisende Technologien und Dienste für die nachhaltige und vernetzte Mobilität der Menschen und ihrer Güter. Das 1871 gegründete Technologieunternehmen bietet sichere, effiziente, intelligente und erschwingliche Lösungen für Fahrzeuge, Maschinen, Verkehr und Transport. Continental erzielte 2023 einen Umsatz von 41,4 Milliarden Euro und beschäftigt aktuell rund 200.000 Mitarbeiterinnen und Mitarbeiter in 56 Ländern und Märkten. Softwaretechnologie - Informatik und Softwa…",2025-03-14T16:46:24Z,0,"{'label': 'Unknown', '__CLASS__': 'Adzuna::API::Response::Category', 'tag': 'unknown'}",Bachelor Softwaretechnologie - Data Science (m/w/d),,Adzuna::API::Response::Job,,,,
5238625749,"{'area': ['Deutschland', 'Baden-Württemberg', 'Mannheim'], 'display_name': 'Mannheim, Baden-Württemberg', '__CLASS__': 'Adzuna::API::Response::Location'}","{'display_name': 'Soluvia IT-Services GmbH', '__CLASS__': 'Adzuna::API::Response::Company'}",https://www.adzuna.de/details/5238625749?utm_medium=api&utm_source=a4bcf954,8.491505,eyJhbGciOiJIUzI1NiJ9.eyJpIjoiNTIzODYyNTc0OSIsInMiOiJBbWZyN3VoRjhCR29VSWhFZnU1d0VnIn0.-CSqx67aPunZ-WC59BrU4Z7p7cmkxxFdQCD7gbHiJEA,"Applications Expert Data Science (m/w/d) Arbeitszeit: Vollzeit | Beginn: 01.10.2025 Kennziffer: 2025-0131 Jetzt bewerben Gestalten auch Sie unsere digitale Transformation aktiv mit! Wir suchen Sie für unsere Organisationseinheit Individual Applications am Standort Mannheim, Kiel, Offenbach als Applications Expert Data Science (m/w/d). Das erwartet Sie bei uns: Als Applications Expert Data Science (m/w/d) sind Sie verantwortlich für die (Weiter-) Entwicklung und den Betrieb unserer BI-Umgebung. …",2025-06-07T14:06:33Z,0,"{'label': 'Unknown', '__CLASS__': 'Adzuna::API::Response::Category', 'tag': 'unknown'}",Applications Expert Data Science (m/w/d),49.496025,Adzuna::API::Response::Job,full_time,,,
5220138679,"{'display_name': 'Kalbach, Frankfurt am Main', '__CLASS__': 'Adzuna::API::Response::Location', 'area': ['Deutschland', 'Hessen', 'Frankfurt am Main', 'Kalbach']}","{'__CLASS__': 'Adzuna::API::Response::Company', 'display_name': 'Proteome Sciences R&D GmbH & Co KG'}",https://www.adzuna.de/details/5220138679?utm_medium=api&utm_source=a4bcf954,8.65012,eyJhbGciOiJIUzI1NiJ9.eyJpIjoiNTIyMDEzODY3OSIsInMiOiJBbWZyN3VoRjhCR29VSWhFZnU1d0VnIn0.KAfevgvRgtBQ-_rU4vuSsF1GOIQUHP-NV3G69CJ2EvQ,"Proteome Sciences plc (www.proteomics.com) is a global leader in applied proteomics and peptidomics with scientific operations in Frankfurt (Germany) & San Diego, California (USA). We partner with innovative companies and academic research groups and offer high sensitivity, proprietary technologies for protein and peptide biomarker discovery, validation and assay development. In addition, we develop targeted mass spectrometry assays under GCLP conditions for clients running clinical trials. The…",2025-05-28T17:59:48Z,0,"{'__CLASS__': 'Adzuna::API::Response::Category', 'tag': 'unknown', 'label': 'Unknown'}",Group Leader - Data Science (m/f/d),50.18595,Adzuna::API::Response::Job,,,,
5090996315,"{'display_name': 'Deutschland', '__CLASS__': 'Adzuna::API::Response::Location', 'area': ['Deutschland']}","{'display_name': 'twomynds', '__CLASS__': 'Adzuna::API::Response::Company'}",https://www.adzuna.de/details/5090996315?utm_medium=api&utm_source=a4bcf954,,eyJhbGciOiJIUzI1NiJ9.eyJpIjoiNTA5MDk5NjMxNSIsInMiOiJBbWZyN3VoRjhCR29VSWhFZnU1d0VnIn0.dx-14cqLogBVCnRqw445UgirpBVOfEC1srhAHisNG8c,"Eckdaten Startzeitpunkt: Flexibel Office: Bonn (Hybrid: 1x die Woche vor Ort) Beschreibung: Unternehmensberater / Unternehmensberaterin mit Fokus auf Data Science / KI / Data Analytics Über uns In unserer inhabergeführten Management-Beratung helfen wir Führungskräften bessere Entscheidungen zu treffen, indem wir zwei Perspektiven verbinden: Strategie & Daten. twomynds. Wir begleiten unsere Kunden entlang der gesamten Wertschöpfungskette – von der Identifikation von Datenpotenzialen über die Str…",2025-03-13T10:49:52Z,0,"{'label': 'Beraterstellen', '__CLASS__': 'Adzuna::API::Response::Category', 'tag': 'consultancy-jobs'}",AI & Data Science Consultant (m/w/d),,Adzuna::API::Response::Job,,,,
5234177268,"{'__CLASS__': 'Adzuna::API::Response::Location', 'display_name': 'Elchingen, Neu-Ulm (Kreis)', 'area': ['Deutschland', 'Bayern', 'Neu-Ulm (Kreis)', 'Elchingen']}","{'display_name': 'Bosch Rexroth AG', '__CLASS__': 'Adzuna::API::Response::Company'}",https://www.adzuna.de/details/5234177268?utm_medium=api&utm_source=a4bcf954,10.10327,eyJhbGciOiJIUzI1NiJ9.eyJpIjoiNTIzNDE3NzI2OCIsInMiOiJBbWZyN3VoRjhCR29VSWhFZnU1d0VnIn0.9y3yLAXRD95_m4-GCe7gwuWB3FAYj2yoJCNSVgns1Y0,"Praktikum in der Technologieentwicklung mit Fokus auf Machine Learning und Data Science Glockeraustraße 2, 89275 Elchingen, Deutschland Vollzeit Bosch Rexroth AG Unternehmensbeschreibung Bei Bosch Rexroth dreht sich alles um Bewegung und den Erfolg unserer Kunden. Mit unseren vernetzbaren Antriebs- und Steuerungstechnologien sowie digitalen Lösungen arbeiten Maschinen und Anlagen effizient, sicher und leistungsstark. Wir bieten unseren Kunden Komponenten, Systemlösungen und Services für mobile …",2025-06-05T09:30:48Z,0,"{'label': 'Unknown', '__CLASS__': 'Adzuna::API::Response::Category', 'tag': 'unknown'}",Praktikum in der Technologieentwicklung mit Fokus auf Machine Learning und Data Science,48.45214,Adzuna::API::Response::Job,full_time,,,
5192887633,"{'display_name': 'Deutschland', '__CLASS__': 'Adzuna::API::Response::Location', 'area': ['Deutschland']}","{'display_name': 'master-TMS', '__CLASS__': 'Adzuna::API::Response::Company'}",https://www.adzuna.de/details/5192887633?utm_medium=api&utm_source=a4bcf954,,eyJhbGciOiJIUzI1NiJ9.eyJzIjoiQW1mcjd1aEY4QkdvVUloRWZ1NXdFZyIsImkiOiI1MTkyODg3NjMzIn0.5sSYFUtyawjGMcSi01oEbdlgsGo9M-eDZtiMFY-X4Y8,"In Deutschland - Berlin | Bonn | Frankfurt/Main | Hamburg | Köln | München Du bist bereit, deine persönliche Entwicklung in den Bereichen Data Science, Analytics und KI zu fördern? Unser Data Science Team hilft Unternehmen, fundierte Entscheidungen zu treffen und ihr Wachstum voranzutreiben, indem wir Rohdaten in umsetzbare Erkenntnisse verwandeln. Werde Pionier der digitalen Transformation und unterstütze uns als (Senior) Consultant – Data Science. Mehr von uns für dich: Steile Lernkurve: werd…",2025-05-10T21:53:49Z,0,"{'__CLASS__': 'Adzuna::API::Response::Category', 'tag': 'consultancy-jobs', 'label': 'Beraterstellen'}",Senior Consultant Data Science (m/w/d),,Adzuna::API::Response::Job,,,,
5008915576,"{'__CLASS__': 'Adzuna::API::Response::Location', 'display_name': 'Hagsfeld, Karlsruhe', 'area': ['Deutschland', 'Baden-Württemberg', 'Karlsruhe (Kreis)', 'Karlsruhe', 'Hagsfeld']}","{'display_name': 'prenode GmbH', '__CLASS__': 'Adzuna::API::Response::Company'}",https://www.adzuna.de/details/5008915576?utm_medium=api&utm_source=a4bcf954,8.45882,eyJhbGciOiJIUzI1NiJ9.eyJpIjoiNTAwODkxNTU3NiIsInMiOiJBbWZyN3VoRjhCR29VSWhFZnU1d0VnIn0.xOYwQJHbMe_C-LpWT_Y3ILPKI3c8HItUQVJrZIRQ_xM,"Deine Aufgaben Übernimm die Verantwortung für die Organisation, Koordination und Planung komplexer Kundenprojekte, insbesondere in den Bereichen Data Science und AI. Kommuniziere proaktiv mit Kunden und entwickle innovative, AI-basierte Lösungen, um die Zukunft datengetriebener Projekte und Anwendungen mitzugestalten. Leite End-to-End-Prozesse, von der Potenzialanalyse bis zur Implementierung von datengetriebenen Lösungen. Halte Potenzial-Workshops und identifiziere neue Use Cases für die Integ…",2025-01-13T18:55:58Z,0,"{'label': 'Unknown', '__CLASS__': 'Adzuna::API::Response::Category', 'tag': 'unknown'}",Senior Data Science Consultant (m/w/d),49.03084,Adzuna::API::Response::Job,full_time,,,
4847425518,"{'display_name': 'Karlsruhe, Karlsruhe (Kreis)', '__CLASS__': 'Adzuna::API::Response::Location', 'area': ['Deutschland', 'Baden-Württemberg', 'Karlsruhe (Kreis)', 'Karlsruhe']}","{'__CLASS__': 'Adzuna::API::Response::Company', 'display_name': 'prenode'}",https://www.adzuna.de/details/4847425518?utm_medium=api&utm_source=a4bcf954,8.412378,eyJhbGciOiJIUzI1NiJ9.eyJpIjoiNDg0NzQyNTUxOCIsInMiOiJBbWZyN3VoRjhCR29VSWhFZnU1d0VnIn0.s1P6CFbQyssifRfATju9UGIYwgNYKEs1WwduGUgC3N8,"Deine Aufgaben Übernimm die Verantwortung für die Organisation, Koordination und Planung komplexer Kundenprojekte, insbesondere in den Bereichen Data Science und AI. Kommuniziere proaktiv mit Kunden und entwickle innovative, AI-basierte Lösungen, um die Zukunft datengetriebener Projekte und Anwendungen mitzugestalten. Leite End-to-End-Prozesse, von der Potenzialanalyse bis zur Implementierung von datengetriebenen Lösungen. Halte Potenzial-Workshops und identifiziere neue Use Cases für die Integ…",2024-09-01T13:34:45Z,0,"{'tag': 'consultancy-jobs', '__CLASS__': 'Adzuna::API::Response::Category', 'label': 'Beraterstellen'}",Senior Data Science Consultant (m/w/d),49.001249,Adzuna::API::Response::Job,full_time,,,
4853687634,"{'display_name': 'Mitte, Stuttgart', '__CLASS__': 'Adzuna::API::Response::Location', 'area': ['Deutschland', 'Baden-Württemberg', 'Stuttgart', 'Mitte']}","{'__CLASS__': 'Adzuna::API::Response::Company', 'display_name': 'KPMG'}",https://www.adzuna.de/details/4853687634?utm_medium=api&utm_source=a4bcf954,9.18071,eyJhbGciOiJIUzI1NiJ9.eyJzIjoiQW1mcjd1aEY4QkdvVUloRWZ1NXdFZyIsImkiOiI0ODUzNjg3NjM0In0.8CVn6QsmgS1WesPeQrVngp7bMKXAkvd7x52X2KgdJxo,"Senior Consultant Data Science (w/m/d) Job-Nr: 12025 Standorte: Stuttgart Karrierelevel: Berufserfahrene Anstellungsart: Festanstellung Als Senior Consultant Data Science (w/m/d) wirst du Teil eines dynamischen Teams von Data-Experts, die innovative und datengesteuerte Lösungen für unsere Kunden entwickeln. Dabei arbeitest du eng mit erfahrenen Data Scientists zusammen und hast die Möglichkeit, an verschiedenen Projekten und Herausforderungen mitzuwirken. Deine Aufgaben Du bereitest komplexe Da…",2024-09-06T00:22:21Z,0,"{'label': 'IT-Stellen', '__CLASS__': 'Adzuna::API::Response::Category', 'tag': 'it-jobs'}",Senior Consultant Data Science (w/m/d),48.77713,Adzuna::API::Response::Job,,,permanent,
5071506712,"{'__CLASS__': 'Adzuna::API::Response::Location', 'display_name': 'Moabit, Berlin', 'area': ['Deutschland', 'Berlin', 'Moabit']}","{'display_name': 'KPMG', '__CLASS__': 'Adzuna::API::Response::Company'}",https://www.adzuna.de/details/5071506712?utm_medium=api&utm_source=a4bcf954,13.35662,eyJhbGciOiJIUzI1NiJ9.eyJzIjoiQW1mcjd1aEY4QkdvVUloRWZ1NXdFZyIsImkiOiI1MDcxNTA2NzEyIn0.QLQX781rVRZcDe3kT25-Yw4YOcfJlDAJkPwqBdmXl-M,"Senior Consultant Data Science (w/m/d) Job-Nr: 12025 Standorte: Berlin Karrierelevel: Berufserfahrene Anstellungsart: Festanstellung Als Senior Consultant Data Science (w/m/d) wirst du Teil eines dynamischen Teams von Data-Experts, die innovative und datengesteuerte Lösungen für unsere Kunden entwickeln. Dabei arbeitest du eng mit erfahrenen Data Scientists zusammen und hast die Möglichkeit, an verschiedenen Projekten und Herausforderungen mitzuwirken. Deine Aufgaben Du bereitest komplexe Daten…",2025-03-03T06:07:48Z,0,"{'label': 'IT-Stellen', '__CLASS__': 'Adzuna::API::Response::Category', 'tag': 'it-jobs'}",Senior Consultant Data Science (w/m/d),52.5259,Adzuna::API::Response::Job,,,permanent,
4853687655,"{'area': ['Deutschland', 'Hessen', 'Frankfurt am Main', 'Flughafen'], 'display_name': 'Flughafen, Frankfurt am Main', '__CLASS__': 'Adzuna::API::Response::Location'}","{'__CLASS__': 'Adzuna::API::Response::Company', 'display_name': 'KPMG'}",https://www.adzuna.de/details/4853687655?utm_medium=api&utm_source=a4bcf954,8.56413,eyJhbGciOiJIUzI1NiJ9.eyJpIjoiNDg1MzY4NzY1NSIsInMiOiJBbWZyN3VoRjhCR29VSWhFZnU1d0VnIn0.bjzk21wMuvSSWnbWhYpMd8U0VxT_cFmgHLZZ6NtPVME,"Senior Consultant Data Science (w/m/d) Job-Nr: 12025 Standorte: Frankfurt Karrierelevel: Berufserfahrene Anstellungsart: Festanstellung Als Senior Consultant Data Science (w/m/d) wirst du Teil eines dynamischen Teams von Data-Experts, die innovative und datengesteuerte Lösungen für unsere Kunden entwickeln. Dabei arbeitest du eng mit erfahrenen Data Scientists zusammen und hast die Möglichkeit, an verschiedenen Projekten und Herausforderungen mitzuwirken. Deine Aufgaben Du bereitest komplexe Da…",2024-09-06T00:22:21Z,0,"{'label': 'IT-Stellen', 'tag': 'it-jobs', '__CLASS__': 'Adzuna::API::Response::Category'}",Senior Consultant Data Science (w/m/d),50.05078,Adzuna::API::Response::Job,,,permanent,
4853687633,"{'area': ['Deutschland'], '__CLASS__': 'Adzuna::API::Response::Location', 'display_name': 'Deutschland'}","{'display_name': 'KPMG', '__CLASS__': 'Adzuna::API::Response::Company'}",https://www.adzuna.de/details/4853687633?utm_medium=api&utm_source=a4bcf954,,eyJhbGciOiJIUzI1NiJ9.eyJzIjoiQW1mcjd1aEY4QkdvVUloRWZ1NXdFZyIsImkiOiI0ODUzNjg3NjMzIn0.xwgNRmi0fEe_Kr3HIvrvLpKPRgKvYy-d9FNUlzeTS9E,"Senior Consultant Data Science (w/m/d) Job-Nr: 12025 Standorte: Karrierelevel: Berufserfahrene Anstellungsart: Festanstellung Als Senior Consultant Data Science (w/m/d) wirst du Teil eines dynamischen Teams von Data-Experts, die innovative und datengesteuerte Lösungen für unsere Kunden entwickeln. Dabei arbeitest du eng mit erfahrenen Data Scientists zusammen und hast die Möglichkeit, an verschiedenen Projekten und Herausforderungen mitzuwirken. Deine Aufgaben Du bereitest komplexe Daten auf, m…",2024-09-06T00:22:21Z,0,"{'__CLASS__': 'Adzuna::API::Response::Category', 'tag': 'it-jobs', 'label': 'IT-Stellen'}",Senior Consultant Data Science (w/m/d),,Adzuna::API::Response::Job,,,permanent,
4853687632,"{'area': ['Deutschland', 'Saarland', 'Regionalverband Saarbrücken (Kreis)', 'Saarbrücken', 'Malstatt'], '__CLASS__': 'Adzuna::API::Response::Location', 'display_name': 'Malstatt, Saarbrücken'}","{'__CLASS__': 'Adzuna::API::Response::Company', 'display_name': 'KPMG'}",https://www.adzuna.de/details/4853687632?utm_medium=api&utm_source=a4bcf954,6.96191,eyJhbGciOiJIUzI1NiJ9.eyJzIjoiQW1mcjd1aEY4QkdvVUloRWZ1NXdFZyIsImkiOiI0ODUzNjg3NjMyIn0.DeWpheMcMxUYUnI3IfYQCRdaziTzxPb5F2Fdxq9Ew_c,"Senior Consultant Data Science (w/m/d) Job-Nr: 12025 Standorte: Saarbrücken Karrierelevel: Berufserfahrene Anstellungsart: Festanstellung Als Senior Consultant Data Science (w/m/d) wirst du Teil eines dynamischen Teams von Data-Experts, die innovative und datengesteuerte Lösungen für unsere Kunden entwickeln. Dabei arbeitest du eng mit erfahrenen Data Scientists zusammen und hast die Möglichkeit, an verschiedenen Projekten und Herausforderungen mitzuwirken. Deine Aufgaben Du bereitest komplexe …",2024-09-06T00:22:21Z,0,"{'label': 'IT-Stellen', 'tag': 'it-jobs', '__CLASS__': 'Adzuna::API::Response::Category'}",Senior Consultant Data Science (w/m/d),49.253,Adzuna::API::Response::Job,,,permanent,
4853687631,"{'area': ['Deutschland', 'Baden-Württemberg', 'Karlsruhe (Kreis)', 'Karlsruhe', 'Hagsfeld'], '__CLASS__': 'Adzuna::API::Response::Location', 'display_name': 'Hagsfeld, Karlsruhe'}","{'display_name': 'KPMG', '__CLASS__': 'Adzuna::API::Response::Company'}",https://www.adzuna.de/details/4853687631?utm_medium=api&utm_source=a4bcf954,8.45882,eyJhbGciOiJIUzI1NiJ9.eyJzIjoiQW1mcjd1aEY4QkdvVUloRWZ1NXdFZyIsImkiOiI0ODUzNjg3NjMxIn0.ttdFjx8LDU7SwVuJjx8OBjHZv2MEeqxIwhrel0boFUY,"Senior Consultant Data Science (w/m/d) Job-Nr: 12025 Standorte: Karlsruhe Karrierelevel: Berufserfahrene Anstellungsart: Festanstellung Als Senior Consultant Data Science (w/m/d) wirst du Teil eines dynamischen Teams von Data-Experts, die innovative und datengesteuerte Lösungen für unsere Kunden entwickeln. Dabei arbeitest du eng mit erfahrenen Data Scientists zusammen und hast die Möglichkeit, an verschiedenen Projekten und Herausforderungen mitzuwirken. Deine Aufgaben Du bereitest komplexe Da…",2024-09-06T00:22:21Z,0,"{'tag': 'it-jobs', '__CLASS__': 'Adzuna::API::Response::Category', 'label': 'IT-Stellen'}",Senior Consultant Data Science (w/m/d),49.03084,Adzuna::API::Response::Job,,,permanent,
5229563639,"{'area': ['Deutschland', 'Baden-Württemberg', 'Ulm', 'Mitte'], 'display_name': 'Mitte, Ulm', '__CLASS__': 'Adzuna::API::Response::Location'}","{'__CLASS__': 'Adzuna::API::Response::Company', 'display_name': 'KPMG'}",https://www.adzuna.de/details/5229563639?utm_medium=api&utm_source=a4bcf954,8.29909,eyJhbGciOiJIUzI1NiJ9.eyJzIjoiQW1mcjd1aEY4QkdvVUloRWZ1NXdFZyIsImkiOiI1MjI5NTYzNjM5In0.kB2JGNHW58u4jfY2qTS5zQWot-TglWQStI37zKHjWOo,"Senior Consultant Data Science (w/m/d) Job-Nr: 12025 Standorte: Ulm Karrierelevel: Berufserfahrene Anstellungsart: Festanstellung Als Senior Consultant Data Science (w/m/d) wirst du Teil eines dynamischen Teams von Data-Experts, die innovative und datengesteuerte Lösungen für unsere Kunden entwickeln. Dabei arbeitest du eng mit erfahrenen Data Scientists zusammen und hast die Möglichkeit, an verschiedenen Projekten und Herausforderungen mitzuwirken. Deine Aufgaben Du bereitest komplexe Daten au…",2025-06-03T01:54:07Z,0,"{'label': 'IT-Stellen', 'tag': 'it-jobs', '__CLASS__': 'Adzuna::API::Response::Category'}",Senior Consultant Data Science (w/m/d),48.36497,Adzuna::API::Response::Job,,,permanent,
5229563686,"{'display_name': 'Neuostheim, Mannheim', '__CLASS__': 'Adzuna::API::Response::Location', 'area': ['Deutschland', 'Baden-Württemberg', 'Mannheim', 'Neuostheim']}","{'display_name': 'KPMG', '__CLASS__': 'Adzuna::API::Response::Company'}",https://www.adzuna.de/details/5229563686?utm_medium=api&utm_source=a4bcf954,8.50014,eyJhbGciOiJIUzI1NiJ9.eyJpIjoiNTIyOTU2MzY4NiIsInMiOiJBbWZyN3VoRjhCR29VSWhFZnU1d0VnIn0.7hTMmOtgC3lLnLu0Okai5p9aadOYW1HowCyg8rlyBEA,"Senior Consultant Data Science (w/m/d) Job-Nr: 12025 Standorte: Mannheim Karrierelevel: Berufserfahrene Anstellungsart: Festanstellung Als Senior Consultant Data Science (w/m/d) wirst du Teil eines dynamischen Teams von Data-Experts, die innovative und datengesteuerte Lösungen für unsere Kunden entwickeln. Dabei arbeitest du eng mit erfahrenen Data Scientists zusammen und hast die Möglichkeit, an verschiedenen Projekten und Herausforderungen mitzuwirken. Deine Aufgaben Du bereitest komplexe Dat…",2025-06-03T01:54:07Z,0,"{'tag': 'it-jobs', '__CLASS__': 'Adzuna::API::Response::Category', 'label': 'IT-Stellen'}",Senior Consultant Data Science (w/m/d),49.46856,Adzuna::API::Response::Job,,,permanent,
5229563683,"{'__CLASS__': 'Adzuna::API::Response::Location', 'display_name': 'Oberstadt, Mainz', 'area': ['Deutschland', 'Rheinland-Pfalz', 'Mainz', 'Oberstadt']}","{'__CLASS__': 'Adzuna::API::Response::Company', 'display_name': 'KPMG'}",https://www.adzuna.de/details/5229563683?utm_medium=api&utm_source=a4bcf954,8.26743,eyJhbGciOiJIUzI1NiJ9.eyJpIjoiNTIyOTU2MzY4MyIsInMiOiJBbWZyN3VoRjhCR29VSWhFZnU1d0VnIn0.uzDtuLWt8_G9IMjYv-ooBOKZlvQR9X-75FoJtdufNlo,"Senior Consultant Data Science (w/m/d) Job-Nr: 12025 Standorte: Mainz Karrierelevel: Berufserfahrene Anstellungsart: Festanstellung Als Senior Consultant Data Science (w/m/d) wirst du Teil eines dynamischen Teams von Data-Experts, die innovative und datengesteuerte Lösungen für unsere Kunden entwickeln. Dabei arbeitest du eng mit erfahrenen Data Scientists zusammen und hast die Möglichkeit, an verschiedenen Projekten und Herausforderungen mitzuwirken. Deine Aufgaben Du bereitest komplexe Daten …",2025-06-03T01:54:07Z,0,"{'label': 'IT-Stellen', '__CLASS__': 'Adzuna::API::Response::Category', 'tag': 'it-jobs'}",Senior Consultant Data Science (w/m/d),49.99512,Adzuna::API::Response::Job,,,permanent,
5241141308,"{'__CLASS__': 'Adzuna::API::Response::Location', 'display_name': 'Eversten, Oldenburg', 'area': ['Deutschland', 'Niedersachsen', 'Oldenburg (Kreis)', 'Oldenburg', 'Eversten']}","{'display_name': 'Jade Hochschule', '__CLASS__': 'Adzuna::API::Response::Company'}",https://www.adzuna.de/details/5241141308?utm_medium=api&utm_source=a4bcf954,8.1829,eyJhbGciOiJIUzI1NiJ9.eyJzIjoiQW1mcjd1aEY4QkdvVUloRWZ1NXdFZyIsImkiOiI1MjQxMTQxMzA4In0.USOLEqvINGMDYVfZhZSu6tJrgERCi02Sgwj2uhEstD8,"Besser Studieren“ ist das gelebte Motto der Jade Hochschule. Über 170 Professorinnen und Professoren sowie ca. 400 Mitarbeitende engagieren sich im Sinne des Leitbildes unserer Hochschule: innovativ, kompetent, kooperativ, vielfältig und zugewandt. Wissenschaftliche_r Mitarbeiter_in (w/m/d) Entgeltgruppe 13 TV‑L | Kennziffer BGG 09/25 Vorgenannte Stelle ist an der Jade Hochschule Wilhelmshaven/Oldenburg/Elsfleth im Fachbereich Bauwesen Geoinformation Gesundheitstechnologie am Campus Oldenburg i…",2025-06-09T14:33:38Z,0,"{'tag': 'other-general-jobs', '__CLASS__': 'Adzuna::API::Response::Category', 'label': 'Sonstige/Allgemeine Stellen'}",Wissenschaftliche Mitarbeiter(m/w/d) Data Science,53.13112,Adzuna::API::Response::Job,,,,
4801214232,"{'area': ['Deutschland'], '__CLASS__': 'Adzuna::API::Response::Location', 'display_name': 'Deutschland'}","{'__CLASS__': 'Adzuna::API::Response::Company', 'display_name': 'Comma Soft AG'}",https://www.adzuna.de/details/4801214232?utm_medium=api&utm_source=a4bcf954,,eyJhbGciOiJIUzI1NiJ9.eyJzIjoiQW1mcjd1aEY4QkdvVUloRWZ1NXdFZyIsImkiOiI0ODAxMjE0MjMyIn0.x7T35FCTSBFUG--vUpQToYwnbOX1X3Rf8iupKYj-aNk,"Deine Aufgaben Du willst nicht länger in der Jupyter-Notebooks-Blase bleiben? Sondern dabei sein, wenn deine Analysen und ML-Algorithmen ihre Wirkung produktiv entfalten? Bei uns hast du die Chance: Als Expert:in für Data Science schaffst du mit deinem Team Lösungen, die ihr bis zum Go-Live umsetzt – und noch viel weiter. Du entwickelst und operationalisierst bei unseren Kunden Data Science-Lösungen, die u. a. mehr Transparenz in Prozessen der Unternehmens- und Produktionsplanung schaffen sowie…",2024-07-30T22:44:31Z,0,"{'label': 'Beraterstellen', '__CLASS__': 'Adzuna::API::Response::Category', 'tag': 'consultancy-jobs'}",Senior Data Science Consultant (m/w/d),,Adzuna::API::Response::Job,full_time,,,
4945612869,"{'__CLASS__': 'Adzuna::API::Response::Location', 'display_name': 'Pützchen, Bonn', 'area': ['Deutschland', 'Nordrhein-Westfalen', 'Bonn', 'Pützchen']}","{'__CLASS__': 'Adzuna::API::Response::Company', 'display_name': 'Comma Soft AG'}",https://www.adzuna.de/details/4945612869?utm_medium=api&utm_source=a4bcf954,7.15283,eyJhbGciOiJIUzI1NiJ9.eyJzIjoiQW1mcjd1aEY4QkdvVUloRWZ1NXdFZyIsImkiOiI0OTQ1NjEyODY5In0.8g08xuXJ2Ma0YsoEvnX4cPuTWUmUZ-xbDL7rNOhPLdQ,"Deine Aufgaben Du willst nicht länger in der Jupyter-Notebooks-Blase bleiben? Sondern dabei sein, wenn deine Analysen und ML-Algorithmen ihre Wirkung produktiv entfalten? Bei uns hast du die Chance: Als Expert:in für Data Science schaffst du mit deinem Team Lösungen, die ihr bis zum Go-Live umsetzt – und noch viel weiter. Du entwickelst und operationalisierst bei unseren Kunden Data Science-Lösungen, die u. a. mehr Transparenz in Prozessen der Unternehmens- und Produktionsplanung schaffen sowie…",2024-11-20T18:37:51Z,0,"{'label': 'Unknown', 'tag': 'unknown', '__CLASS__': 'Adzuna::API::Response::Category'}",Senior Data Science Consultant (m/w/d),50.75024,Adzuna::API::Response::Job,full_time,,,
5202238384,"{'area': ['Deutschland', 'Niedersachsen', 'Region Hannover (Kreis)', 'Langenhagen'], '__CLASS__': 'Adzuna::API::Response::Location', 'display_name': 'Langenhagen, Region Hannover (Kreis)'}","{'display_name': 'MTU Aero Engines', '__CLASS__': 'Adzuna::API::Response::Company'}",https://www.adzuna.de/details/5202238384?utm_medium=api&utm_source=a4bcf954,9.73965,eyJhbGciOiJIUzI1NiJ9.eyJzIjoiQW1mcjd1aEY4QkdvVUloRWZ1NXdFZyIsImkiOiI1MjAyMjM4Mzg0In0.g321I2S8UycSBFFn748qrBgbRxewO_CbE2gfwb0ob8s,"Kennziffer – WS HAN MVOS UPLIFTYOURFUTURE Wir sind über 12.000. An 19 Standorten weltweit. Jedes dritte Flugzeug fliegt mit unserer Technologie. Immer effizienter, leiser, nachhaltiger. Wir gestalten die Zukunft der Luftfahrt. Was wir noch brauchen? Dich. Unser Team in Hannover-Langenhagen sucht dich: Werkstudent Data Science - Business Analytics (all genders) Code - WS HAN MVOS STARKE AUFGABEN Mitarbeit bei der Entwicklung und Umsetzung von abteilungsinternen und -übergreifenden Projekten Unte…",2025-05-16T20:02:18Z,0,"{'label': 'Unknown', 'tag': 'unknown', '__CLASS__': 'Adzuna::API::Response::Category'}",Werkstudent Data Science - Business Analytics (all genders),52.44731,Adzuna::API::Response::Job,,,,
4931314072,"{'area': ['Deutschland', 'Niedersachsen', 'Region Hannover (Kreis)', 'Langenhagen', 'Schulenkamp'], '__CLASS__': 'Adzuna::API::Response::Location', 'display_name': 'Schulenkamp, Langenhagen'}","{'__CLASS__': 'Adzuna::API::Response::Company', 'display_name': 'MTU Maintenance Hannover'}",https://www.adzuna.de/details/4931314072?utm_medium=api&utm_source=a4bcf954,9.70266,eyJhbGciOiJIUzI1NiJ9.eyJzIjoiQW1mcjd1aEY4QkdvVUloRWZ1NXdFZyIsImkiOiI0OTMxMzE0MDcyIn0.taS67vYDSh0LT2XOM0fzViszhNvtiUNtiQVQlDJOstE,"UPLIFT Y OURFUTURE Wir sind über 13.000. An 19 Standorten weltweit. Jedes dritte Flugzeug fliegt mit unserer Technologie. Immer effizienter, leiser, nachhaltiger. Wir gestalten die Zukunft der Luftfahrt. Was wir noch brauchen? Dich. Unser Team in Hannover-Langenhagen sucht Dich: Werkstudent Data Science - Business Analytics (all genders) STARKE AUFGABEN Mitarbeit bei der Entwicklung und Umsetzung von abteilungsinternen und -übergreifenden Projekten Unterstützung bei der Dokumentation von Abläuf…",2024-11-08T12:49:30Z,0,"{'label': 'Stellen aus PR, Werbung & Marketing', '__CLASS__': 'Adzuna::API::Response::Category', 'tag': 'pr-advertising-marketing-jobs'}",Werkstudent Data Science - Business Analytics (all genders),52.46704,Adzuna::API::Response::Job,part_time,,,
4712213587,"{'display_name': 'Gleißbühl, Nürnberg', '__CLASS__': 'Adzuna::API::Response::Location', 'area': ['Deutschland', 'Bayern', 'Nürnberg', 'Gleißbühl']}","{'__CLASS__': 'Adzuna::API::Response::Company', 'display_name': 'MID GmbH'}",https://www.adzuna.de/details/4712213587?utm_medium=api&utm_source=a4bcf954,11.08475,eyJhbGciOiJIUzI1NiJ9.eyJpIjoiNDcxMjIxMzU4NyIsInMiOiJBbWZyN3VoRjhCR29VSWhFZnU1d0VnIn0.c2o-hnCFkR0yDD09WNLek_0if9ENVyCjEuWDVBc7LAo,"Werde MIDgestalter:in Teil von MID zu sein, bedeutet MIDgestalter:in zu sein Gemeinsam als Team – aktuell 170 Kolleg:innen – brennen wir täglich darauf, den Wandel bei unseren Kunden in zukunftsfähige Mehrwerte zu überführen. Schneller denn je ändern sich durch neue Technologien und Wettbewerb die Randbedingungen für aktuelle Geschäftsmodelle. Um erfolgreich zu sein, sollten IT-Fähigkeiten, -Strukturen, -Assets und -Prozesse mindestens genauso schnell angepasst und weiterentwickelt werden könne…",2024-05-29T16:10:17Z,0,"{'__CLASS__': 'Adzuna::API::Response::Category', 'tag': 'unknown', 'label': 'Unknown'}",Senior Consultant (m/w/d) Data Science,49.44932,Adzuna::API::Response::Job,full_time,,,
4895689555,"{'area': ['Deutschland'], '__CLASS__': 'Adzuna::API::Response::Location', 'display_name': 'Deutschland'}","{'__CLASS__': 'Adzuna::API::Response::Company', 'display_name': 'MID'}",https://www.adzuna.de/details/4895689555?utm_medium=api&utm_source=a4bcf954,,eyJhbGciOiJIUzI1NiJ9.eyJzIjoiQW1mcjd1aEY4QkdvVUloRWZ1NXdFZyIsImkiOiI0ODk1Njg5NTU1In0.zJpzPCRpF3OT6SZ5DYIPFVHd9KiqI1YglJ7FNQZfLt4,"Werde MIDgestalter:in! Teil von MID zu sein, bedeutet MIDgestalter:in zu sein! Gemeinsam als Team – aktuell 170 Kolleg:innen – brennen wir täglich darauf, den Wandel bei unseren Kunden in zukunftsfähige Mehrwerte zu überführen. Schneller denn je ändern sich durch neue Technologien und Wettbewerb die Randbedingungen für aktuelle Geschäftsmodelle. Um erfolgreich zu sein, sollten IT-Fähigkeiten, -Strukturen, -Assets und -Prozesse mindestens genauso schnell angepasst und weiterentwickelt werden kön…",2024-10-09T15:02:53Z,0,"{'tag': 'consultancy-jobs', '__CLASS__': 'Adzuna::API::Response::Category', 'label': 'Beraterstellen'}",Senior Consultant (m/w/d) Data Science,,Adzuna::API::Response::Job,full_time,,,
5152326406,"{'area': ['Deutschland'], '__CLASS__': 'Adzuna::API::Response::Location', 'display_name': 'Deutschland'}","{'__CLASS__': 'Adzuna::API::Response::Company', 'display_name': 'Aerofoils'}",https://www.adzuna.de/details/5152326406?utm_medium=api&utm_source=a4bcf954,,eyJhbGciOiJIUzI1NiJ9.eyJpIjoiNTE1MjMyNjQwNiIsInMiOiJBbWZyN3VoRjhCR29VSWhFZnU1d0VnIn0.mSB16dicRhMkTqVCFK3oeYLb3tL6eS-nVCXaC7slajw,"Ihre Aufgaben Deine Aufgaben: • Analyse und Auswertung großer Datensätze aus unseren eFoil-Systemen • Mitarbeit an der Entwicklung und Optimierung von Machine-Learning-Modellen (z. B. Predictive Maintenance, Fahrverhalten) • Erstellung interaktiver Dashboards zur Visualisierung von Sensordaten (z. B. über Power BI, Streamlit oder Dash) • Unterstützung bei der Datenaufbereitung und -validierung für neue Softwarefunktionen • Zusammenarbeit mit Embedded-, App- und Cloud-Entwicklungsteams Ihr Profi…",2025-04-18T21:13:36Z,0,"{'label': 'Stellen aus Logistik & Lagerhaltung', 'tag': 'logistics-warehouse-jobs', '__CLASS__': 'Adzuna::API::Response::Category'}",Werkstudent/Praktikant (m/w/d) – Data Science,,Adzuna::API::Response::Job,part_time,,,
5236928747,"{'display_name': 'Hagsfeld, Karlsruhe', 'area': ['Deutschland', 'Baden-Württemberg', 'Karlsruhe (Kreis)', 'Karlsruhe', 'Hagsfeld'], '__CLASS__': 'Adzuna::API::Response::Location'}","{'__CLASS__': 'Adzuna::API::Response::Company', 'display_name': 'Nesto Software GmbH'}",https://www.adzuna.de/details/5236928747?utm_medium=api&utm_source=a4bcf954,8.45882,eyJhbGciOiJIUzI1NiJ9.eyJzIjoiZWxWQzhPaEY4QkdSTmZwY2F0dUk3QSIsImkiOiI1MjM2OTI4NzQ3In0.Knk8UxKqHBU86_OIp9YihCoEXLKPwV0JyMycKUQeM5g,"Du bist auf der Suche nach mehr als nur einem gewöhnlichen Werkstudentenjob? Du möchtest praktische Erfahrungen sammeln, bei denen Deine Leidenschaft für Datenwissenschaft gefragt ist? Dann bist Du bei Nesto genau richtig! Wir bei Nesto sind mehr als nur ein agiles IT-Team – wir sind eine verbundene Gemeinschaft, die an die Kraft von Daten und innovative Softwarelösungen glaubt. Unser Fokus liegt auf der Entwicklung einer revolutionären Cloud-Lösung zur intelligenten Personalplanung, die unsere…",2025-06-06T22:20:27Z,0,"{'__CLASS__': 'Adzuna::API::Response::Category', 'label': 'IT-Stellen', 'tag': 'it-jobs'}",Werkstudenten im Bereich Data Science (m/w/d),49.03084,Adzuna::API::Response::Job,,35360.0,,31200.0
5062249327,"{'display_name': 'Schwarzheide, Oberspreewald-Lausitz (Kreis)', 'area': ['Deutschland', 'Brandenburg', 'Oberspreewald-Lausitz (Kreis)', 'Schwarzheide'], '__CLASS__': 'Adzuna::API::Response::Location'}","{'__CLASS__': 'Adzuna::API::Response::Company', 'display_name': 'Basf France'}",https://www.adzuna.de/details/5062249327?utm_medium=api&utm_source=a4bcf954,13.86232,eyJhbGciOiJIUzI1NiJ9.eyJpIjoiNTA2MjI0OTMyNyIsInMiOiJlbFZDOE9oRjhCR1JOZnBjYXR1STdBIn0.tU6NyCdg1QszQoXibiSPOaBlBkLz-sPjtPa-tmyHoiU,"WILLKOMMEN IM TEAM Am BASF-Standort in Schwarzheide produzieren wir nicht nur Polyurethangrundprodukte, Schaumstoffe und Lacke, sondern auch technische Kunststoffe, Veredlungschemikalien und Fungizide. So vielseitig wie unsere Produktpalette sind auch die Tätigkeiten, die es braucht, damit die Produkte hergestellt werden - unsere Mitarbeiterinnen und Mitarbeiter arbeiten bei uns am Standort in den unterschiedlichsten Fachdisziplinen zusammen: vom Ingenieurwesen bis hin zur Digitalisierung, von …",2025-02-24T18:13:01Z,0,"{'__CLASS__': 'Adzuna::API::Response::Category', 'label': 'Stellen für Hochschulabsolventen', 'tag': 'graduate-jobs'}",Praktikum Data Science in der Digitalisierung (m/w/d),51.47465,Adzuna::API::Response::Job,,,contract,
5183110344,"{'__CLASS__': 'Adzuna::API::Response::Location', 'display_name': 'Vaalserquartier, Aachen', 'area': ['Deutschland', 'Nordrhein-Westfalen', 'Aachen (Kreis)', 'Aachen', 'Vaalserquartier']}","{'__CLASS__': 'Adzuna::API::Response::Company', 'display_name': 'Fraunhofer-Institut für Produktionstechnologie IPT'}",https://www.adzuna.de/details/5183110344?utm_medium=api&utm_source=a4bcf954,6.02801,eyJhbGciOiJIUzI1NiJ9.eyJpIjoiNTE4MzExMDM0NCIsInMiOiJlbFZDOE9oRjhCR1JOZnBjYXR1STdBIn0.gP-FawGFRwhSy4dR19DB6W1WUHn03GqRmFktHqT5oCk,"Die Fraunhofer-Gesellschaft ( www.fraunhofer.de ) betreibt in Deutschland derzeit 76 Institute und Forschungseinrichtungen und ist die weltweit führende Organisation für anwendungsorientierte Forschung. Rund 32 000 Mitarbeitende erarbeiten das jährliche Forschungsvolumen von 3,4 Milliarden Euro. In der Abteilung »Produktionsqualität« des Fraunhofer-Instituts für Produktionstechnologie IPT begleiten wir Unternehmen auf dem Weg zu einer klima- und ressourceneffizienteren Produktion. In unseren Fo…",2025-05-06T16:44:20Z,0,"{'tag': 'unknown', 'label': 'Unknown', '__CLASS__': 'Adzuna::API::Response::Category'}",Doktorand Data Science - Produktion (m/w/d),50.76894,Adzuna::API::Response::Job,,,,
4987114594,"{'display_name': 'Deutschland', 'area': ['Deutschland'], '__CLASS__': 'Adzuna::API::Response::Location'}","{'__CLASS__': 'Adzuna::API::Response::Company', 'display_name': 'der CINTELLIC Consulting Group'}",https://www.adzuna.de/details/4987114594?utm_medium=api&utm_source=a4bcf954,,eyJhbGciOiJIUzI1NiJ9.eyJpIjoiNDk4NzExNDU5NCIsInMiOiJlbFZDOE9oRjhCR1JOZnBjYXR1STdBIn0.xBW5zXeEfU_8JjxVS8wPfDnE3bwZ28TPvXld0E1tDi4,"Die CINTELLIC Consulting Group ist eine der führenden Unternehmensberatungen für das digitale Kundenmanagement. Wir treiben bei DAX-Konzernen und renommierten Mittelständlern die Digitalisierung voran und helfen Umsätze und Erträge zu steigern. Wir arbeiten ergebnisfokussiert und setzen unser exzellentes Know-how im Zusammenspiel von Business, Data und Technology ein. Du findest bei uns karrierestarke Jobs im Consulting in einem Team ohne Ellenbogen. Werde Teil unseres Teams, begleiten aktiv di…",2024-12-23T12:52:41Z,0,"{'__CLASS__': 'Adzuna::API::Response::Category', 'label': 'Beraterstellen', 'tag': 'consultancy-jobs'}",(Senior) Consultant Data Science (m/w/d),,Adzuna::API::Response::Job,full_time,,,
5210777782,"{'area': ['Deutschland', 'Nordrhein-Westfalen', 'Köln', 'Ehrenfeld'], 'display_name': 'Ehrenfeld, Köln', '__CLASS__': 'Adzuna::API::Response::Location'}","{'display_name': 'RheinEnergie AG', '__CLASS__': 'Adzuna::API::Response::Company'}",https://www.adzuna.de/details/5210777782?utm_medium=api&utm_source=a4bcf954,6.92059,eyJhbGciOiJIUzI1NiJ9.eyJpIjoiNTIxMDc3Nzc4MiIsInMiOiJlbFZDOE9oRjhCR1JOZnBjYXR1STdBIn0.7XCyxmDiWx1UCop9oAFQgFRZIQiBiC2NkTu8dubRn2k,"Wir freuen uns sehr, dass Sie sich bei uns bewerben möchten! Um den Bewerbungsprozess für Sie so einfach wie möglich zu gestalten, bieten wir Ihnen folgende Möglichkeiten an, um Ihre Daten zu übermitteln:",2025-05-22T14:29:08Z,0,"{'tag': 'unknown', '__CLASS__': 'Adzuna::API::Response::Category', 'label': 'Unknown'}",Werkstudent Data Science / KI (m/w/d),50.94563,Adzuna::API::Response::Job,part_time,,,
5015660431,"{'area': ['Deutschland'], 'display_name': 'Deutschland', '__CLASS__': 'Adzuna::API::Response::Location'}","{'__CLASS__': 'Adzuna::API::Response::Company', 'display_name': 'softwarebees'}",https://www.adzuna.de/details/5015660431?utm_medium=api&utm_source=a4bcf954,,eyJhbGciOiJIUzI1NiJ9.eyJzIjoiZWxWQzhPaEY4QkdSTmZwY2F0dUk3QSIsImkiOiI1MDE1NjYwNDMxIn0.WwtpkQKCxrvDlf13wP_D1TAkfIfYaG511htUdFanrnY,"Dein Impact: Gestalte mit uns die Zukunft Sammlung und Aufbereitung von Datenmengen Unterstützung bei der Analyse von Daten zur Erkennung von Mustern und Trends Mitwirkung bei der Entwicklung von Datenmodellen und Algorithmen Beitrag zur Datenvisualisierung und Berichterstellung Assistenz bei der Kommunikation von Analyseergebnissen an nicht-technische Stakeholder Deine Skills: Bringe Deine Stärken ein Grundkenntnisse in Python, R oder SQL Verständnis für statistische Methoden und maschinelles …",2025-01-18T13:18:32Z,0,"{'tag': 'consultancy-jobs', 'label': 'Beraterstellen', '__CLASS__': 'Adzuna::API::Response::Category'}",Junior Data Science Consultant (w/m/d),,Adzuna::API::Response::Job,full_time,,,
5188760146,"{'display_name': 'Mannheim, Baden-Württemberg', 'area': ['Deutschland', 'Baden-Württemberg', 'Mannheim'], '__CLASS__': 'Adzuna::API::Response::Location'}","{'__CLASS__': 'Adzuna::API::Response::Company', 'display_name': 'BridgingIT GmbH'}",https://www.adzuna.de/land/ad/5188760146?se=elVC8OhF8BGRNfpcatuI7A&utm_medium=api&utm_source=a4bcf954&v=E9F6BBE8167159DD42517620110A2E1815A1E13B,8.491505,eyJhbGciOiJIUzI1NiJ9.eyJzIjoiZWxWQzhPaEY4QkdSTmZwY2F0dUk3QSIsImkiOiI1MTg4NzYwMTQ2In0.h116xNvr_ZyJHRKqXxP3F62Em7K4lDM-qnbDjuelhM8,"Die BridgingIT GmbH besteht seit 2008 und ist heute Teil der bridgingIT-Gruppe. An einem unserer 10 kunden­nahen Standorte in Deutschland bist du Teil einer herstellerunabhängigen und produktneutralen Technologie- und Unternehmensberatung. Gemeinsam setzen wir Digitalisierungsstrategien für Start-ups, den Mittelstand und Konzerne um. Unsere wertebasierte Organisation legt großen Wert auf menschliche Nähe, Vielfalt und Vertrauen . Bei uns findest du nicht nur Karriere- und Weiterbildungs­möglich…",2025-05-08T19:26:45Z,0,"{'__CLASS__': 'Adzuna::API::Response::Category', 'label': 'Stellen aus Wissenschaft & Qualitätssicherung', 'tag': 'scientific-qa-jobs'}","Data Engineers, Analysts & Scientists (w|m|d)",49.496025,Adzuna::API::Response::Job,,,,
5092224527,"{'__CLASS__': 'Adzuna::API::Response::Location', 'area': ['Deutschland'], 'display_name': 'Deutschland'}","{'__CLASS__': 'Adzuna::API::Response::Company', 'display_name': 'IQVIA CSMS GmbH'}",https://www.adzuna.de/land/ad/5092224527?se=elVC8OhF8BGRNfpcatuI7A&utm_medium=api&utm_source=a4bcf954&v=F55EF86B92DCA08B94146AC219C3E4EED32D05C1,,eyJhbGciOiJIUzI1NiJ9.eyJzIjoiZWxWQzhPaEY4QkdSTmZwY2F0dUk3QSIsImkiOiI1MDkyMjI0NTI3In0.I30ASzFJF-eUAtj2uJOzMmrlHYULRLlqqIXlC1N1XCI,"IQVIA – The Human Data Science Company – ist ein führender, globaler Anbieter von zukunftsweisender Analytik, Technologielösungen und klinischer Auftragsforschung. IQVIA unterstützt Life Science Unternehmen, Verbände, Institutionen, Kostenträger und weitere Akteure im Gesundheitswesen darin, bessere Ergebnisse in der Gesundheitsversorgung zu erzielen. Werden Sie Teil unserer Community von rund 86.000 Mitarbeiterinnen und Mitarbeitern in über 100 Ländern, die sich dafür einsetzen, das Potenzial …",2025-03-13T23:51:51Z,0,"{'__CLASS__': 'Adzuna::API::Response::Category', 'label': 'Stellen aus Gesundheitswesen & Pflege', 'tag': 'healthcare-nursing-jobs'}",Erfahrene Pharmaberater/Pharmareferenten (m/w/d) und Young Professionals (m/w/d) sowie Neueinsteiger (m/w/d) für den wissenschaftlichen / pharmazeutischen Außendienst im Bereich Diabetes,,Adzuna::API::Response::Job,,,,
5222970439,"{'area': ['Deutschland', 'Nordrhein-Westfalen', 'Münster'], 'display_name': 'Münster, Nordrhein-Westfalen', '__CLASS__': 'Adzuna::API::Response::Location'}","{'display_name': 'LVM Versicherung', '__CLASS__': 'Adzuna::API::Response::Company'}",https://www.adzuna.de/land/ad/5222970439?se=elVC8OhF8BGRNfpcatuI7A&utm_medium=api&utm_source=a4bcf954&v=B517189D7561486E207B7A55DC08C82E068D6E18,7.621504,eyJhbGciOiJIUzI1NiJ9.eyJzIjoiZWxWQzhPaEY4QkdSTmZwY2F0dUk3QSIsImkiOiI1MjIyOTcwNDM5In0.DdLwrBFuJwFYkU5esiBfApxAfTxtqFllztXFfn54m1A,"Sie suchen einen attraktiven Start ins Berufsleben? Beginnen Sie Ihre Karriere bei einem Top-Arbeitgeber. Die LVM Versicherung ist ein traditionsreiches und gleichzeitig modernes, innovatives Unternehmen mit hohem Verantwortungsbewusstsein für Mitarbeitende und Kunden. Bei uns finden Sie nicht nur einen sicheren Arbeitsplatz, sondern eine Gemeinschaft, in der Zusammenarbeit und Ihre persönliche individuelle Weiterentwicklung im Mittelpunkt stehen. Zur Sicherung unseres Fach- und Führungsnachwuc…",2025-05-30T07:51:36Z,0,"{'tag': 'unknown', '__CLASS__': 'Adzuna::API::Response::Category', 'label': 'Unknown'}",Trainee Versicherungsmathematik (m/w/d),51.955292,Adzuna::API::Response::Job,,,,
5242150467,"{'__CLASS__': 'Adzuna::API::Response::Location', 'display_name': 'Ulm, Baden-Württemberg', 'area': ['Deutschland', 'Baden-Württemberg', 'Ulm']}","{'__CLASS__': 'Adzuna::API::Response::Company', 'display_name': 'Mercedes-Benz Tech Innovation'}",https://www.adzuna.de/land/ad/5242150467?se=elVC8OhF8BGRNfpcatuI7A&utm_medium=api&utm_source=a4bcf954&v=A6D4008BCBA955C43D727CAF2C6DBF653D1CC817,9.856945,eyJhbGciOiJIUzI1NiJ9.eyJzIjoiZWxWQzhPaEY4QkdSTmZwY2F0dUk3QSIsImkiOiI1MjQyMTUwNDY3In0.kC_RbliMnQf8GJcrCAYlzuDdyIf4bq7sWYIo6AqWTUo,"Life is always about becoming… Im Leben geht es darum, sich auf eine Reise zu begeben, um die beste Version unseres zukünftigen Selbst zu werden. Während wir Neues entdecken, stellen wir uns Herausforderungen, meistern sie und wachsen über uns hinaus. Bewerben Sie sich bei Mercedes-Benz und finden Sie den Aufgabenbereich, in dem Sie Ihre Talente individuell entfalten können. Dabei werden Sie von visionären Kolleginnen und Kollegen unterstützt, die Ihren Pioniergeist teilen. Bei uns einzusteigen…",2025-06-10T08:17:06Z,0,"{'label': 'Unknown', '__CLASS__': 'Adzuna::API::Response::Category', 'tag': 'unknown'}",AI Consultant (m/w/d),48.383137,Adzuna::API::Response::Job,,,,
5222973051,"{'__CLASS__': 'Adzuna::API::Response::Location', 'display_name': 'Sulzbach-Rosenberg, Amberg-Sulzbach (Kreis)', 'area': ['Deutschland', 'Bayern', 'Amberg-Sulzbach (Kreis)', 'Sulzbach-Rosenberg']}","{'display_name': 'Danpower Gruppe', '__CLASS__': 'Adzuna::API::Response::Company'}",https://www.adzuna.de/land/ad/5222973051?se=elVC8OhF8BGRNfpcatuI7A&utm_medium=api&utm_source=a4bcf954&v=00C66B72D6BB16169C15A3DC66E480DC3E0E5183,11.7386,eyJhbGciOiJIUzI1NiJ9.eyJpIjoiNTIyMjk3MzA1MSIsInMiOiJlbFZDOE9oRjhCR1JOZnBjYXR1STdBIn0.VcZ5LQl4QUK-a9PNTGMQSzJL02lx3gB1IGz5CIIIC8s,"Die Danpower-Gruppe ist einer der führenden Energiecontractoren für Wärme, Kälte und Strom in Deutschland, mit weiteren Kernkompetenzen in der Nah- und Fernwärmeversorgung. Wir betreiben derzeit bundesweit mehr als 800 Anlagen, darunter 36 Biogasanlagen sowie 8 Kraftwerke und Heizkraftwerke unter Einsatz von Biomasse (Holz), thermischem Restabfall und Klärschlamm. Damit versorgen wir zuverlässig Privathaushalte, Industrie, Gewerbe und öffentliche Einrichtungen. Gestalten Sie mit uns die Energie…",2025-05-30T07:55:45Z,0,"{'tag': 'consultancy-jobs', 'label': 'Beraterstellen', '__CLASS__': 'Adzuna::API::Response::Category'}",Stellvertretender Bereichsleiter Kraftwerke (m/w/d),49.50522,Adzuna::API::Response::Job,,,,
5207047811,"{'__CLASS__': 'Adzuna::API::Response::Location', 'display_name': 'Berlin, Deutschland', 'area': ['Deutschland', 'Berlin']}","{'__CLASS__': 'Adzuna::API::Response::Company', 'display_name': 'Capgemini Invent'}",https://www.adzuna.de/land/ad/5207047811?se=elVC8OhF8BGRNfpcatuI7A&utm_medium=api&utm_source=a4bcf954&v=22D8A801D26C674B259BFF65D5962F1EB723EFAD,13.420806,eyJhbGciOiJIUzI1NiJ9.eyJpIjoiNTIwNzA0NzgxMSIsInMiOiJlbFZDOE9oRjhCR1JOZnBjYXR1STdBIn0.9ueqlvc90jilwYvJdox1OKzmM-3OrUJnVB4nQqhOqk0,"Wir bei Capgemini Invent glauben, dass unterschiedliche Perspektiven den Wandel vorantreiben. Als innovative Transformationsberater vereinen wir unsere strategischen, kreativen und wissenschaftlichen Fähigkeiten und arbeiten eng mit unseren Kunden zusammen, um zukunftsweisende Lösungen zu entwickeln. Hilf uns dabei, den Wandel voranzutreiben, der auf die Herausforderungen unserer Kunden von heute und morgen zugeschnitten ist. Informiert und validiert durch Wissenschaft und Daten. Verstärkt durc…",2025-05-20T07:39:23Z,0,"{'tag': 'customer-services-jobs', '__CLASS__': 'Adzuna::API::Response::Category', 'label': 'Kundendienststellen'}",Senior Consultant Customer Data & Tech (m/w/d),52.507706,Adzuna::API::Response::Job,,,,
5205177576,"{'display_name': 'Alsdorf, Aachen (Kreis)', 'area': ['Deutschland', 'Nordrhein-Westfalen', 'Aachen (Kreis)', 'Alsdorf'], '__CLASS__': 'Adzuna::API::Response::Location'}","{'display_name': 'ATESTEO GmbH & Co. KG', '__CLASS__': 'Adzuna::API::Response::Company'}",https://www.adzuna.de/land/ad/5205177576?se=elVC8OhF8BGRNfpcatuI7A&utm_medium=api&utm_source=a4bcf954&v=E2F1D00FCE44ACAF8ACBAE6564BA751925F782D6,6.16172,eyJhbGciOiJIUzI1NiJ9.eyJzIjoiZWxWQzhPaEY4QkdSTmZwY2F0dUk3QSIsImkiOiI1MjA1MTc3NTc2In0.kqvqD0HlXMWaz8u0mEexSR2XaO9kV1IEcu-P8P0q4tQ,"Bei ATESTEO kannst Du Deine Faszination für Automobile, Engineering und Technik schon während Deiner Ausbildung oder Deines Studiums voll ausleben. Als führender Automotive Testing Spezialist sind wir mit über 200 hochmodernen Prüfständen und mehr als 800 Mitarbeitern für die Antriebsstrangentwicklung neuer Fahrzeuggenerationen weltweit aktiv. Wenn auch Du Teil der Entwicklung des Automobils der Zukunft sein möchtest, dann bewirb Dich jetzt und komm in unser Team! Zur Unterstützung unseres Team…",2025-05-18T19:41:47Z,0,"{'tag': 'unknown', 'label': 'Unknown', '__CLASS__': 'Adzuna::API::Response::Category'}",Studentische Hilfskraft (m/w/d) im Bereich Group Controlling,50.8742,Adzuna::API::Response::Job,,,,
5207702521,"{'__CLASS__': 'Adzuna::API::Response::Location', 'display_name': 'Hamburg, Deutschland', 'area': ['Deutschland', 'Hamburg']}","{'__CLASS__': 'Adzuna::API::Response::Company', 'display_name': 'GARBE Industrial Real Estate GmbH'}",https://www.adzuna.de/land/ad/5207702521?se=elVC8OhF8BGRNfpcatuI7A&utm_medium=api&utm_source=a4bcf954&v=288C37B2FDFE3E6BE25A5645A5EBF75B0E38B805,9.987297,eyJhbGciOiJIUzI1NiJ9.eyJpIjoiNTIwNzcwMjUyMSIsInMiOiJlbFZDOE9oRjhCR1JOZnBjYXR1STdBIn0.aUbQW4X__feU5VAlKQF5BVw_JCk8XWkgZjQsRgUFNRs,"An unserem Standort Hamburg suchen wir für den sofortigen Einstieg einen Werkstudent im Bereich Research (m/w/d) Die GARBE Industrial Real Estate GmbH entwickelt, kauft, betreut, vermietet, finanziert und verkauft qualitativ hochwertige Logistik- und Unternehmensimmobilien an europäischen Standorten. Nach der Planung, Entwicklung und dem Bau der Immobilien werden diese durch das hauseigene Immobilien Management umfassend verwaltet. Die Investitionen der Garbe Industrial Real Estate GmbH werden …",2025-05-20T19:38:16Z,0,"{'__CLASS__': 'Adzuna::API::Response::Category', 'label': 'Unknown', 'tag': 'unknown'}",Werkstudent Research (m/w/d),53.557429,Adzuna::API::Response::Job,,,,
4571173892,"{'__CLASS__': 'Adzuna::API::Response::Location', 'display_name': 'Mitte, Ludwigshafen am Rhein', 'area': ['Deutschland', 'Rheinland-Pfalz', 'Ludwigshafen am Rhein', 'Mitte']}","{'display_name': 'Basf France', '__CLASS__': 'Adzuna::API::Response::Company'}",https://www.adzuna.de/details/4571173892?utm_medium=api&utm_source=a4bcf954,8.43196,eyJhbGciOiJIUzI1NiJ9.eyJpIjoiNDU3MTE3Mzg5MiIsInMiOiJlbFZDOE9oRjhCR1JOZnBjYXR1STdBIn0.HqbstNq5sMxCDsJ591yKICDua5BxA8wkvkzF4hhRCWE,"WILLKOMMEN IM TEAM Wir sind die globale Inhouse Managementberatung der BASF. Unser Schwerpunkt liegt auf strategischen Projekten, mit denen wir wirkungsvoll Veränderungsprozesse vorantreiben. Dabei reicht unser Themenspektrum von Wachstums-, Organisationsentwicklungs- und Effizienzprojekten bis hin zu Akquisitionen und Devestitionen. Wir leben einen starken Teamspirit und fördern aktiv die Karriereentwicklung innerhalb der BASF. AUFGABEN Zum nächstmöglichen Zeitpunkt sind Sie für einen Zeitraum…",2024-02-16T11:00:56Z,0,"{'tag': 'graduate-jobs', 'label': 'Stellen für Hochschulabsolventen', '__CLASS__': 'Adzuna::API::Response::Category'}",Praktikum Management Consulting im Bereich Data Science / Data Analytics (m/w/d),49.47766,Adzuna::API::Response::Job,,,contract,
5241539682,"{'__CLASS__': 'Adzuna::API::Response::Location', 'display_name': 'Eschborn, Main-Taunus-Kreis', 'area': ['Deutschland', 'Hessen', 'Main-Taunus-Kreis', 'Eschborn']}","{'display_name': 'EY Corporate Solutions GmbH & Co. KG', '__CLASS__': 'Adzuna::API::Response::Company'}",https://www.adzuna.de/land/ad/5241539682?se=elVC8OhF8BGRNfpcatuI7A&utm_medium=api&utm_source=a4bcf954&v=D3AA082FC1D8AC63623CDCBC3F1B50A0F243A6F5,,eyJhbGciOiJIUzI1NiJ9.eyJzIjoiZWxWQzhPaEY4QkdSTmZwY2F0dUk3QSIsImkiOiI1MjQxNTM5NjgyIn0.IxsxOjeA9p60nWmfOBnOplm2wFcPxa3_vzT0Xz1cI9Y,"At EY, our purpose is Building a better working world . To achieve it, we challenge the status quo and already look today for the answers of tomorrow. Standing still? Not an option. Change? We embrace it and see it as an opportunity and driver for innovation. If that sounds like you, this may be your chance. We're looking for movers and shakers who help companies, entrepreneurs, individuals and the public sector to solve their most pressing challenges. This requires collaboration on eye-level a…",2025-06-09T20:32:03Z,0,"{'tag': 'unknown', '__CLASS__': 'Adzuna::API::Response::Category', 'label': 'Unknown'}",Data Strategy Governance & Architecture Lead (f/m/d),,Adzuna::API::Response::Job,,,,
5224415412,"{'area': ['Deutschland', 'Nordrhein-Westfalen', 'Düsseldorf'], 'display_name': 'Düsseldorf, Nordrhein-Westfalen', '__CLASS__': 'Adzuna::API::Response::Location'}","{'display_name': 'Coding Giants', '__CLASS__': 'Adzuna::API::Response::Company'}",https://www.adzuna.de/land/ad/5224415412?se=elVC8OhF8BGRNfpcatuI7A&utm_medium=api&utm_source=a4bcf954&v=241D7911D3367EA8ABEFD01015D73D4D7399BFD3,6.808387,eyJhbGciOiJIUzI1NiJ9.eyJzIjoiZWxWQzhPaEY4QkdSTmZwY2F0dUk3QSIsImkiOiI1MjI0NDE1NDEyIn0.WEQFH9bQ6eVsdbMRrvw5n9xWEs3aDfbtpT-Q2krclOo,"Hallo, wir sind die Coding Giants  Unsere Mission ist es, junge Talente zu fördern und ihnen zu zeigen, dass die Welt der Programmierung und IT faszinierend und für alle zugänglich ist! Im Rahmen dieser Mission unterrichten wir Kinder und Jugendliche online in verschiedenen Programmiersprachen und mehr. Dabei unterstützen wir sie beim Aufbau von Zukunftskompetenzen – und das alles unter der Anleitung außergewöhnlicher Trainer! Aufgaben  Wir suchen Dich! Du unterstützt gerne Kinder und Jugendlic…",2025-05-31T07:50:30Z,0,"{'__CLASS__': 'Adzuna::API::Response::Category', 'label': 'Unknown', 'tag': 'unknown'}",Programmiertutorin,51.226802,Adzuna::API::Response::Job,,,,
5224416531,"{'__CLASS__': 'Adzuna::API::Response::Location', 'area': ['Deutschland', 'Bayern', 'Pfaffenhofen an der Ilm (Kreis)', 'Geisenfeld'], 'display_name': 'Geisenfeld, Pfaffenhofen an der Ilm (Kreis)'}","{'display_name': 'Kaufland', '__CLASS__': 'Adzuna::API::Response::Company'}",https://www.adzuna.de/land/ad/5224416531?se=elVC8OhF8BGRNfpcatuI7A&utm_medium=api&utm_source=a4bcf954&v=525F2530B68D434A56F3C3AF4C0372EA134C8AEB,11.6102,eyJhbGciOiJIUzI1NiJ9.eyJzIjoiZWxWQzhPaEY4QkdSTmZwY2F0dUk3QSIsImkiOiI1MjI0NDE2NTMxIn0._x--99btf26q-DENjcrhEiaw8efHyb5Pc-b0yAU3X-U,"Du willst mehr als Uni und möchtest erste Berufseinblicke und Kontakte knüpfen? Dann bist du hier richtig! Als Werkstudent oder Aushilfe bei Kaufland gehörst du von Beginn an zu einem starken Team und kannst zeigen, was in dir steckt. Werde auch du Teil von teamkaufland! Aufgaben Voll dabei im operativen Geschehen: Du erfasst Personalstammdaten im Abrechnungsprogramm SAP HR. Du packst mit an: Ob Bewerber, Mitarbeiter oder Kollegen - du beantwortest unterschiedliche Anfragen und übernimmst die a…",2025-05-31T07:51:13Z,0,"{'__CLASS__': 'Adzuna::API::Response::Category', 'label': 'Sonstige/Allgemeine Stellen', 'tag': 'other-general-jobs'}",Aushilfe / Werkstudent Personalbetreuung (m/w/d),48.68386,Adzuna::API::Response::Job,,,,
5198358481,"{'display_name': 'Pforzheim, Baden-Württemberg', 'area': ['Deutschland', 'Baden-Württemberg', 'Pforzheim'], '__CLASS__': 'Adzuna::API::Response::Location'}","{'display_name': 'PROCITEC GmbH', '__CLASS__': 'Adzuna::API::Response::Company'}",https://www.adzuna.de/land/ad/5198358481?se=elVC8OhF8BGRNfpcatuI7A&utm_medium=api&utm_source=a4bcf954&v=E3CEE169014FB106755CFA846BD293F8F9AA95FD,8.697363,eyJhbGciOiJIUzI1NiJ9.eyJzIjoiZWxWQzhPaEY4QkdSTmZwY2F0dUk3QSIsImkiOiI1MTk4MzU4NDgxIn0.zzCBJ3xiKsQMrHKmqBp1bqSNP2fWn4zCB0nKQYnX38Q,"Wir sind ein weltweit agierendes mittelständisches Unternehmen für marktführende Softwarelösungen zur digitalen Signalverarbeitung und Nachrichtentechnik. Mit Leidenschaft und Innovationsgeist entwickeln wir Produkte und komplexe Speziallösungen in einem hochdynamischen Umfeld. Seit unserer Gründung 1999 wachsen wir beständig und suchen derzeit neue Kolleginnen und Kollegen aus der Nachrichten-, Informations- und Elektrotechnik oder benachbarten Bereichen. Auch Nachwuchskräfte sind bei uns herz…",2025-05-14T19:34:10Z,0,"{'__CLASS__': 'Adzuna::API::Response::Category', 'label': 'IT-Stellen', 'tag': 'it-jobs'}",Erfahrener Machine Learning Engineer (m/w/d) im Bereich Klassifikation von Funksignalen,48.883606,Adzuna::API::Response::Job,,,,
5222972025,"{'__CLASS__': 'Adzuna::API::Response::Location', 'display_name': 'Hamburg, Deutschland', 'area': ['Deutschland', 'Hamburg']}","{'display_name': 'freenet DLS GmbH', '__CLASS__': 'Adzuna::API::Response::Company'}",https://www.adzuna.de/land/ad/5222972025?se=elVC8OhF8BGRNfpcatuI7A&utm_medium=api&utm_source=a4bcf954&v=BC3A6941D6890EDAE71009A8EDB15B6B536A1A3C,9.987297,eyJhbGciOiJIUzI1NiJ9.eyJzIjoiZWxWQzhPaEY4QkdSTmZwY2F0dUk3QSIsImkiOiI1MjIyOTcyMDI1In0.uGrwEc2upl9M_3rD7qW7Ie1Z1ICGMhRatj0zpq3Z7ws,"freenet bietet ein umfangreiches Portfolio rund um die Themen Mobilfunk, Internet und TV-Entertainment. Online sowie in rund 520 eigenen Shops erhält jeder Kunde die ideale Lösung für sein digitales Leben. Deutschlandweit beraten wir persönlich, unabhängig und individuell. Für unseren Standort Hamburg suchen wir ab sofort tatkräftige Unterstützung in Vollzeit: Data Analyst Campaigning (w/m/d) DAS ERWARTET DICH Der Bereich Data & Intelligence entwickelt auf einer skalierenden AWS-Infrastruktur d…",2025-05-30T07:53:48Z,0,"{'__CLASS__': 'Adzuna::API::Response::Category', 'label': 'Stellen aus PR, Werbung & Marketing', 'tag': 'pr-advertising-marketing-jobs'}",Data Analyst Campaigning (w/m/d),53.557429,Adzuna::API::Response::Job,,,,
5207701627,"{'area': ['Deutschland', 'Nordrhein-Westfalen', 'Köln'], 'display_name': 'Köln, Nordrhein-Westfalen', '__CLASS__': 'Adzuna::API::Response::Location'}","{'display_name': 'KLUDI GmbH & Co. KG', '__CLASS__': 'Adzuna::API::Response::Company'}",https://www.adzuna.de/land/ad/5207701627?se=elVC8OhF8BGRNfpcatuI7A&utm_medium=api&utm_source=a4bcf954&v=25080AD1E96F362CB4D4DD94AF53A07FABA5A5C3,6.969972,eyJhbGciOiJIUzI1NiJ9.eyJpIjoiNTIwNzcwMTYyNyIsInMiOiJlbFZDOE9oRjhCR1JOZnBjYXR1STdBIn0.a1I00rCey3Byr5HnIM7M27ViEY5bQgSpWp08ytTfihU,"KLUDI – das sind vor allem unsere 900 Mitarbeiterinnen und Mitarbeiter an Standorten in elf Ländern. Ihre vielfältigen Talente, Fähigkeiten und Erfahrungen machen unsere Stärke und unsere Leidenschaft aus. KLUDI – das sind aber auch unsere Premiumprodukte und vielfach ausgezeichneten Innovationen. In über 100 Ländern machen sie den Menschen das Leben ein Stück einfacher, sicherer und komfortabler. KLUDI – das sind nicht zuletzt überaus spannende Perspektiven für Ihre Karriere. In Deutschland, i…",2025-05-20T19:37:51Z,0,"{'__CLASS__': 'Adzuna::API::Response::Category', 'label': 'Beraterstellen', 'tag': 'consultancy-jobs'}",(Junior) Business Analyst (m/w/d),50.940164,Adzuna::API::Response::Job,,,,
5231302500,"{'area': ['Deutschland', 'Nordrhein-Westfalen', 'Kleve (Kreis)', 'Weeze'], 'display_name': 'Weeze, Kleve (Kreis)', '__CLASS__': 'Adzuna::API::Response::Location'}","{'__CLASS__': 'Adzuna::API::Response::Company', 'display_name': 'CHEFS CULINAR West GmbH & Co. KG'}",https://www.adzuna.de/land/ad/5231302500?se=elVC8OhF8BGRNfpcatuI7A&utm_medium=api&utm_source=a4bcf954&v=FDC0D1A13C1C59B3E6802DED50F1513998C0A7B1,6.20014,eyJhbGciOiJIUzI1NiJ9.eyJpIjoiNTIzMTMwMjUwMCIsInMiOiJlbFZDOE9oRjhCR1JOZnBjYXR1STdBIn0.alYKPl0iJShvvKVsZ3tGA4jqDGRpyhjlkSGPmH6DX9k,"Über 7.700 Menschen freuen sich darauf, Deine Kollegen zu werden! Seit über 100 Jahren ist CHEFS CULINAR vertrauter Partner für Kunden aus der Hotellerie und Gastronomie, sowie der Gemeinschaftsverpflegung. Neben der bundesweitern Belieferung statten wir unsere Kunden auch mit Technik, Großküchenausstattung und IT-Systemlösungen aus DATA SCIENTIST (M/W/D) Aufgaben Du entwickelst Lösungen im Bereich Predictive Analytics, Machine Learning und Künstliche Intelligenz Du analysierst Prozesse, erarbe…",2025-06-03T21:40:16Z,0,"{'tag': 'scientific-qa-jobs', 'label': 'Stellen aus Wissenschaft & Qualitätssicherung', '__CLASS__': 'Adzuna::API::Response::Category'}",Data Scientist (m/w/d),51.62819,Adzuna::API::Response::Job,,,,
5210355542,"{'__CLASS__': 'Adzuna::API::Response::Location', 'area': ['Deutschland', 'Baden-Württemberg', 'Ludwigsburg (Kreis)', 'Benningen am Neckar'], 'display_name': 'Benningen am Neckar, Ludwigsburg (Kreis)'}","{'__CLASS__': 'Adzuna::API::Response::Company', 'display_name': 'Hochschule für angewandte Wissenschaften Kempten'}",https://www.adzuna.de/land/ad/5210355542?se=elVC8OhF8BGRNfpcatuI7A&utm_medium=api&utm_source=a4bcf954&v=A677D44021643392C9EFD2AEA671BC9018288B44,9.24184,eyJhbGciOiJIUzI1NiJ9.eyJzIjoiZWxWQzhPaEY4QkdSTmZwY2F0dUk3QSIsImkiOiI1MjEwMzU1NTQyIn0.fyFKppIrq3rO7pJwbJYh5DttkQBvaj4Ot_rx7UVd3v0,Die Hochschule für angewandte Wissenschaften Kempten sucht am Institut für Fahrerassistenz und vernetzte Mobilität zum nächstmöglichen Zeitpunkt nach einer engagierten Person für die Position als Wissenschaftliche Mitarbeiterin oder wissenschaftlicher Mitarbeiter (w/m/d) im Simulationsteam Arbeitsort: 87334 Benningen Das Thema des automatisierten Fahrens gewinnt zunehmend an Bedeutung und wird die Zukunft der Mobilität prägen. Durch die fortschreitende Entwicklung kristallisieren sich konkrete …,2025-05-22T07:45:18Z,0,"{'tag': 'scientific-qa-jobs', '__CLASS__': 'Adzuna::API::Response::Category', 'label': 'Stellen aus Wissenschaft & Qualitätssicherung'}",Wissenschaftlicher Mitarbeiterin (w/m/d) Fahrzeugsimulation & Fahrsimulator – Automatisiertes Fahren,48.94679,Adzuna::API::Response::Job,,,,
5233313964,"{'area': ['Deutschland', 'Niedersachsen', 'Diepholz (Kreis)', 'Stuhr'], 'display_name': 'Stuhr, Diepholz (Kreis)', '__CLASS__': 'Adzuna::API::Response::Location'}","{'display_name': 'Cordes & Graefe KG', '__CLASS__': 'Adzuna::API::Response::Company'}",https://www.adzuna.de/land/ad/5233313964?se=elVC8OhF8BGRNfpcatuI7A&utm_medium=api&utm_source=a4bcf954&v=D5FA7B7F85041432F9978090BD1CD399C015FCD1,8.74571,eyJhbGciOiJIUzI1NiJ9.eyJpIjoiNTIzMzMxMzk2NCIsInMiOiJlbFZDOE9oRjhCR1JOZnBjYXR1STdBIn0.jzabeMPW0si90fTzRW028agJm-CM8Hu3VBOWznsbfV8,"Die CORDES & GRAEFE KG ist die Holdinggesellschaft der GC-GRUPPE – Deutschlands marktführendem Großhändler für Haustechnik. Damit die rund 150 mittelständischen Unternehmen in Deutschland sowie in 14 weiteren Ländern reibungslos funktionieren, versorgen wir als Zentrale und Dienstleister die über 24.000 Mitarbeitenden mit den erforderlichen Informationen, Materialien und Serviceleistungen. Ungeachtet unserer Marktposition bleiben wir unserem Fundament als mittelständisches, familiengeführtes Un…",2025-06-04T20:25:09Z,0,"{'tag': 'scientific-qa-jobs', '__CLASS__': 'Adzuna::API::Response::Category', 'label': 'Stellen aus Wissenschaft & Qualitätssicherung'}",Data Scientist (w/m/d),53.02549,Adzuna::API::Response::Job,,,,
5236830862,"{'__CLASS__': 'Adzuna::API::Response::Location', 'display_name': 'Augsburg, Augsburg (Kreis)', 'area': ['Deutschland', 'Bayern', 'Augsburg (Kreis)', 'Augsburg']}","{'display_name': 'Studyflix GmbH', '__CLASS__': 'Adzuna::API::Response::Company'}",https://www.adzuna.de/land/ad/5236830862?se=elVC8OhF8BGRNfpcatuI7A&utm_medium=api&utm_source=a4bcf954&v=077541A227FB0935F50BBF7161FACF029B733CD8,10.89379,eyJhbGciOiJIUzI1NiJ9.eyJzIjoiZWxWQzhPaEY4QkdSTmZwY2F0dUk3QSIsImkiOiI1MjM2ODMwODYyIn0.xDbf4BAzHLjODZ_Erk2bseW4pv4VXp--srDW-mz_vbI,"Start ab August 2025 ● Pflichtpraktikum / Praxissemester ● Dauer: mind. 3 Monate ● vergütet ● remote oder vor Ort Studyflix ist mit über 6 Mio. Nutzern die größte kostenlose E-Learning- und Karriere-Plattform im DACH-Raum! Unsere Mission ist es, allen SchülerInnen und StudentInnen kostenlosen Zugang zu hochwertiger Bildung und zu den besten Jobs zu geben. Für unsere Unternehmenskunden sind wir der Game Changer im War for Talents. Du hast Lust bei uns durchzustarten und dich jeden Tag neuen Chal…",2025-06-06T20:26:56Z,0,"{'label': 'Stellen aus Kreation & Design', '__CLASS__': 'Adzuna::API::Response::Category', 'tag': 'creative-design-jobs'}",Praktikum Produktmanagement/-design (m/w/d),48.357096,Adzuna::API::Response::Job,,,,
5236618184,"{'__CLASS__': 'Adzuna::API::Response::Location', 'display_name': 'Berlin, Deutschland', 'area': ['Deutschland', 'Berlin']}","{'__CLASS__': 'Adzuna::API::Response::Company', 'display_name': 'N26 GmbH'}",https://www.adzuna.de/land/ad/5236618184?se=elVC8OhF8BGRNfpcatuI7A&utm_medium=api&utm_source=a4bcf954&v=0A1DD8343B8132C38AFC8C01C0BF8AE46B02C8BC,13.420806,eyJhbGciOiJIUzI1NiJ9.eyJzIjoiZWxWQzhPaEY4QkdSTmZwY2F0dUk3QSIsImkiOiI1MjM2NjE4MTg0In0._4PMc2xxS3Yxs09EjaFvIqyHwkK6CN3w4S-ENhTvi28,"In 2013, we started N26 with a vision to change the world's relationship with money for the better. A decade and 8 million customers later, our goal is still the same — to give you the freedom to bank your way. From just two founders in 2013, we've grown to a team of over 1,500 people of more than 80 nationalities today. Working together across 10 countries, we're united by our vision to change the world's relationship with money for the better. Aufgaben About the opportunity: As a Junior Data …",2025-06-06T19:55:50Z,0,"{'tag': 'pr-advertising-marketing-jobs', 'label': 'Stellen aus PR, Werbung & Marketing', '__CLASS__': 'Adzuna::API::Response::Category'}",Junior Marketing Data Analyst,52.507706,Adzuna::API::Response::Job,,,,
5236618760,"{'__CLASS__': 'Adzuna::API::Response::Location', 'display_name': 'Berlin, Deutschland', 'area': ['Deutschland', 'Berlin']}","{'display_name': 'N26 GmbH', '__CLASS__': 'Adzuna::API::Response::Company'}",https://www.adzuna.de/land/ad/5236618760?se=elVC8OhF8BGRNfpcatuI7A&utm_medium=api&utm_source=a4bcf954&v=0C99430D59C8A5B07020B7E4B8F94A84376715E4,13.420806,eyJhbGciOiJIUzI1NiJ9.eyJpIjoiNTIzNjYxODc2MCIsInMiOiJlbFZDOE9oRjhCR1JOZnBjYXR1STdBIn0.UN4uV8wdRTamoevUHzo15nI281JBf-C1I4qMqgxD-bg,"N26 has reimagined banking for today's digital world. Technology and design empower everything we do and it's how we are building the global banking platform the world loves to use. We've eliminated physical branches, paperwork, and hidden fees for an elegant digital experience and supreme savings. Giving people the power to live and bank their way is what gets us out of bed in the morning and inspires the work that we do. We are headquartered in Berlin with offices in multiple cities across Eu…",2025-06-06T19:55:52Z,0,"{'tag': 'pr-advertising-marketing-jobs', 'label': 'Stellen aus PR, Werbung & Marketing', '__CLASS__': 'Adzuna::API::Response::Category'}",Senior Product Manager - Lending,52.507706,Adzuna::API::Response::Job,,,,
4589480317,"{'display_name': 'Stralsund, Vorpommern-Rügen (Kreis)', 'area': ['Deutschland', 'Mecklenburg-Vorpommern', 'Vorpommern-Rügen (Kreis)', 'Stralsund'], '__CLASS__': 'Adzuna::API::Response::Location'}","{'display_name': 'Hochschule Stralsund von IThanse.de', '__CLASS__': 'Adzuna::API::Response::Company'}",https://www.adzuna.de/details/4589480317?utm_medium=api&utm_source=a4bcf954,13.079765,eyJhbGciOiJIUzI1NiJ9.eyJzIjoiZWxWQzhPaEY4QkdSTmZwY2F0dUk3QSIsImkiOiI0NTg5NDgwMzE3In0.aEH5HizrlWFV4i-iKFB-ROMEjAuDly7q32DlKIXokUo,"Wie funktioniert maschinelles Lernen, Deep Learning oder große Sprachmodelle und Anwendungen wie ChatGPT? Was sind die Potenziale und Grenzen solcher KI-Methoden und Werkzeuge und wie können sie kompetent und sicher in der Praxis angewandt werden? Wie werden KI-Anwendungen mit modernen Werkzeugen und Frameworks in Unternehmen effektiv umgesetzt? Wie wird die Einführung und Kommunikation von KI in Unternehmen erfolgreich, sicher und ethisch verantwortlich gemacht? Mit dem Fokus auf Anwendungskom…",2024-03-02T10:56:12Z,0,"{'tag': 'it-jobs', '__CLASS__': 'Adzuna::API::Response::Category', 'label': 'IT-Stellen'}",Angewandte Data Science und Künstliche Intelligenz - Master-Studiengang in Stralsund,54.298178,Adzuna::API::Response::Job,part_time,,,
5150477764,"{'__CLASS__': 'Adzuna::API::Response::Location', 'display_name': 'Bedingrade, Essen', 'area': ['Deutschland', 'Nordrhein-Westfalen', 'Essen', 'Bedingrade']}","{'display_name': 'Deichmann SE', '__CLASS__': 'Adzuna::API::Response::Company'}",https://www.adzuna.de/details/5150477764?utm_medium=api&utm_source=a4bcf954,6.92077,eyJhbGciOiJIUzI1NiJ9.eyJpIjoiNTE1MDQ3Nzc2NCIsInMiOiJlbFZDOE9oRjhCR1JOZnBjYXR1STdBIn0.6QYXP2aKFFzcI5vtpgSvXPBZNaM5wL6nVXCqDSKieKA,Allgemeine Informationen Kennziffer 2025-29160 Datum der Veröffentlichung 02.06.2025 Stellenkategorie Standard Unternehmensbereich Data Intelligence & Analytics Veröffentlichungsmedium Deichmann intern Ja Deichman Jobbörse Ja Deichmann Digital Nein Veröffentlichungsmedium Deichmann Ausbildung Nein Stellenprofil IT - Inhouse Consultant IT Stellenbezeichnung Team Lead Data Science Engineering (m/w/d) Vertragsart Vollzeit Karrierelevel Berufserfahrene Vertragsdauer unbefristet Eintrittsdatum ab so…,2025-04-17T21:29:26Z,0,"{'tag': 'unknown', 'label': 'Unknown', '__CLASS__': 'Adzuna::API::Response::Category'}",Team Lead Data Science Engineering (m/w/d),51.47071,Adzuna::API::Response::Job,full_time,,,
5183905825,"{'display_name': 'Hamburg, Deutschland', 'area': ['Deutschland', 'Hamburg'], '__CLASS__': 'Adzuna::API::Response::Location'}","{'display_name': 'applike group', '__CLASS__': 'Adzuna::API::Response::Company'}",https://www.adzuna.de/details/5183905825?utm_medium=api&utm_source=a4bcf954,9.987297,eyJhbGciOiJIUzI1NiJ9.eyJpIjoiNTE4MzkwNTgyNSIsInMiOiJlbFZDOE9oRjhCR1JOZnBjYXR1STdBIn0.DoUHp1o0kinqETfk28KHlbyCA4gB_WwhRgIlsftbMOc,adjoe is redefining the future of mobile ads. Join us. Meet Your Team: Playtime Data Science Playtime is a time- and event-based ad unit that continuously rewards users with in-app currency – for the time they spend and events completed while playing mobile games. We connect advertisers to 200 million Playtime users and serve 2bn requests per day at low latency. We ensure that all parties involved have a positive experience. Advertisers get more users for their apps. Monetizers earn revenue for…,2025-05-06T21:58:43Z,0,"{'__CLASS__': 'Adzuna::API::Response::Category', 'label': 'Unknown', 'tag': 'unknown'}",Data Science Lead (Playtime Team) (f/m/d),53.557429,Adzuna::API::Response::Job,full_time,,,
5179367031,"{'area': ['Deutschland', 'Hessen', 'Frankfurt am Main', 'Fechenheim'], 'display_name': 'Fechenheim, Frankfurt am Main', '__CLASS__': 'Adzuna::API::Response::Location'}","{'__CLASS__': 'Adzuna::API::Response::Company', 'display_name': 'statworx'}",https://www.adzuna.de/details/5179367031?utm_medium=api&utm_source=a4bcf954,8.76072,eyJhbGciOiJIUzI1NiJ9.eyJpIjoiNTE3OTM2NzAzMSIsInMiOiJlbFZDOE9oRjhCR1JOZnBjYXR1STdBIn0.j-btgWEYEe9BdGr_5Rr3CXCOX-VTMxWxZqjdBLsKJhg,Über uns statworx ist ein führendes Beratungs- und Entwicklungsunternehmen für Daten und KI mit Sitz in Frankfurt am Main. Wir bieten strategische Beratung für mittelständische Unternehmen und globale Konzerne. Wir entwickeln innovative Daten- & KI-Lösungen für alle Unternehmensbereiche und Tätigkeitsfelder. Wir befähigen Menschen auf allen Kompetenzniveaus mit unseren Daten- & KI-Bildungsformaten. Kurz gesagt: Wir unterstützen Unternehmen bei allen Aspekten der digitalen Transformation – seit …,2025-05-03T21:28:08Z,0,"{'label': 'IT-Stellen', '__CLASS__': 'Adzuna::API::Response::Category', 'tag': 'it-jobs'}",Trainee Data Science (w/m/d) Fokus NLP,50.12595,Adzuna::API::Response::Job,full_time,,,
5166070538,"{'display_name': 'Deutschland', 'area': ['Deutschland'], '__CLASS__': 'Adzuna::API::Response::Location'}","{'__CLASS__': 'Adzuna::API::Response::Company', 'display_name': 'Buynomics'}",https://www.adzuna.de/details/5166070538?utm_medium=api&utm_source=a4bcf954,,eyJhbGciOiJIUzI1NiJ9.eyJzIjoiZWxWQzhPaEY4QkdSTmZwY2F0dUk3QSIsImkiOiI1MTY2MDcwNTM4In0.fyhDoVeNtz8Nshc2hFOYXEqiPF7zIMHbpfCj5_TR-00,"About Buynomics: “What will customers buy?” is the crucial question underlying all commercial decisions in all companies. Buynomics has developed Virtual Shopper technology, which answers this question 100x faster and more precisely than every other solution. This will end the common practice of gut feeling. Our goal is to enable companies to make data-driven, transparent, and customer-centric commercial decisions. For that, we build the operating system for commercial decisions that provides c…",2025-04-27T21:39:34Z,0,"{'label': 'Unknown', '__CLASS__': 'Adzuna::API::Response::Category', 'tag': 'unknown'}",Data Science Manager - Commercial Excellence (m/f/d),,Adzuna::API::Response::Job,,,,
5202238408,"{'__CLASS__': 'Adzuna::API::Response::Location', 'area': ['Deutschland', 'Niedersachsen', 'Region Hannover (Kreis)', 'Langenhagen'], 'display_name': 'Langenhagen, Region Hannover (Kreis)'}","{'display_name': 'MTU Aero Engines', '__CLASS__': 'Adzuna::API::Response::Company'}",https://www.adzuna.de/details/5202238408?utm_medium=api&utm_source=a4bcf954,9.73965,eyJhbGciOiJIUzI1NiJ9.eyJpIjoiNTIwMjIzODQwOCIsInMiOiJlbFZDOE9oRjhCR1JOZnBjYXR1STdBIn0.tMpGFxAKTIYxVpfFlBFEhHC_lWfwJ73JHHHTdFD1VIk,"Kennziffer – WS HAN MVX UPLIFTYOURFUTURE Wir sind über 12.000. An 19 Standorten weltweit. Jedes dritte Flugzeug fliegt mit unserer Technologie. Immer effizienter, leiser, nachhaltiger. Wir gestalten die Zukunft der Luftfahrt. Was wir noch brauchen? Dich. Unser Team in Hannover-Langenhagen sucht dich: Werkstudent Data Science / Digital Maintenance Solutions (all genders) Code - WS HAN MVX Du hast Lust mit Daten, Algorithmen und in dem komplexen Feld der Luftfahrt zu arbeiten? Du willst dich bei …",2025-05-16T20:02:18Z,0,"{'tag': 'unknown', 'label': 'Unknown', '__CLASS__': 'Adzuna::API::Response::Category'}",Werkstudent Data Science / Digital Maintenance Solutions (all genders),52.44731,Adzuna::API::Response::Job,,,,
4931329064,"{'display_name': 'Schulenkamp, Langenhagen', 'area': ['Deutschland', 'Niedersachsen', 'Region Hannover (Kreis)', 'Langenhagen', 'Schulenkamp'], '__CLASS__': 'Adzuna::API::Response::Location'}","{'__CLASS__': 'Adzuna::API::Response::Company', 'display_name': 'MTU Maintenance Hannover'}",https://www.adzuna.de/details/4931329064?utm_medium=api&utm_source=a4bcf954,9.70266,eyJhbGciOiJIUzI1NiJ9.eyJpIjoiNDkzMTMyOTA2NCIsInMiOiJlbFZDOE9oRjhCR1JOZnBjYXR1STdBIn0.svkPF0cXk7DYS7zNxKN--CT-ZsfredgIZHff0XPCvq8,"UPLIFT Y OURFUTURE Wir sind über 13.000. An 19 Standorten weltweit. Jedes dritte Flugzeug fliegt mit unserer Technologie. Immer effizienter, leiser, nachhaltiger. Wir gestalten die Zukunft der Luftfahrt. Was wir noch brauchen? Dich. Unser Team in Hannover-Langenhagen sucht Dich: Werkstudent Data Science / Digital Maintenance Solutions (all genders) Du hast Lust mit Daten, Algorithmen und in dem komplexen Feld der Luftfahrt zu arbeiten? Du willst dich bei der Entwicklung digitaler Produkte für d…",2024-11-08T12:50:26Z,0,"{'label': 'Stellen aus Fertigung', '__CLASS__': 'Adzuna::API::Response::Category', 'tag': 'manufacturing-jobs'}",Werkstudent Data Science / Digital Maintenance Solutions (all genders),52.46704,Adzuna::API::Response::Job,part_time,,,
5240065146,"{'display_name': 'Frankfurt am Main, Hessen', 'area': ['Deutschland', 'Hessen', 'Frankfurt am Main'], '__CLASS__': 'Adzuna::API::Response::Location'}","{'display_name': 'Sanofi-Aventis Deutschland', '__CLASS__': 'Adzuna::API::Response::Company'}",https://www.adzuna.de/details/5240065146?utm_medium=api&utm_source=a4bcf954,8.650578,eyJhbGciOiJIUzI1NiJ9.eyJzIjoiZWxWQzhPaEY4QkdSTmZwY2F0dUk3QSIsImkiOiI1MjQwMDY1MTQ2In0.BCn6lUX6hmC121CEo8mPCKVQDgdQvcz4kXNObzWQsR8,"To ensure a rapid processing of your application, please apply only via the “Apply” button. Please include a letter of motivation and a current resume with your application. About the job The Head of Global Device Digital & Data Science leads a diverse team of experts responsible for driving digital innovation, digitalization, advanced Analytics, Artificial Intelligence and technical excellence across Sanofi's Global Device Unit. This role is accountable for establishing and implementing strate…",2025-06-08T14:33:32Z,0,"{'__CLASS__': 'Adzuna::API::Response::Category', 'label': 'Unknown', 'tag': 'unknown'}",Head Global Device Digital & Data Science - all genders,50.129683,Adzuna::API::Response::Job,full_time,,,
5239576054,"{'__CLASS__': 'Adzuna::API::Response::Location', 'display_name': 'Bad Säckingen, Waldshut (Kreis)', 'area': ['Deutschland', 'Baden-Württemberg', 'Waldshut (Kreis)', 'Bad Säckingen']}","{'__CLASS__': 'Adzuna::API::Response::Company', 'display_name': 'eschbach GmbH'}",https://www.adzuna.de/details/5239576054?utm_medium=api&utm_source=a4bcf954,7.94744,eyJhbGciOiJIUzI1NiJ9.eyJzIjoiZWxWQzhPaEY4QkdSTmZwY2F0dUk3QSIsImkiOiI1MjM5NTc2MDU0In0.O22CEOyypVC8J8C3vp3RQZ6QUmYB3ONVWcCNx_6hyyU,"Duales Studium Data Science & KI in Kooperation mit der DHBW Lörrach Trainee, Full-time · Bad Säckingen, Deutschland Wir suchen dich als als Nachwuchs-Expert:in für unser Development Team. Die Softwareentwicklung ist das Herzstück unseres Unternehmens, denn mehr als die Hälfte unserer Mitarbeiter:innen arbeitet in diesem Bereich. Unser Ziel ist es, den Shiftconnector mithilfe neuester Technologien und Methoden kontinuierlich zu verbessern und den Bedürfnissen unserer Kunden anzupassen. Hierbei …",2025-06-08T02:01:55Z,0,"{'tag': 'unknown', 'label': 'Unknown', '__CLASS__': 'Adzuna::API::Response::Category'}",Duales Studium Data Science & KI in Kooperation mit der DHBW Lörrach,47.55443,Adzuna::API::Response::Job,full_time,,,
5158823341,"{'__CLASS__': 'Adzuna::API::Response::Location', 'display_name': 'Dürrlewang, Stuttgart', 'area': ['Deutschland', 'Baden-Württemberg', 'Stuttgart', 'Dürrlewang']}","{'__CLASS__': 'Adzuna::API::Response::Company', 'display_name': 'Lapp Service GmbH'}",https://www.adzuna.de/details/5158823341?utm_medium=api&utm_source=a4bcf954,9.11792,eyJhbGciOiJIUzI1NiJ9.eyJpIjoiNTE1ODgyMzM0MSIsInMiOiJlbFZDOE9oRjhCR1JOZnBjYXR1STdBIn0.suVbbhZOITWc32Gvkp5LW_ZFA7QPSHdFrrGTU_WcakA,"Wirtschaftsinformatik – Data Science Das duale Studium an der Dualen Hochschule Baden-Württemberg (DHBW), Standort Heilbronn verbindet ein wissenschaftliches Hochschulstudium und praktische Erfahrungen in einem Unternehmen (= Dualer Partner). Es gliedert sich in jedem Studienjahr in Theoriephasen an der Dualen Hochschule, Fakultät 'Wirtschaft' und in Praxisphasen bei LAPP. Durch die Abwechslung profitieren die Studierenden nicht nur von der Vermittlung des theoretischen Wissens, sondern auch vo…",2025-04-23T21:46:32Z,0,"{'__CLASS__': 'Adzuna::API::Response::Category', 'label': 'Sonstige/Allgemeine Stellen', 'tag': 'other-general-jobs'}",Wirtschaftsinformatik – Data Science | Dualer Student (m/w/d),48.71937,Adzuna::API::Response::Job,,,,
5229259932,"{'display_name': 'Altstadt, Kiel', 'area': ['Deutschland', 'Schleswig-Holstein', 'Kiel', 'Altstadt'], '__CLASS__': 'Adzuna::API::Response::Location'}","{'__CLASS__': 'Adzuna::API::Response::Company', 'display_name': 'SHBB/LBV - Digital GmbH'}",https://www.adzuna.de/details/5229259932?utm_medium=api&utm_source=a4bcf954,10.14187,eyJhbGciOiJIUzI1NiJ9.eyJzIjoiZWxWQzhPaEY4QkdSTmZwY2F0dUk3QSIsImkiOiI1MjI5MjU5OTMyIn0.rU-dNAGddRhNpWuKRDMJQiC8_DmXiZAqJJkaeehL8IA,"Data Science – Artificial Intelligence (AI) – Software Seit über 100 Jahren ist die Analyse landwirtschaftlicher Daten ein zentraler Bestandteil der Arbeit in der SHBB/LBV-Gruppe. Innovation und der Einsatz moderner Technologien hatten dabei stets höchste Priorität, um Effizienz und Präzision bei der Auswertung stetig wachsender Datenmengen zu steigern. Mit der fortschreitenden Digitalisierung wurden Prozesse immer weiter optimiert – sichtbar etwa durch die Entwicklung unserer Branchensoftware …",2025-06-02T21:34:26Z,0,"{'__CLASS__': 'Adzuna::API::Response::Category', 'label': 'Beraterstellen', 'tag': 'consultancy-jobs'}",Projektmanager im IT- und Data Science-Umfeld (m/w/d),54.32167,Adzuna::API::Response::Job,,,,
5197064470,"{'__CLASS__': 'Adzuna::API::Response::Location', 'area': ['Deutschland', 'Baden-Württemberg', 'Mannheim'], 'display_name': 'Mannheim, Baden-Württemberg'}","{'__CLASS__': 'Adzuna::API::Response::Company', 'display_name': 'GBG Unternehmensgruppe'}",https://www.adzuna.de/details/5197064470?utm_medium=api&utm_source=a4bcf954,8.491505,eyJhbGciOiJIUzI1NiJ9.eyJpIjoiNTE5NzA2NDQ3MCIsInMiOiJlbFZDOE9oRjhCR1JOZnBjYXR1STdBIn0.tbkqjOYc32YSc7Y8nOISXp4TvJ7JlZZDBpMhUTLxJ8U,"Unterstützung des Datenmanagement-Teams bei der Erhebung, Aufbereitung und Analyse großer Datenmengen aus verschiedenen Unternehmensbereichen Entwicklung von Datenmodellen, Dashboards und Reports mit Tools wie Python, SQL und Power BI Mitwirkung an Projekten zur Einführung datengetriebener Prozesse und Entscheidungsgrundlagen Eigenständige Recherche zu aktuellen Data-Science-Ansätzen mit Relevanz für die Wohnungswirtschaft Dokumentation und Visualisierung von Ergebnissen für interne Stakeholder…",2025-05-13T21:41:36Z,0,"{'tag': 'unknown', 'label': 'Unknown', '__CLASS__': 'Adzuna::API::Response::Category'}",Werkstudent (m/w/d) Datenmanagement - Schwerpunkt Data Science,49.496025,Adzuna::API::Response::Job,part_time,,,
5238980716,"{'__CLASS__': 'Adzuna::API::Response::Location', 'display_name': 'Frankfurt am Main, Hessen', 'area': ['Deutschland', 'Hessen', 'Frankfurt am Main']}","{'__CLASS__': 'Adzuna::API::Response::Company', 'display_name': 'Sanofi Group'}",https://www.adzuna.de/details/5238980716?utm_medium=api&utm_source=a4bcf954,,eyJhbGciOiJIUzI1NiJ9.eyJpIjoiNTIzODk4MDcxNiIsInMiOiJlbFZDOE9oRjhCR1JOZnBjYXR1STdBIn0.CmmclCzxI9bdw4hpSoOD88nPzk5jxjrAzIX4RvWd4R8,"To ensure a rapid processing of your application, please apply only via the ""Apply"" button. Please include a letter of motivation and a current resume with your application. About the job The Head of Global Device Digital & Data Science leads a diverse team of experts responsible for driving digital innovation, digitalization, advanced Analytics, Artificial Intelligence and technical excellence across Sanofi's Global Device Unit. This role is accountable for establishing and implementing strate…",2025-06-07T18:45:43Z,0,"{'tag': 'unknown', 'label': 'Unknown', '__CLASS__': 'Adzuna::API::Response::Category'}",Head Global Device Digital & Data Science - all genders,,Adzuna::API::Response::Job,,,,
5241856615,"{'area': ['Deutschland', 'Hessen', 'Frankfurt am Main'], 'display_name': 'Frankfurt am Main, Hessen', '__CLASS__': 'Adzuna::API::Response::Location'}","{'__CLASS__': 'Adzuna::API::Response::Company', 'display_name': 'Sanofi Group'}",https://www.adzuna.de/details/5241856615?utm_medium=api&utm_source=a4bcf954,,eyJhbGciOiJIUzI1NiJ9.eyJzIjoiZWxWQzhPaEY4QkdSTmZwY2F0dUk3QSIsImkiOiI1MjQxODU2NjE1In0.Xe6sxM5UkXnQasIGGiKfW_z1HrfdS0tSOLCHx5sv4D4,"To ensure a rapid processing of your application, please apply only via the u201cApplyu201d button. Please include a letter of motivation and a current resume with your application. About _the job_ The Head of Global Device Digital & Data Science leads a diverse team of experts responsible for driving digital innovation, digitalization, advanced Analytics, Artificial Intelligence and technical excellence across Sanofi's Global Device Unit. This role is accountable for establishing and implement…",2025-06-10T01:56:50Z,0,"{'__CLASS__': 'Adzuna::API::Response::Category', 'label': 'Unknown', 'tag': 'unknown'}",Head Global Device Digital & Data Science - all genders,,Adzuna::API::Response::Job,,,,
5107933167,"{'display_name': 'Haar, München (Kreis)', 'area': ['Deutschland', 'Bayern', 'München (Kreis)', 'Haar'], '__CLASS__': 'Adzuna::API::Response::Location'}","{'__CLASS__': 'Adzuna::API::Response::Company', 'display_name': 'Sopra-Steria'}",https://www.adzuna.de/details/5107933167?utm_medium=api&utm_source=a4bcf954,11.72645,eyJhbGciOiJIUzI1NiJ9.eyJpIjoiNTEwNzkzMzE2NyIsInMiOiJlbFZDOE9oRjhCR1JOZnBjYXR1STdBIn0.PME_cziPIMbI7xc8PD8TgTmehYl7g6_2ofcZsLZRkqg,"Unternehmensbeschreibung Wir sind eine der führenden Management- und Technologieberatungen und verstehen uns als Vordenker*innen. Wir handeln und denken strategisch, sind überzeugend und unterstützen unsere Kunden mit maßgeschneiderten Lösungen, präzisen Prozessen und innovativen Technologien. Weltweit sind wir 52.000 kreative und kluge Köpfe, in Deutschland und Österreich rund 2.700. Gemeinsam gestalten wir mit digitalen Technologien die Zukunft unserer Kunden und die der Gesellschaft. Vielfal…",2025-03-23T18:50:11Z,0,"{'tag': 'graduate-jobs', '__CLASS__': 'Adzuna::API::Response::Category', 'label': 'Stellen für Hochschulabsolventen'}",Werkstudent Data Science & Künstliche Intelligenz (m/w/d),48.10954,Adzuna::API::Response::Job,,,,
4931313691,"{'display_name': 'Allach-Untermenzing, München', 'area': ['Deutschland', 'Bayern', 'München (Kreis)', 'München', 'Allach-Untermenzing'], '__CLASS__': 'Adzuna::API::Response::Location'}","{'display_name': 'MTU Aero Engines AG', '__CLASS__': 'Adzuna::API::Response::Company'}",https://www.adzuna.de/details/4931313691?utm_medium=api&utm_source=a4bcf954,11.44811,eyJhbGciOiJIUzI1NiJ9.eyJpIjoiNDkzMTMxMzY5MSIsInMiOiJlbFZDOE9oRjhCR1JOZnBjYXR1STdBIn0.KKa8fhboJXZd2Uk04UOI3_2ZtZKAqYXl-nY60rCp1ok,"UPLIFT Y OURFUTURE Wir sind mehr als 12.000 Mitarbeiter:innen. An 18 Standorten weltweit. Jedes dritte Flugzeug fliegt mit unserer Technologie. Immer effizienter, leiser, nachhaltiger. Wir gestalten die Zukunft der Luftfahrt. Was wir noch brauchen? Dich. Unsere Ausbildung in München sucht Schülerinnen und Schüler für ein Duales Studium Data Science und Künstliche Intelligenz mit Start 2025 Dieser duale Studiengang bereitet Dich ganz gezielt auf eine spätere Tätigkeit in der Datenanalyse der MTU…",2024-11-08T12:49:29Z,0,"{'label': 'Stellen aus Fertigung', '__CLASS__': 'Adzuna::API::Response::Category', 'tag': 'manufacturing-jobs'}",Duales Studium Data Science und Künstliche Intelligenz mit Start 2025,48.18449,Adzuna::API::Response::Job,full_time,,,
4508854671,"{'__CLASS__': 'Adzuna::API::Response::Location', 'display_name': 'Bensheim, Bergstraße (Kreis)', 'area': ['Deutschland', 'Hessen', 'Bergstraße (Kreis)', 'Bensheim']}","{'display_name': 'Dentsply Sirona', '__CLASS__': 'Adzuna::API::Response::Company'}",https://www.adzuna.de/details/4508854671?utm_medium=api&utm_source=a4bcf954,8.60289,eyJhbGciOiJIUzI1NiJ9.eyJzIjoiZWxWQzhPaEY4QkdSTmZwY2F0dUk3QSIsImkiOiI0NTA4ODU0NjcxIn0.9BgH4o12XkHikbERXm2pmu4lYJ8odGmR7OdwXc5ByVU,"Requistion ID : 67844 Dentsply Sirona ist der weltweit größte Anbieter von Dentalprodukten- und technologien und unterstützt Zahnärzte und Zahntechniker dabei, eine bessere, schnellere und sicherere Versorgung in allen zahnmedizinischen Bereichen anzubieten. Wir sind stolz darauf, bevorzugter Partner für Zahnarztpraxen, Kliniken, Dentallabore und autorisierte Vertriebshändler weltweit zu sein. Der Hauptfirmensitz von Dentsply Sirona befindet sich in Charlotte, North Carolina. So fortschrittlich…",2024-01-03T20:47:04Z,0,"{'tag': 'unknown', '__CLASS__': 'Adzuna::API::Response::Category', 'label': 'Unknown'}",Bachelor of Science (B. Sc.) Data Science und KI,49.67828,Adzuna::API::Response::Job,,,,
5099820318,"{'__CLASS__': 'Adzuna::API::Response::Location', 'display_name': 'Bensheim, Bergstraße (Kreis)', 'area': ['Deutschland', 'Hessen', 'Bergstraße (Kreis)', 'Bensheim']}","{'display_name': 'Dentsply Sirona', '__CLASS__': 'Adzuna::API::Response::Company'}",https://www.adzuna.de/details/5099820318?utm_medium=api&utm_source=a4bcf954,8.60289,eyJhbGciOiJIUzI1NiJ9.eyJzIjoiZWxWQzhPaEY4QkdSTmZwY2F0dUk3QSIsImkiOiI1MDk5ODIwMzE4In0.EZy1NAoHkUTdUAFhNNXpz0F0pJTQ1Wo09phqwhbz38g,"Requistion ID : 67844 Dentsply Sirona ist der weltweit gru00f6u00dfte Anbieter von Dentalprodukten- und technologien und unterstu00fctzt Zahnu00e4rzte und Zahntechniker dabei, eine bessere, schnellere und sicherere Versorgung in allen zahnmedizinischen Bereichen anzubieten. Wir sind stolz darauf, bevorzugter Partner fu00fcr Zahnarztpraxen, Kliniken, Dentallabore und autorisierte Vertriebshu00e4ndler weltweit zu sein. Der Hauptfirmensitz von Dentsply Sirona befindet sich in Charlotte, North Caro…",2025-03-19T00:13:28Z,0,"{'tag': 'unknown', '__CLASS__': 'Adzuna::API::Response::Category', 'label': 'Unknown'}",Bachelor of Science (B. Sc.) Data Science und KI,49.67828,Adzuna::API::Response::Job,,,,
4875912330,"{'__CLASS__': 'Adzuna::API::Response::Location', 'area': ['Deutschland', 'Hessen', 'Frankfurt am Main', 'Fechenheim'], 'display_name': 'Fechenheim, Frankfurt am Main'}","{'display_name': 'statworx', '__CLASS__': 'Adzuna::API::Response::Company'}",https://www.adzuna.de/details/4875912330?utm_medium=api&utm_source=a4bcf954,8.76072,eyJhbGciOiJIUzI1NiJ9.eyJpIjoiNDg3NTkxMjMzMCIsInMiOiJlbFZDOE9oRjhCR1JOZnBjYXR1STdBIn0.vFXp7X1zUiyVqnPWTcDEwIdmpfGgOJeQOc4zu0UDjYw,Über uns statworx ist ein führendes Beratungs- und Entwicklungsunternehmen für Daten und KI mit Sitz in Frankfurt am Main. Wir bieten strategische Beratung für mittelständische Unternehmen und globale Konzerne. Wir entwickeln innovative Daten- & KI-Lösungen für alle Unternehmensbereiche und Tätigkeitsfelder. Wir befähigen Menschen auf allen Kompetenzniveaus mit unseren Daten- & KI-Bildungsformaten. Kurz gesagt: Wir unterstützen Unternehmen bei allen Aspekten der digitalen Transformation – seit …,2024-09-25T15:43:03Z,0,"{'label': 'Beraterstellen', '__CLASS__': 'Adzuna::API::Response::Category', 'tag': 'consultancy-jobs'}",Consultant Data Science (w/m/d) Fokus NLP,50.12595,Adzuna::API::Response::Job,full_time,,,
5235794625,"{'__CLASS__': 'Adzuna::API::Response::Location', 'area': ['Deutschland', 'Bayern', 'München (Kreis)', 'München', 'Ludwigsvorstadt-Isarvorstadt'], 'display_name': 'Ludwigsvorstadt-Isarvorstadt, München'}","{'display_name': 'TRUSTEQ GmbH', '__CLASS__': 'Adzuna::API::Response::Company'}",https://www.adzuna.de/details/5235794625?utm_medium=api&utm_source=a4bcf954,11.58399,eyJhbGciOiJIUzI1NiJ9.eyJpIjoiNTIzNTc5NDYyNSIsInMiOiJlbFZDOE9oRjhCR1JOZnBjYXR1STdBIn0.p9i0xalvRpbS2hv8FxOuPjqs5P2j_PQwPB0AIXOSFiY,"DEINE AUFGABEN Als Werkstudent:in (m/w/d) mit Fokus auf Data Science & Engineering wirst Du Teil unseres Bereichs IT Strategy & ESG und unterstützt unser Team bei der datenbasierten Beratung internationaler Kund:innen aus dem Finanz-, Versicherungs- und Energiesektor. Du arbeitest an der Schnittstelle zwischen Technologie, Unternehmenssteuerung und Nachhaltigkeit – und erhältst spannende Einblicke in die praktische Umsetzung moderner Daten- und Analyseprojekte. I m Rahmen Deiner Tätigkeit wirks…",2025-06-06T08:14:22Z,0,"{'tag': 'unknown', 'label': 'Unknown', '__CLASS__': 'Adzuna::API::Response::Category'}",Data Science/Engineering Working Student (m/w/d),48.13344,Adzuna::API::Response::Job,part_time,,,
5238676714,"{'display_name': 'München, München (Kreis)', 'area': ['Deutschland', 'Bayern', 'München (Kreis)', 'München'], '__CLASS__': 'Adzuna::API::Response::Location'}","{'display_name': 'Trusteq', '__CLASS__': 'Adzuna::API::Response::Company'}",https://www.adzuna.de/details/5238676714?utm_medium=api&utm_source=a4bcf954,11.555737,eyJhbGciOiJIUzI1NiJ9.eyJzIjoiZWxWQzhPaEY4QkdSTmZwY2F0dUk3QSIsImkiOiI1MjM4Njc2NzE0In0.jBrL9Y3-I7r9iT6PsI6-lcVFWagRN9cB7tPRENGPWcc,"DEINE AUFGABEN Als Werkstudent:in (m/w/d) mit Fokus auf Data Science & Engineering wirst Du Teil unseres Bereichs IT Strategy & ESG und unterstützt unser Team bei der datenbasierten Beratung internationaler Kund:innen aus dem Finanz-, Versicherungs- und Energiesektor. Du arbeitest an der Schnittstelle zwischen Technologie, Unternehmenssteuerung und Nachhaltigkeit – und erhältst spannende Einblicke in die praktische Umsetzung moderner Daten- und Analyseprojekte. I m Rahmen Deiner Tätigkeit wirks…",2025-06-07T14:23:00Z,0,"{'tag': 'unknown', '__CLASS__': 'Adzuna::API::Response::Category', 'label': 'Unknown'}",Data Science/Engineering Working Student (m/w/d),48.137418,Adzuna::API::Response::Job,part_time,,,
5236227045,"{'__CLASS__': 'Adzuna::API::Response::Location', 'area': ['Deutschland', 'Baden-Württemberg', 'Waldshut (Kreis)', 'Bad Säckingen'], 'display_name': 'Bad Säckingen, Waldshut (Kreis)'}","{'__CLASS__': 'Adzuna::API::Response::Company', 'display_name': 'eschbach'}",https://www.adzuna.de/details/5236227045?utm_medium=api&utm_source=a4bcf954,7.94744,eyJhbGciOiJIUzI1NiJ9.eyJzIjoiZWxWQzhPaEY4QkdSTmZwY2F0dUk3QSIsImkiOiI1MjM2MjI3MDQ1In0.qzIT_pdgQurHLt0fsk2SdSuOZolCl0PE2d7pDSHM61c,"Wir suchen dich als als Nachwuchs-Expert:in für unser Development Team. Die Softwareentwicklung ist das Herzstück unseres Unternehmens, denn mehr als die Hälfte unserer Mitarbeiter:innen arbeitet in diesem Bereich. Unser Ziel ist es, den Shiftconnector mithilfe neuester Technologien und Methoden kontinuierlich zu verbessern und den Bedürfnissen unserer Kunden anzupassen. Hierbei setzen wir auf sieben spezialisierte Development Teams, die sich jeweils auf unterschiedliche Aspekte der Softwarelös…",2025-06-06T14:43:33Z,0,"{'label': 'IT-Stellen', '__CLASS__': 'Adzuna::API::Response::Category', 'tag': 'it-jobs'}",Duales Studium Data Science & KI in Kooperation mit der DHBW Lörrach,47.55443,Adzuna::API::Response::Job,full_time,,,
5187382685,"{'display_name': 'Löbstedt, Jena', 'area': ['Deutschland', 'Thüringen', 'Jena', 'Löbstedt'], '__CLASS__': 'Adzuna::API::Response::Location'}","{'__CLASS__': 'Adzuna::API::Response::Company', 'display_name': 'FERCHAU GmbH'}",https://www.adzuna.de/details/5187382685?utm_medium=api&utm_source=a4bcf954,11.61322,eyJhbGciOiJIUzI1NiJ9.eyJpIjoiNTE4NzM4MjY4NSIsInMiOiJlbFZDOE9oRjhCR1JOZnBjYXR1STdBIn0.k13Br5hPrNusxVnrtI_8rDA8CQlR8RSQnad-P2hkjLM,Du teilst unsere Leidenschaft für Innovationen und Technologien und willst dich den Herausforderungen der Zukunft stellen? Dann komm zu FERCHAU: als Software Engineer (m/w/d) Data Science Medizintechnik. Wir realisieren spannende Projekte für namhafte Kunden in den Bereichen Pharma und Medizintechnik und sorgen für sichere und nachhaltige Technologielösungen. Dein Aufgabengebiet * Softwareentwicklung für Medizinprodukte und Prüfaufbauten entsprechend der geltenden Normen * Anforderungsanalyse u…,2025-05-07T23:25:36Z,0,"{'label': 'Unknown', '__CLASS__': 'Adzuna::API::Response::Category', 'tag': 'unknown'}",Software Engineer (m/w/d) Data Science Medizintechnik,50.95177,Adzuna::API::Response::Job,,,,
4852907200,"{'__CLASS__': 'Adzuna::API::Response::Location', 'display_name': 'Schmallenberg, Hochsauerlandkreis', 'area': ['Deutschland', 'Nordrhein-Westfalen', 'Hochsauerlandkreis', 'Schmallenberg']}","{'__CLASS__': 'Adzuna::API::Response::Company', 'display_name': 'Workwise GmbH'}",https://www.adzuna.de/details/4852907200?utm_medium=api&utm_source=a4bcf954,8.28561,eyJhbGciOiJIUzI1NiJ9.eyJpIjoiNDg1MjkwNzIwMCIsInMiOiJicjNHOGVoRjhCR1UyNkh3ZENfN0VnIn0.ulq_a6FwUcnrbSAPwdBP2XE0Qh6uA3IVeuc7ta7CPGM,"Über das Unternehmen Als international operierender Spezialist produziert wir leistungsstarke Präzisionsanlagen. Das bedeutet moderne bestehende und vielfach erprobte Standards zu nutzen, um mit Kunden gemeinsam ein tragendes als auch individuelles Gesamtkonzept zu entwickeln. Wir sind Partner von der ersten Idee, Konzeption, Planung, Projektierung und Abwicklung bis zur Endfertigung, Montage und einem umfangreichen After-Sales-Service. Was bieten wir Ihnen? Spannende Aufgaben im Bereich innova…",2024-09-05T12:53:18Z,0,"{'__CLASS__': 'Adzuna::API::Response::Category', 'tag': 'it-jobs', 'label': 'IT-Stellen'}",Senior Softwareentwickler für Data Science und Datenmanagement (m/w/d),51.14779,Adzuna::API::Response::Job,full_time,,,
4801114867,"{'__CLASS__': 'Adzuna::API::Response::Location', 'display_name': 'Deutschland', 'area': ['Deutschland']}","{'__CLASS__': 'Adzuna::API::Response::Company', 'display_name': 'master-TMS'}",https://www.adzuna.de/details/4801114867?utm_medium=api&utm_source=a4bcf954,,eyJhbGciOiJIUzI1NiJ9.eyJpIjoiNDgwMTExNDg2NyIsInMiOiJicjNHOGVoRjhCR1UyNkh3ZENfN0VnIn0.QpRpXrZDG_X2QJO2zbiubuFKacdaMbg7p-hEe_rHpNI,In Deutschland - Berlin | Bonn | Köln Du willst Praxiserfahrung in einer internationalen Unternehmensberatung sammeln? Bei uns kannst du dein Interesse an Wirtschaftsthemen mit deinen analytischen Fähigkeiten verbinden Werde für mindestens 10 Wochen Teil eines außergewöhnlichen Teams. Was uns besonders macht: ein starker Unternehmergeist und jede Menge Gestaltungsfreiheit. Der Advanced Analytics Bereich bei Simon-Kucher konzentriert sich auf die Entwicklung von Best-in-Class-Ansätzen und -Model…,2024-07-30T22:37:13Z,0,"{'__CLASS__': 'Adzuna::API::Response::Category', 'label': 'Beraterstellen', 'tag': 'consultancy-jobs'}",Praktikum Associate Consultant Data Science (m/w/d),,Adzuna::API::Response::Job,,,,
5235795010,"{'__CLASS__': 'Adzuna::API::Response::Location', 'area': ['Deutschland', 'Bayern', 'München (Kreis)', 'München', 'Ludwigsvorstadt-Isarvorstadt'], 'display_name': 'Ludwigsvorstadt-Isarvorstadt, München'}","{'display_name': 'TRUSTEQ GmbH', '__CLASS__': 'Adzuna::API::Response::Company'}",https://www.adzuna.de/details/5235795010?utm_medium=api&utm_source=a4bcf954,11.58399,eyJhbGciOiJIUzI1NiJ9.eyJpIjoiNTIzNTc5NTAxMCIsInMiOiJicjNHOGVoRjhCR1UyNkh3ZENfN0VnIn0.dEfFiDwOSLnNGRh6b_6q_vM7F0KUEuBiUjp7-aMpBvc,"DEINE AUFGABEN Als Associate Consultant (m/w/d) mit Fokus auf Data Science & Engineering wirst Du Teil unseres Bereichs IT Strategy & ESG . In dieser Schnittstellenfunktion arbeitest Du an der Nahtstelle zwischen Technologie, Nachhaltigkeit und Business – und gestaltest aktiv die digitale und nachhaltige Transformation unserer international agierenden Kund:innen in den Branchen Finanzdienstleistung, Versicherung und Energie. Du entwickelst moderne Datenhaltungsprozesse, analysierst komplexe Dat…",2025-06-06T08:15:40Z,0,"{'__CLASS__': 'Adzuna::API::Response::Category', 'tag': 'unknown', 'label': 'Unknown'}",Data Science/Engineering Associate Consultant (m/w/d),48.13344,Adzuna::API::Response::Job,full_time,,,
5238678837,"{'display_name': 'München, München (Kreis)', 'area': ['Deutschland', 'Bayern', 'München (Kreis)', 'München'], '__CLASS__': 'Adzuna::API::Response::Location'}","{'display_name': 'Trusteq', '__CLASS__': 'Adzuna::API::Response::Company'}",https://www.adzuna.de/details/5238678837?utm_medium=api&utm_source=a4bcf954,11.555737,eyJhbGciOiJIUzI1NiJ9.eyJpIjoiNTIzODY3ODgzNyIsInMiOiJicjNHOGVoRjhCR1UyNkh3ZENfN0VnIn0.yM8XzZLY9ivXg8QgSbnc3XimzTOzgzFKvUt71u23hCo,"DEINE AUFGABEN Als Associate Consultant (m/w/d) mit Fokus auf Data Science & Engineering wirst Du Teil unseres Bereichs IT Strategy & ESG . In dieser Schnittstellenfunktion arbeitest Du an der Nahtstelle zwischen Technologie, Nachhaltigkeit und Business – und gestaltest aktiv die digitale und nachhaltige Transformation unserer international agierenden Kund:innen in den Branchen Finanzdienstleistung, Versicherung und Energie. Du entwickelst moderne Datenhaltungsprozesse, analysierst komplexe Dat…",2025-06-07T14:23:39Z,0,"{'label': 'Beraterstellen', 'tag': 'consultancy-jobs', '__CLASS__': 'Adzuna::API::Response::Category'}",Data Science/Engineering Associate Consultant (m/w/d),48.137418,Adzuna::API::Response::Job,full_time,,,
5219543487,"{'__CLASS__': 'Adzuna::API::Response::Location', 'display_name': 'Pliensauvorstadt, Esslingen am Neckar', 'area': ['Deutschland', 'Baden-Württemberg', 'Esslingen (Kreis)', 'Esslingen am Neckar', 'Pliensauvorstadt']}","{'__CLASS__': 'Adzuna::API::Response::Company', 'display_name': 'Clade GmbH'}",https://www.adzuna.de/details/5219543487?utm_medium=api&utm_source=a4bcf954,9.30568,eyJhbGciOiJIUzI1NiJ9.eyJzIjoiYnIzRzhlaEY4QkdVMjZId2RDXzdFZyIsImkiOiI1MjE5NTQzNDg3In0.DXvVlcNs-ZNOa9o-HkpS9_4TFnz7oXOTbwAajGWG1VM,"Passen wir zusammen? Du liebst es, fixe Milestones zu reißen, jonglierst parallel mehrere Sprints und verschiebst Grenzen, wenn es eng wird? Du willst in einem Start-up-artigen Umfeld Verantwortung für Software- & Data-Science-Produkte übernehmen und gemeinsam mit kreativen Entwickler- und Data-Teams echten Kundennutzen stiften? Dann lies weiter – wir suchen genau dich! Du wirst bei uns… Sprint-Planung & Release-Takt managen - t ough und präzise; du balancierst parallele Boards und hältst Deadl…",2025-05-28T08:21:05Z,0,"{'__CLASS__': 'Adzuna::API::Response::Category', 'label': 'Unknown', 'tag': 'unknown'}",Product Owner Software & Data Science (m/w/d),48.73986,Adzuna::API::Response::Job,full_time,,,
4797013572,"{'__CLASS__': 'Adzuna::API::Response::Location', 'display_name': 'München, München (Kreis)', 'area': ['Deutschland', 'Bayern', 'München (Kreis)', 'München']}","{'__CLASS__': 'Adzuna::API::Response::Company', 'display_name': 'MTU Aero Engines AG'}",https://www.adzuna.de/details/4797013572?utm_medium=api&utm_source=a4bcf954,11.555737,eyJhbGciOiJIUzI1NiJ9.eyJzIjoiYnIzRzhlaEY4QkdVMjZId2RDXzdFZyIsImkiOiI0Nzk3MDEzNTcyIn0.llyrSIIi97jGfFwF7NdBn42sG0iKTmJ1cPel_Wwt2wo,"  UPLIFT Y OURFUTURE Wir sind über 13.000. An 19 Standorten weltweit. Jedes dritte Flugzeug fliegt mit unserer Technologie. Immer effizienter, leiser, nachhaltiger. Wir gestalten die Zukunft der Luftfahrt. Was wir noch brauchen? Dich. Unser Team sucht Dich:  Praktikum Strategie und Marktanalyse - Schwerpunkt Data Science (all genders) in München  Kennziffer – P MUC ASU Die Marktanalyse ist Teil des Centers Unternehmensentwicklung innerhalb der MTU und umfasst folgende Aufgaben: - Monitoring und…",2024-07-27T06:46:11Z,0,"{'__CLASS__': 'Adzuna::API::Response::Category', 'label': 'Unknown', 'tag': 'unknown'}",Praktikum Strategie und Marktanalyse - Schwerpunkt Data Science (all genders),48.137418,Adzuna::API::Response::Job,,,contract,
5202235963,"{'__CLASS__': 'Adzuna::API::Response::Location', 'display_name': 'Frankfurt am Main, Hessen', 'area': ['Deutschland', 'Hessen', 'Frankfurt am Main']}","{'display_name': 'Deutsche Bundesbank', '__CLASS__': 'Adzuna::API::Response::Company'}",https://www.adzuna.de/details/5202235963?utm_medium=api&utm_source=a4bcf954,8.650578,eyJhbGciOiJIUzI1NiJ9.eyJzIjoiYnIzRzhlaEY4QkdVMjZId2RDXzdFZyIsImkiOiI1MjAyMjM1OTYzIn0.6tx0TAcLEQQPtGhTt2zhTRtGES0xe445L0DExC6YWPo,"Unsere Beschäftigten stellen sicher, dass unsere gemeinsame Währung und das europäische Finanzsystem stabil bleiben. Wie ihnen das gelingt? Bei uns haben sie die Zeit, den Freiraum und die Tools, komplexe Finanz- und Wirtschaftsthemen in ihrer Tiefe zu durchdringen und nachhaltige Lösungsvorschläge zu erarbeiten. Sie arbeiten agil, digital und über Grenzen hinweg. In Teams, die keine Vorurteile kennen, sondern gemeinsame Ziele. Werde auch Du Teil von etwas Besonderem und schaffe ein solides Fun…",2025-05-16T20:01:44Z,0,"{'__CLASS__': 'Adzuna::API::Response::Category', 'tag': 'unknown', 'label': 'Unknown'}",Praktikum Data Science in der Securities Holdings Statistics Database (SHSDB),50.129683,Adzuna::API::Response::Job,,,,
4801101260,"{'area': ['Deutschland', 'Bayern', 'München (Kreis)', 'München', 'Allach-Untermenzing'], 'display_name': 'Allach-Untermenzing, München', '__CLASS__': 'Adzuna::API::Response::Location'}","{'__CLASS__': 'Adzuna::API::Response::Company', 'display_name': 'MTU Aero Engines AG'}",https://www.adzuna.de/details/4801101260?utm_medium=api&utm_source=a4bcf954,11.44811,eyJhbGciOiJIUzI1NiJ9.eyJzIjoiYnIzRzhlaEY4QkdVMjZId2RDXzdFZyIsImkiOiI0ODAxMTAxMjYwIn0.1MEJAtV6RUAEnphUYuPxPZJLpoxBqZ7aU4jtqKD2wG0,"UPLIFT Y OURFUTURE Over 13,000 People. 19 Locations worldwide. One in three planes flies with our Technology. Even more economical, lower in emissions and quieter. We shape the future of Aviation. The only thing missing: You. Our team in Munich is searching for you: Intern Strategy and Market Analysis - Focus on Data Science (all genders) The Market Analysis group is part of the Corporate Development within MTU and comprises the following tasks: Monitoring and analyzing relevant markets and mar…",2024-07-30T22:36:07Z,0,"{'label': 'Stellen aus Fertigung', 'tag': 'manufacturing-jobs', '__CLASS__': 'Adzuna::API::Response::Category'}",Praktikum Strategie und Marktanalyse - Schwerpunkt Data Science (all genders),48.18449,Adzuna::API::Response::Job,,,,
5088588085,"{'__CLASS__': 'Adzuna::API::Response::Location', 'area': ['Deutschland', 'Bayern', 'Kempten (Allgäu)', 'Bühl'], 'display_name': 'Bühl, Kempten (Allgäu)'}","{'display_name': 'DACHSER SE', '__CLASS__': 'Adzuna::API::Response::Company'}",https://www.adzuna.de/details/5088588085?utm_medium=api&utm_source=a4bcf954,10.30998,eyJhbGciOiJIUzI1NiJ9.eyJzIjoiYnIzRzhlaEY4QkdVMjZId2RDXzdFZyIsImkiOiI1MDg4NTg4MDg1In0.D6owTh3psD7vzu8XPM5qPbgphfEd86Wu3eOamfg5OKI,"Job ID 3532 / Vollzeit/ Teilzeit : Vollzeit / Job Kategorie : IT / Befristet/Unbefristet : Unbefristet „Logistics is People Business“ – dieser Leitsatz macht deutlich, dass die Mitarbeitenden für DACHSER der Schlüsselfaktor für den Unternehmenserfolg sind. Gemeinsam mit rund 34.000 Menschen verfolgen wir die Mission, die weltweit intelligenteste Kombination und Integration logistischer Netzkompetenzen zu schaffen und so die Logistikbilanz unserer Kunden zu optimieren. Gestalten Sie mit uns die …",2025-03-12T13:03:54Z,0,"{'__CLASS__': 'Adzuna::API::Response::Category', 'tag': 'unknown', 'label': 'Unknown'}",Consultant (m/w/d) Data Science & Machine Learning,47.73843,Adzuna::API::Response::Job,,,,
5117534459,"{'area': ['Deutschland', 'Nordrhein-Westfalen', 'Bochum', 'Querenburg'], 'display_name': 'Querenburg, Bochum', '__CLASS__': 'Adzuna::API::Response::Location'}","{'display_name': 'GBTEC Software AG', '__CLASS__': 'Adzuna::API::Response::Company'}",https://www.adzuna.de/details/5117534459?utm_medium=api&utm_source=a4bcf954,7.27123,eyJhbGciOiJIUzI1NiJ9.eyJzIjoiYnIzRzhlaEY4QkdVMjZId2RDXzdFZyIsImkiOiI1MTE3NTM0NDU5In0.AqIAB5hM0eZbuGYgBgOYZ9TJosKWHHSyuGtmIPeXkmY,"Deine Aufgaben Als (Senior) AI / Data Science Engineer (m/w/d) übernimmst du die Konzipierung sowie Implementierung von innovativen Lösungen im Bereich Retrieval-Augmented Generation (RAG), um Large Language Models (LLMs) mit aktuellen und dynamischen Daten zu versorgen und den Einsatz unserer marktführenden BPM-Software bei unseren Kunden zu revolutionieren. Als Teamplayer bist Du Teil eines motivierten, internationalen Teams und bereit, Aufgaben eigenständig zu übernehmen und voranzutreiben. …",2025-03-29T06:50:48Z,0,"{'label': 'Unknown', 'tag': 'unknown', '__CLASS__': 'Adzuna::API::Response::Category'}",Senior AI / Data Science Engineer (m/w/d),51.45261,Adzuna::API::Response::Job,full_time,,,
5171621479,"{'area': ['Deutschland'], 'display_name': 'Deutschland', '__CLASS__': 'Adzuna::API::Response::Location'}","{'__CLASS__': 'Adzuna::API::Response::Company', 'display_name': ""Ernsting's family""}",https://www.adzuna.de/land/ad/5171621479?se=br3G8ehF8BGU26HwdC_7Eg&utm_medium=api&utm_source=a4bcf954&v=9930AECFEA4A57388AB0803B0C296A92CF71521B,,eyJhbGciOiJIUzI1NiJ9.eyJzIjoiYnIzRzhlaEY4QkdVMjZId2RDXzdFZyIsImkiOiI1MTcxNjIxNDc5In0.L2a_X_bnYuo51l-gKubBFRJuCfVxlQdY5vv687MvO3w,"Du bist Analytiker, Gestalter und hast Lust etwas zu bewegen? Dann bist Du bei uns genau richtig. Unser BI & Analytics Team stellt mit Hilfe von Algorithmen maßgeschneiderte Lösungen bereit, damit Entscheidungen zukunftsorientiert getroffen werden können. Als Partner auf Augenhöhe in den Bereichen Reporting und Analysen wird hier die Zukunft mitgestaltet! Für unsere Unternehmenszentrale in Coesfeld-Lette (bei Münster) suchen wir einen Senior Data Scientist mit Schwerpunkt Ökonometrie/ Predictiv…",2025-05-01T03:58:54Z,0,"{'label': 'Sonstige/Allgemeine Stellen', 'tag': 'other-general-jobs', '__CLASS__': 'Adzuna::API::Response::Category'}",Senior Data Scientist mit Schwerpunkt Ökonometrie/ Predictive Analytics (gn*),,Adzuna::API::Response::Job,,,,
5221191643,"{'__CLASS__': 'Adzuna::API::Response::Location', 'display_name': 'Deutschland', 'area': ['Deutschland']}","{'display_name': 'QIAGEN GmbH', '__CLASS__': 'Adzuna::API::Response::Company'}",https://www.adzuna.de/land/ad/5221191643?se=br3G8ehF8BGU26HwdC_7Eg&utm_medium=api&utm_source=a4bcf954&v=63FE4C9B69B506F87BAD521F7C530B13425FF706,,eyJhbGciOiJIUzI1NiJ9.eyJpIjoiNTIyMTE5MTY0MyIsInMiOiJicjNHOGVoRjhCR1UyNkh3ZENfN0VnIn0.IACPTWGZdzcdSHy-nGcXwyLIaB3T74WN6O3nfwwOaPU,At the heart of QIAGEN's business is a vision to make improvements in life possible. We are on an exciting mission to make a real difference in science and healthcare. We are still the entrepreneurial company we started out as and have today achieved a size where we can bring our full power to many initiatives and to our presence across the globe. Our most valuable asset are our employees – around 6000 in over 35 locations around the world. Our ambition is to ensure we have outstanding and pass…,2025-05-29T07:53:51Z,0,"{'tag': 'pr-advertising-marketing-jobs', 'label': 'Stellen aus PR, Werbung & Marketing', '__CLASS__': 'Adzuna::API::Response::Category'}",AI Product Owner (m/w/d),,Adzuna::API::Response::Job,,,,
4128466932,"{'__CLASS__': 'Adzuna::API::Response::Location', 'area': ['Deutschland', 'Hessen', 'Offenbach (Kreis)', 'Neu-Isenburg'], 'display_name': 'Neu-Isenburg, Offenbach (Kreis)'}","{'display_name': 'RSM Consult GmbH', '__CLASS__': 'Adzuna::API::Response::Company'}",https://www.adzuna.de/details/4128466932?utm_medium=api&utm_source=a4bcf954,8.68616,eyJhbGciOiJIUzI1NiJ9.eyJzIjoiYnIzRzhlaEY4QkdVMjZId2RDXzdFZyIsImkiOiI0MTI4NDY2OTMyIn0.v3cL_48yLm6IsfYwBz1uK3HwZfXNYT1C-qCJoUeJ4A8,"Was Sie erwartet ​ Sie unterstützen beim: Konzipieren und Umsetzen von Data Warehouse Projekten, beim Erstellen von Reports und Dashboards zum Auswerten von Daten aus den Bereichen Logistik, Personal, Transport, Handel. Wir suchen für den Aufbau eines Logistik Legal Tec Produktes BI und Datenaffine BWL er mit Interesse an Marketing, Vertrieb und IT Produktentwicklung. Wir suchen für unser People Metrics Produkt BWL er mit Schwerpunkt Personal und einer hohen Affinität zu Daten und IT. Die Aufga…",2023-06-01T14:30:51Z,0,"{'__CLASS__': 'Adzuna::API::Response::Category', 'label': 'Unknown', 'tag': 'unknown'}",BI Analyse / Data Science (w/m/d) Studenten,50.0532,Adzuna::API::Response::Job,part_time,,,
5014278663,"{'__CLASS__': 'Adzuna::API::Response::Location', 'area': ['Deutschland', 'Hessen', 'Offenbach (Kreis)', 'Neu-Isenburg'], 'display_name': 'Neu-Isenburg, Offenbach (Kreis)'}","{'display_name': 'RSM Consult', '__CLASS__': 'Adzuna::API::Response::Company'}",https://www.adzuna.de/details/5014278663?utm_medium=api&utm_source=a4bcf954,8.68616,eyJhbGciOiJIUzI1NiJ9.eyJzIjoiYnIzRzhlaEY4QkdVMjZId2RDXzdFZyIsImkiOiI1MDE0Mjc4NjYzIn0.V1s5kQMRfLxGdYp8e8BR5B_8HUfj54qAZKklU5yy5KM,"Was Sie erwartet ​ Sie unterstützen beim: Konzipieren und Umsetzen von Data Warehouse Projekten, beim Erstellen von Reports und Dashboards zum Auswerten von Daten aus den Bereichen Logistik, Personal, Transport, Handel. Wir suchen für den Aufbau eines Logistik Legal Tec Produktes BI und Datenaffine BWL er mit Interesse an Marketing, Vertrieb und IT Produktentwicklung. Wir suchen für unser People Metrics Produkt BWL er mit Schwerpunkt Personal und einer hohen Affinität zu Daten und IT. Die Aufga…",2025-01-17T13:15:00Z,0,"{'__CLASS__': 'Adzuna::API::Response::Category', 'tag': 'unknown', 'label': 'Unknown'}",BI Analyse / Data Science (w/m/d) Studenten,50.0532,Adzuna::API::Response::Job,part_time,,,
4824329388,"{'area': ['Deutschland', 'Bayern', 'Regensburg (Kreis)', 'Regensburg'], 'display_name': 'Regensburg, Regensburg (Kreis)', '__CLASS__': 'Adzuna::API::Response::Location'}","{'__CLASS__': 'Adzuna::API::Response::Company', 'display_name': 'Infineon Technologies AG'}",https://www.adzuna.de/details/4824329388?utm_medium=api&utm_source=a4bcf954,12.112321,eyJhbGciOiJIUzI1NiJ9.eyJzIjoiYnIzRzhlaEY4QkdVMjZId2RDXzdFZyIsImkiOiI0ODI0MzI5Mzg4In0.xO8K4NYDkC_2S-qJi6XLatpi-hh1ESt4-BhxP8nuH9Y,"Unsere Welt digitalisiert sich und Du steckst mittendrin. Man ist umgeben von digitalen Systemen, die fortwährend weitere Daten generieren. Richtig interessant wird es aber erst dann, wenn aus all diesen Daten Informationen werden. Künftig werden die Verfahren mit künstlicher Intelligenz weitere Technologiesprünge erneuern. Du möchtest nicht nur die Entwicklungen anderer nutzen, sondern direkt mitentwickeln? Dann bist Du bei Infineon genau richtig. Stellenbeschreibung Während Deines Studiums we…",2024-08-13T23:15:56Z,0,"{'label': 'Technikerstellen', 'tag': 'engineering-jobs', '__CLASS__': 'Adzuna::API::Response::Category'}",Duales Studium - B. Sc. Künstliche Intelligenz / Data Science,49.022981,Adzuna::API::Response::Job,,,,
5157503484,"{'__CLASS__': 'Adzuna::API::Response::Location', 'display_name': 'Neuostheim, Mannheim', 'area': ['Deutschland', 'Baden-Württemberg', 'Mannheim', 'Neuostheim']}","{'display_name': 'Buhl Data Service GmbH', '__CLASS__': 'Adzuna::API::Response::Company'}",https://www.adzuna.de/details/5157503484?utm_medium=api&utm_source=a4bcf954,8.50014,eyJhbGciOiJIUzI1NiJ9.eyJzIjoiYnIzRzhlaEY4QkdVMjZId2RDXzdFZyIsImkiOiI1MTU3NTAzNDg0In0.fkOgHNlyjPDdJSdUAfpwxGPhKsHhqhXqSA8NZPUAjkY,"SO SIEHT DEIN AUFGABENBEREICH AUS: Gestalte die Zukunft: Entwickle und implementiere innovative Lösungen zum Beispiel mit Retrieval-Augmented Generation (RAG) und Large Language Models (LLMs) für die Steuerwelt. Dabei wählst du für jeden Anwendungsfall die passende Modellarchitektur und kümmerst dich um Training, Evaluation und Optimierung für den praktischen Einsatz. Verbinde Daten mit Intelligenz: Entwickle Pipelines zur Datenaufbereitung, -extraktion, -transformation und -integration und opt…",2025-04-23T07:50:57Z,0,"{'label': 'Unknown', 'tag': 'unknown', '__CLASS__': 'Adzuna::API::Response::Category'}",Senior AI / Data Science Engineer (m/w/d),49.46856,Adzuna::API::Response::Job,full_time,,,
5164868378,"{'display_name': 'Mannheim, Baden-Württemberg', 'area': ['Deutschland', 'Baden-Württemberg', 'Mannheim'], '__CLASS__': 'Adzuna::API::Response::Location'}","{'display_name': 'Buhl Data Service', '__CLASS__': 'Adzuna::API::Response::Company'}",https://www.adzuna.de/details/5164868378?utm_medium=api&utm_source=a4bcf954,8.491505,eyJhbGciOiJIUzI1NiJ9.eyJzIjoiYnIzRzhlaEY4QkdVMjZId2RDXzdFZyIsImkiOiI1MTY0ODY4Mzc4In0.UzrhMqFYDX5zw5lWvyoEwoD3DWflpG2zdWS2I5AnNg0,"SO SIEHT DEIN AUFGABENBEREICH AUS: Gestalte die Zukunft: Entwickle und implementiere innovative Lösungen zum Beispiel mit Retrieval-Augmented Generation (RAG) und Large Language Models (LLMs) für die Steuerwelt. Dabei wählst du für jeden Anwendungsfall die passende Modellarchitektur und kümmerst dich um Training, Evaluation und Optimierung für den praktischen Einsatz. Verbinde Daten mit Intelligenz: Entwickle Pipelines zur Datenaufbereitung, -extraktion, -transformation und -integration und opt…",2025-04-26T22:05:26Z,0,"{'label': 'IT-Stellen', 'tag': 'it-jobs', '__CLASS__': 'Adzuna::API::Response::Category'}",Senior AI / Data Science Engineer (m/w/d),49.496025,Adzuna::API::Response::Job,full_time,,,
5168038161,"{'__CLASS__': 'Adzuna::API::Response::Location', 'display_name': 'Döhren, Hannover', 'area': ['Deutschland', 'Niedersachsen', 'Region Hannover (Kreis)', 'Hannover', 'Döhren']}","{'__CLASS__': 'Adzuna::API::Response::Company', 'display_name': 'Buhl Data Service GmbH'}",https://www.adzuna.de/details/5168038161?utm_medium=api&utm_source=a4bcf954,9.76878,eyJhbGciOiJIUzI1NiJ9.eyJpIjoiNTE2ODAzODE2MSIsInMiOiJicjNHOGVoRjhCR1UyNkh3ZENfN0VnIn0.Xou01zJYdSIWK0ZmQyswV9aHD5bynvNRVL-UExE32v8,"SO SIEHT DEIN AUFGABENBEREICH AUS: Gestalte die Zukunft: Entwickle und implementiere innovative Lösungen mit Retrieval-Augmented Generation (RAG) und Large Language Models (LLMs) für die Steuerwelt. Verbinde Daten mit Intelligenz: Entwickle Pipelines zur Datenaufbereitung, -extraktion, -transformation und -integration und optimiere Schnittstellen zwischen Datenquellen und LLMs. Baue effiziente Retrieval-Mechanismen: Setze Vektordatenbanken ein, um aktuelle und kundenindividuelle Daten für unser…",2025-04-29T07:59:53Z,0,"{'__CLASS__': 'Adzuna::API::Response::Category', 'label': 'Unknown', 'tag': 'unknown'}",Senior AI / Data Science Engineer (m/w/d,52.33812,Adzuna::API::Response::Job,full_time,,,
5211440947,"{'__CLASS__': 'Adzuna::API::Response::Location', 'display_name': 'Neckarsulm, Heilbronn (Kreis)', 'area': ['Deutschland', 'Baden-Württemberg', 'Heilbronn (Kreis)', 'Neckarsulm']}","{'display_name': 'Kaufland', '__CLASS__': 'Adzuna::API::Response::Company'}",https://www.adzuna.de/details/5211440947?utm_medium=api&utm_source=a4bcf954,9.2274,eyJhbGciOiJIUzI1NiJ9.eyJpIjoiNTIxMTQ0MDk0NyIsInMiOiJicjNHOGVoRjhCR1UyNkh3ZENfN0VnIn0.AtVWZWl8RHmpkuYvXWk7q7Rh7gtqlUji3R280unEb-k,"Praxis mit Theorie verbinden? Check! Erstes eigenes Geld verdienen? Check! Beste Übernahmechancen? Check! Dann bist du hier richtig! Als dualer Student bei Kaufland gehörst du von Beginn an zu einem starken Team und kannst zeigen, was in dir steckt. Werde auch du Teil von teamkaufland! Das erwartet dich bei uns Daten sind dein Ding? Perfekt! Du analysierst große Datenmengen, erkennst Muster im Kundenverhalten und lernst, wie man daraus echten Mehrwert für unser Marketing schafft. Vielseitige Ei…",2025-05-22T21:10:23Z,0,"{'__CLASS__': 'Adzuna::API::Response::Category', 'label': 'Lehrberufe', 'tag': 'teaching-jobs'}",Duales Studium Wirtschaftsinformatik - Data Science (B.Sc.) 2026,49.18975,Adzuna::API::Response::Job,,,,19800.0
5239851761,"{'area': ['Deutschland', 'Baden-Württemberg', 'Heilbronn (Kreis)', 'Neckarsulm'], 'display_name': 'Neckarsulm, Heilbronn (Kreis)', '__CLASS__': 'Adzuna::API::Response::Location'}","{'display_name': 'Lidl Stiftung', '__CLASS__': 'Adzuna::API::Response::Company'}",https://www.adzuna.de/details/5239851761?utm_medium=api&utm_source=a4bcf954,9.2274,eyJhbGciOiJIUzI1NiJ9.eyJpIjoiNTIzOTg1MTc2MSIsInMiOiJicjNHOGVoRjhCR1UyNkh3ZENfN0VnIn0.xmqIF8KhnPbItGOs2XHxu9UMJT8t0JMAHyu3l9sbOxc,"Einleitung Eine gute Idee war der Ursprung, ein erfolgreiches Konzept ist das Ergebnis. Qualität zum guten Preis möglichst vielen Menschen anbieten zu können treibt uns an - mittlerweile weltweit, denn wir sind Lidl. Hier ist das berufliche Zuhause vielfältiger Talente. Ob im Einkauf, in der Logistik, im Warengeschäft oder in der IT; ob als Impulsgeber, Gestalter oder Dienstleister der Länder. Wir suchen Anpacker, Durchstarter, Möglichmacher und bieten spannende Aufgaben und Projekte in einem d…",2025-06-08T09:33:17Z,0,"{'label': 'Unknown', 'tag': 'unknown', '__CLASS__': 'Adzuna::API::Response::Category'}",Duales Studium Data Science und KI - Smart Operations Management,49.18975,Adzuna::API::Response::Job,full_time,,,
5207699880,"{'__CLASS__': 'Adzuna::API::Response::Location', 'area': ['Deutschland', 'Hessen', 'Wetteraukreis', 'Bad Vilbel'], 'display_name': 'Bad Vilbel, Wetteraukreis'}","{'__CLASS__': 'Adzuna::API::Response::Company', 'display_name': 'STADA Arzneimittel AG'}",https://www.adzuna.de/land/ad/5207699880?se=br3G8ehF8BGU26HwdC_7Eg&utm_medium=api&utm_source=a4bcf954&v=0A3157BFD7D23E763321A846B4C96579F4A59469,8.73553,eyJhbGciOiJIUzI1NiJ9.eyJpIjoiNTIwNzY5OTg4MCIsInMiOiJicjNHOGVoRjhCR1UyNkh3ZENfN0VnIn0.ZoMkPABij_ut0KypTn_fj43ZPDbsOKyIRQ0o3Osa2N8,"„Caring for People's Health as a Trusted Partner“ – Dieser Auftrag motiviert uns bei STADA jeden Tag aufs Neue, die Gesundheit der Menschen weltweit zu verbessern. Mit unserem umfassenden Angebot an Generika, Consumer Health Produkten und Spezialpharmazeutika bieten wir Patienten, Ärzten und Apothekern eine breite Palette an Therapieoptionen. Rund 13.000 Mitarbeiterinnen und Mitarbeiter leben unsere Werte Integrity, Entrepreneurship, Agility und One STADA. Gemeinsam befinden wir uns auf einer s…",2025-05-20T19:36:50Z,0,"{'__CLASS__': 'Adzuna::API::Response::Category', 'label': 'Unknown', 'tag': 'unknown'}",Duales Studium - BWL Schwerpunkt Wirtschaftsinformatik (B.A.),50.17809,Adzuna::API::Response::Job,,,,
5112772126,"{'display_name': 'Deutschland', 'area': ['Deutschland'], '__CLASS__': 'Adzuna::API::Response::Location'}","{'display_name': '50Hertz Transmission GmbH', '__CLASS__': 'Adzuna::API::Response::Company'}",https://www.adzuna.de/land/ad/5112772126?se=br3G8ehF8BGU26HwdC_7Eg&utm_medium=api&utm_source=a4bcf954&v=4C313A2C4BD616AC02F622137E81CDA703983AA6,,eyJhbGciOiJIUzI1NiJ9.eyJzIjoiYnIzRzhlaEY4QkdVMjZId2RDXzdFZyIsImkiOiI1MTEyNzcyMTI2In0.aHJkwtNnOzy0a9fLB20zj75UgvqE7A1rEVBd7c9yje8,"Gestalte mit uns die Next Generation Datenarchitekturen und entwickle Netzmodelle für eine erfolgreiche digitale Energiewende! Das macht diesen Job für dich interessant: Hast du Lust Teil der Energiewende zu sein, mit uns die digitale Zukunft der Übertagungsnetzbetreiber zu gestalten und das Next Generation Control Center Ecosystem (Modular Control Center System) zu entwickeln? Dann übernimm die Verantwortung als Data Architect (Digitization System Operation) und entwickle Datenarchitekturen un…",2025-03-27T00:19:13Z,0,"{'tag': 'it-jobs', 'label': 'IT-Stellen', '__CLASS__': 'Adzuna::API::Response::Category'}",Ingenieur Regenerative Energien als Data Architect Power Grid (m/w/d),,Adzuna::API::Response::Job,full_time,,,
5081789349,"{'__CLASS__': 'Adzuna::API::Response::Location', 'display_name': 'Berlin, Deutschland', 'area': ['Deutschland', 'Berlin']}","{'__CLASS__': 'Adzuna::API::Response::Company', 'display_name': '50Hertz Transmission GmbH'}",https://www.adzuna.de/land/ad/5081789349?se=br3G8ehF8BGU26HwdC_7Eg&utm_medium=api&utm_source=a4bcf954&v=BAE1AF7E7851B8EA40168A1ACCB1796EDA0F0B0D,13.420806,eyJhbGciOiJIUzI1NiJ9.eyJzIjoiYnIzRzhlaEY4QkdVMjZId2RDXzdFZyIsImkiOiI1MDgxNzg5MzQ5In0.Vg3Zx_XFxB4M-Um9osPV7b-sejjLpmQC4d2ONEZ1T4U,"Gestalte mit uns die Next Generation Datenarchitekturen und entwickle Netzmodelle für eine erfolgreiche digitale Energiewende! Das macht diesen Job für dich interessant: Hast du Lust Teil der Energiewende zu sein, mit uns die digitale Zukunft der Übertagungsnetzbetreiber zu gestalten und das Next Generation Control Center Ecosystem (Modular Control Center System) zu entwickeln? Dann übernimm die Verantwortung als Data Architect (Digitization System Operation) und entwickle Datenarchitekturen un…",2025-03-07T22:40:51Z,0,"{'label': 'IT-Stellen', 'tag': 'it-jobs', '__CLASS__': 'Adzuna::API::Response::Category'}",Data Architect (Digitization System Operation / Power Grid) (m/w/d),52.507706,Adzuna::API::Response::Job,full_time,,,
5112772186,"{'area': ['Deutschland', 'Berlin'], 'display_name': 'Berlin, Deutschland', '__CLASS__': 'Adzuna::API::Response::Location'}","{'display_name': '50Hertz Transmission GmbH', '__CLASS__': 'Adzuna::API::Response::Company'}",https://www.adzuna.de/land/ad/5112772186?se=br3G8ehF8BGU26HwdC_7Eg&utm_medium=api&utm_source=a4bcf954&v=0A853533C163B4872F6AE47FC6DA546AEC77723A,13.420806,eyJhbGciOiJIUzI1NiJ9.eyJpIjoiNTExMjc3MjE4NiIsInMiOiJicjNHOGVoRjhCR1UyNkh3ZENfN0VnIn0.RWUhKvnAaOIyTp7hirgJb6AscH9RPZgqsWzuDST66uE,"Gestalte mit uns die Next Generation Datenarchitekturen und entwickle Netzmodelle für eine erfolgreiche digitale Energiewende! Das macht diesen Job für dich interessant: Hast du Lust Teil der Energiewende zu sein, mit uns die digitale Zukunft der Übertagungsnetzbetreiber zu gestalten und das Next Generation Control Center Ecosystem (Modular Control Center System) zu entwickeln? Dann übernimm die Verantwortung als Data Architect (Digitization System Operation) und entwickle Datenarchitekturen un…",2025-03-27T00:19:14Z,0,"{'__CLASS__': 'Adzuna::API::Response::Category', 'label': 'IT-Stellen', 'tag': 'it-jobs'}",Elektroingenieurin als Data Architect Digitization System Operation (m/w/d),52.507706,Adzuna::API::Response::Job,full_time,,,
5112772146,"{'display_name': 'Berlin, Deutschland', 'area': ['Deutschland', 'Berlin'], '__CLASS__': 'Adzuna::API::Response::Location'}","{'display_name': '50Hertz Transmission GmbH', '__CLASS__': 'Adzuna::API::Response::Company'}",https://www.adzuna.de/land/ad/5112772146?se=br3G8ehF8BGU26HwdC_7Eg&utm_medium=api&utm_source=a4bcf954&v=B3B81DC25F6FF1F94526A16082958B63ACC4B19E,13.420806,eyJhbGciOiJIUzI1NiJ9.eyJpIjoiNTExMjc3MjE0NiIsInMiOiJicjNHOGVoRjhCR1UyNkh3ZENfN0VnIn0.MWt6V34I4s4mSIZaNa4uhtqyGdKk8jeh_kuhH3Ws0Vc,"Gestalte mit uns die Next Generation Datenarchitekturen und entwickle Netzmodelle für eine erfolgreiche digitale Energiewende! Das macht diesen Job für dich interessant: Hast du Lust Teil der Energiewende zu sein, mit uns die digitale Zukunft der Übertagungsnetzbetreiber zu gestalten und das Next Generation Control Center Ecosystem (Modular Control Center System) zu entwickeln? Dann übernimm die Verantwortung als Data Architect (Digitization System Operation) und entwickle Datenarchitekturen un…",2025-03-27T00:19:13Z,0,"{'label': 'IT-Stellen', 'tag': 'it-jobs', '__CLASS__': 'Adzuna::API::Response::Category'}",Physiker als Data Architect Digitization System Operation (m/w/d),52.507706,Adzuna::API::Response::Job,full_time,,,
5112772133,"{'area': ['Deutschland', 'Berlin'], 'display_name': 'Berlin, Deutschland', '__CLASS__': 'Adzuna::API::Response::Location'}","{'display_name': '50Hertz Transmission GmbH', '__CLASS__': 'Adzuna::API::Response::Company'}",https://www.adzuna.de/land/ad/5112772133?se=br3G8ehF8BGU26HwdC_7Eg&utm_medium=api&utm_source=a4bcf954&v=26C6BE484A22E8039645D85B4066D6291FDEF3FA,13.420806,eyJhbGciOiJIUzI1NiJ9.eyJpIjoiNTExMjc3MjEzMyIsInMiOiJicjNHOGVoRjhCR1UyNkh3ZENfN0VnIn0._VPVSt4vqafLS2wOXgI-AMIkzQKbDiaEDtk9ilCtNHk,"Gestalte mit uns die Next Generation Datenarchitekturen und entwickle Netzmodelle für eine erfolgreiche digitale Energiewende! Das macht diesen Job für dich interessant: Hast du Lust Teil der Energiewende zu sein, mit uns die digitale Zukunft der Übertagungsnetzbetreiber zu gestalten und das Next Generation Control Center Ecosystem (Modular Control Center System) zu entwickeln? Dann übernimm die Verantwortung als Data Architect (Digitization System Operation) und entwickle Datenarchitekturen un…",2025-03-27T00:19:13Z,0,"{'tag': 'it-jobs', 'label': 'IT-Stellen', '__CLASS__': 'Adzuna::API::Response::Category'}",Ingenieur Regenerative Energien als Data Architect Power Grid (m/w/d),52.507706,Adzuna::API::Response::Job,full_time,,,
5081789348,"{'__CLASS__': 'Adzuna::API::Response::Location', 'display_name': 'Deutschland', 'area': ['Deutschland']}","{'display_name': '50Hertz Transmission GmbH', '__CLASS__': 'Adzuna::API::Response::Company'}",https://www.adzuna.de/land/ad/5081789348?se=br3G8ehF8BGU26HwdC_7Eg&utm_medium=api&utm_source=a4bcf954&v=4E418D0CFE11F2E03D2DE6868096568F82583628,,eyJhbGciOiJIUzI1NiJ9.eyJpIjoiNTA4MTc4OTM0OCIsInMiOiJicjNHOGVoRjhCR1UyNkh3ZENfN0VnIn0.z0mpjPx4ZQTq0eooJdKs8HTryIb2yO7FPX8EvQ53sh0,"Gestalte mit uns die Next Generation Datenarchitekturen und entwickle Netzmodelle für eine erfolgreiche digitale Energiewende! Das macht diesen Job für dich interessant: Hast du Lust Teil der Energiewende zu sein, mit uns die digitale Zukunft der Übertagungsnetzbetreiber zu gestalten und das Next Generation Control Center Ecosystem (Modular Control Center System) zu entwickeln? Dann übernimm die Verantwortung als Data Architect (Digitization System Operation) und entwickle Datenarchitekturen un…",2025-03-07T22:40:51Z,0,"{'tag': 'it-jobs', 'label': 'IT-Stellen', '__CLASS__': 'Adzuna::API::Response::Category'}",Data Architect (Digitization System Operation / Power Grid) (m/w/d),,Adzuna::API::Response::Job,full_time,,,
5112772483,"{'__CLASS__': 'Adzuna::API::Response::Location', 'area': ['Deutschland'], 'display_name': 'Deutschland'}","{'__CLASS__': 'Adzuna::API::Response::Company', 'display_name': '50Hertz Transmission GmbH'}",https://www.adzuna.de/land/ad/5112772483?se=br3G8ehF8BGU26HwdC_7Eg&utm_medium=api&utm_source=a4bcf954&v=1967EF293FB30415233C0825B44E3DA78B378AA2,,eyJhbGciOiJIUzI1NiJ9.eyJzIjoiYnIzRzhlaEY4QkdVMjZId2RDXzdFZyIsImkiOiI1MTEyNzcyNDgzIn0.cGopG675uVPG3r-T8axqohJfTuGP_yEQjke3wvuR_nY,"Gestalte mit uns die Next Generation Datenarchitekturen und entwickle Netzmodelle für eine erfolgreiche digitale Energiewende! Das macht diesen Job für dich interessant: Hast du Lust Teil der Energiewende zu sein, mit uns die digitale Zukunft der Übertagungsnetzbetreiber zu gestalten und das Next Generation Control Center Ecosystem (Modular Control Center System) zu entwickeln? Dann übernimm die Verantwortung als Data Architect (Digitization System Operation) und entwickle Datenarchitekturen un…",2025-03-27T00:19:17Z,0,"{'__CLASS__': 'Adzuna::API::Response::Category', 'tag': 'it-jobs', 'label': 'IT-Stellen'}",Wirtschaftsinformatiker als Data Architect Energiewende (m/w/d),,Adzuna::API::Response::Job,full_time,,,
5112772485,"{'__CLASS__': 'Adzuna::API::Response::Location', 'display_name': 'Deutschland', 'area': ['Deutschland']}","{'__CLASS__': 'Adzuna::API::Response::Company', 'display_name': '50Hertz Transmission GmbH'}",https://www.adzuna.de/land/ad/5112772485?se=br3G8ehF8BGU26HwdC_7Eg&utm_medium=api&utm_source=a4bcf954&v=002AA94A47C064ECA5A11729A8C8B95DD0066FCD,,eyJhbGciOiJIUzI1NiJ9.eyJpIjoiNTExMjc3MjQ4NSIsInMiOiJicjNHOGVoRjhCR1UyNkh3ZENfN0VnIn0.LpR0riwt_usmms1kWIeNuEkhZY6PU8nS6xgXYNqyZfQ,"Gestalte mit uns die Next Generation Datenarchitekturen und entwickle Netzmodelle für eine erfolgreiche digitale Energiewende! Das macht diesen Job für dich interessant: Hast du Lust Teil der Energiewende zu sein, mit uns die digitale Zukunft der Übertagungsnetzbetreiber zu gestalten und das Next Generation Control Center Ecosystem (Modular Control Center System) zu entwickeln? Dann übernimm die Verantwortung als Data Architect (Digitization System Operation) und entwickle Datenarchitekturen un…",2025-03-27T00:19:17Z,0,"{'label': 'IT-Stellen', 'tag': 'it-jobs', '__CLASS__': 'Adzuna::API::Response::Category'}",Informatikerin als Data Architect Power Grid / Energiewende (m/w/d),,Adzuna::API::Response::Job,full_time,,,
5112772487,"{'display_name': 'Berlin, Deutschland', 'area': ['Deutschland', 'Berlin'], '__CLASS__': 'Adzuna::API::Response::Location'}","{'__CLASS__': 'Adzuna::API::Response::Company', 'display_name': '50Hertz Transmission GmbH'}",https://www.adzuna.de/land/ad/5112772487?se=br3G8ehF8BGU26HwdC_7Eg&utm_medium=api&utm_source=a4bcf954&v=5130AC7AF5F5454CD240CB714DB99AB481A4ABDF,13.420806,eyJhbGciOiJIUzI1NiJ9.eyJpIjoiNTExMjc3MjQ4NyIsInMiOiJicjNHOGVoRjhCR1UyNkh3ZENfN0VnIn0.i5ejG9rUMvY3j-gVwfHhtDNuiZM82zRbRDsWtbc2sxs,"Gestalte mit uns die Next Generation Datenarchitekturen und entwickle Netzmodelle für eine erfolgreiche digitale Energiewende! Das macht diesen Job für dich interessant: Hast du Lust Teil der Energiewende zu sein, mit uns die digitale Zukunft der Übertagungsnetzbetreiber zu gestalten und das Next Generation Control Center Ecosystem (Modular Control Center System) zu entwickeln? Dann übernimm die Verantwortung als Data Architect (Digitization System Operation) und entwickle Datenarchitekturen un…",2025-03-27T00:19:17Z,0,"{'tag': 'it-jobs', 'label': 'IT-Stellen', '__CLASS__': 'Adzuna::API::Response::Category'}",Informatikerin als Data Architect Power Grid / Energiewende (m/w/d),52.507706,Adzuna::API::Response::Job,full_time,,,
5112772484,"{'__CLASS__': 'Adzuna::API::Response::Location', 'display_name': 'Berlin, Deutschland', 'area': ['Deutschland', 'Berlin']}","{'__CLASS__': 'Adzuna::API::Response::Company', 'display_name': '50Hertz Transmission GmbH'}",https://www.adzuna.de/land/ad/5112772484?se=br3G8ehF8BGU26HwdC_7Eg&utm_medium=api&utm_source=a4bcf954&v=4C9A7012F788CDD566D32AB23A25D0C9AF81E1E9,13.420806,eyJhbGciOiJIUzI1NiJ9.eyJzIjoiYnIzRzhlaEY4QkdVMjZId2RDXzdFZyIsImkiOiI1MTEyNzcyNDg0In0.Nf-cSTHCuZi66a7Jv7bn2edD7ibx2eJkiSyd83d66Lg,"Gestalte mit uns die Next Generation Datenarchitekturen und entwickle Netzmodelle für eine erfolgreiche digitale Energiewende! Das macht diesen Job für dich interessant: Hast du Lust Teil der Energiewende zu sein, mit uns die digitale Zukunft der Übertagungsnetzbetreiber zu gestalten und das Next Generation Control Center Ecosystem (Modular Control Center System) zu entwickeln? Dann übernimm die Verantwortung als Data Architect (Digitization System Operation) und entwickle Datenarchitekturen un…",2025-03-27T00:19:17Z,0,"{'tag': 'it-jobs', 'label': 'IT-Stellen', '__CLASS__': 'Adzuna::API::Response::Category'}",Wirtschaftsinformatiker als Data Architect Energiewende (m/w/d),52.507706,Adzuna::API::Response::Job,full_time,,,
5112772170,"{'display_name': 'Deutschland', 'area': ['Deutschland'], '__CLASS__': 'Adzuna::API::Response::Location'}","{'__CLASS__': 'Adzuna::API::Response::Company', 'display_name': '50Hertz Transmission GmbH'}",https://www.adzuna.de/land/ad/5112772170?se=br3G8ehF8BGU26HwdC_7Eg&utm_medium=api&utm_source=a4bcf954&v=2236D919669185C029375390ABAD8BB65111A9D9,,eyJhbGciOiJIUzI1NiJ9.eyJzIjoiYnIzRzhlaEY4QkdVMjZId2RDXzdFZyIsImkiOiI1MTEyNzcyMTcwIn0.jZDTcEvIqbCd4xHr9WryIcPo8UaltCijrr9IdgDSfYA,"Gestalte mit uns die Next Generation Datenarchitekturen und entwickle Netzmodelle für eine erfolgreiche digitale Energiewende! Das macht diesen Job für dich interessant: Hast du Lust Teil der Energiewende zu sein, mit uns die digitale Zukunft der Übertagungsnetzbetreiber zu gestalten und das Next Generation Control Center Ecosystem (Modular Control Center System) zu entwickeln? Dann übernimm die Verantwortung als Data Architect (Digitization System Operation) und entwickle Datenarchitekturen un…",2025-03-27T00:19:13Z,0,"{'__CLASS__': 'Adzuna::API::Response::Category', 'label': 'IT-Stellen', 'tag': 'it-jobs'}",Physiker als Data Architect Digitization System Operation (m/w/d),,Adzuna::API::Response::Job,full_time,,,
5112772165,"{'__CLASS__': 'Adzuna::API::Response::Location', 'area': ['Deutschland'], 'display_name': 'Deutschland'}","{'__CLASS__': 'Adzuna::API::Response::Company', 'display_name': '50Hertz Transmission GmbH'}",https://www.adzuna.de/land/ad/5112772165?se=br3G8ehF8BGU26HwdC_7Eg&utm_medium=api&utm_source=a4bcf954&v=3235E05C248F4A951F6B1095E2DD3FCCCC1FB57A,,eyJhbGciOiJIUzI1NiJ9.eyJpIjoiNTExMjc3MjE2NSIsInMiOiJicjNHOGVoRjhCR1UyNkh3ZENfN0VnIn0.R_2tCjAT6jkiGarXT38XVdoPkiAzN_mvBsuDgfqci1s,"Gestalte mit uns die Next Generation Datenarchitekturen und entwickle Netzmodelle für eine erfolgreiche digitale Energiewende! Das macht diesen Job für dich interessant: Hast du Lust Teil der Energiewende zu sein, mit uns die digitale Zukunft der Übertagungsnetzbetreiber zu gestalten und das Next Generation Control Center Ecosystem (Modular Control Center System) zu entwickeln? Dann übernimm die Verantwortung als Data Architect (Digitization System Operation) und entwickle Datenarchitekturen un…",2025-03-27T00:19:13Z,0,"{'label': 'IT-Stellen', 'tag': 'it-jobs', '__CLASS__': 'Adzuna::API::Response::Category'}",Elektroingenieurin als Data Architect Digitization System Operation (m/w/d),,Adzuna::API::Response::Job,full_time,,,
5112772166,"{'__CLASS__': 'Adzuna::API::Response::Location', 'area': ['Deutschland', 'Berlin'], 'display_name': 'Berlin, Deutschland'}","{'__CLASS__': 'Adzuna::API::Response::Company', 'display_name': '50Hertz Transmission GmbH'}",https://www.adzuna.de/land/ad/5112772166?se=br3G8ehF8BGU26HwdC_7Eg&utm_medium=api&utm_source=a4bcf954&v=215967FABFF49F8337B787F4FB32C461A4AA3834,13.420806,eyJhbGciOiJIUzI1NiJ9.eyJpIjoiNTExMjc3MjE2NiIsInMiOiJicjNHOGVoRjhCR1UyNkh3ZENfN0VnIn0.sWyEVC-2qFyuQWWyVfRNq2DAD940fjKzMnd56U6kBPg,"Gestalte mit uns die Next Generation Datenarchitekturen und entwickle Netzmodelle für eine erfolgreiche digitale Energiewende! Das macht diesen Job für dich interessant: Hast du Lust Teil der Energiewende zu sein, mit uns die digitale Zukunft der Übertagungsnetzbetreiber zu gestalten und das Next Generation Control Center Ecosystem (Modular Control Center System) zu entwickeln? Dann übernimm die Verantwortung als Data Architect (Digitization System Operation) und entwickle Datenarchitekturen un…",2025-03-27T00:19:13Z,0,"{'label': 'IT-Stellen', 'tag': 'it-jobs', '__CLASS__': 'Adzuna::API::Response::Category'}",Wirtschaftsingenieur als Data Architect Power Grid (m/w/d),52.507706,Adzuna::API::Response::Job,full_time,,,
5112772486,"{'__CLASS__': 'Adzuna::API::Response::Location', 'display_name': 'Deutschland', 'area': ['Deutschland']}","{'display_name': '50Hertz Transmission GmbH', '__CLASS__': 'Adzuna::API::Response::Company'}",https://www.adzuna.de/land/ad/5112772486?se=br3G8ehF8BGU26HwdC_7Eg&utm_medium=api&utm_source=a4bcf954&v=180A49BD4FA8534F1B3F8F18E612D6E552CB7C20,,eyJhbGciOiJIUzI1NiJ9.eyJzIjoiYnIzRzhlaEY4QkdVMjZId2RDXzdFZyIsImkiOiI1MTEyNzcyNDg2In0.QTu4cwMv4NHRcags3krFKpiNEpLyNyFubAlcYLztU6o,"Gestalte mit uns die Next Generation Datenarchitekturen und entwickle Netzmodelle für eine erfolgreiche digitale Energiewende! Das macht diesen Job für dich interessant: Hast du Lust Teil der Energiewende zu sein, mit uns die digitale Zukunft der Übertagungsnetzbetreiber zu gestalten und das Next Generation Control Center Ecosystem (Modular Control Center System) zu entwickeln? Dann übernimm die Verantwortung als Data Architect (Digitization System Operation) und entwickle Datenarchitekturen un…",2025-03-27T00:19:17Z,0,"{'tag': 'it-jobs', 'label': 'IT-Stellen', '__CLASS__': 'Adzuna::API::Response::Category'}",Wirtschaftsingenieur als Data Architect Power Grid (m/w/d),,Adzuna::API::Response::Job,full_time,,,
5211971728,"{'display_name': 'Deutschland', 'area': ['Deutschland'], '__CLASS__': 'Adzuna::API::Response::Location'}","{'__CLASS__': 'Adzuna::API::Response::Company', 'display_name': '50Hertz Transmission GmbH'}",https://www.adzuna.de/land/ad/5211971728?se=br3G8ehF8BGU26HwdC_7Eg&utm_medium=api&utm_source=a4bcf954&v=71CE5FB564729661463F5FD0FD826437D8F8D67A,,eyJhbGciOiJIUzI1NiJ9.eyJpIjoiNTIxMTk3MTcyOCIsInMiOiJicjNHOGVoRjhCR1UyNkh3ZENfN0VnIn0.TwfR7DtBp3YnX6g6_CwDK7wchitu5_jYk4T6N-Zc5H8,"Wir sind 50Hertz – einer der vier Übertragungs­netzbetreiber (ÜNB) in Deutschland. Zusammen mit dem belgischen Stromnetz­betreiber Elia (Brüssel) bilden wir die international tätige Elia Group. Bei 50Hertz arbeiten über 2.100 Menschen daran, dass Strom über große Entfernungen jederzeit zuverlässig, verlustarm und optimal gesteuert fließt. Als ÜNB übernehmen wir in gesell­schaftlicher, technischer und wirtschaftlicher Hinsicht eine zentrale Moderatoren­rolle bei der Verwirklichung der Energiewen…",2025-05-23T07:41:04Z,0,"{'__CLASS__': 'Adzuna::API::Response::Category', 'tag': 'unknown', 'label': 'Unknown'}",Data Architect (m/w/d) (Digitization System Operation / Power Grid),,Adzuna::API::Response::Job,,,,
5193325825,"{'display_name': 'Köln, Nordrhein-Westfalen', 'area': ['Deutschland', 'Nordrhein-Westfalen', 'Köln'], '__CLASS__': 'Adzuna::API::Response::Location'}","{'__CLASS__': 'Adzuna::API::Response::Company', 'display_name': 'REWE Group'}",https://www.adzuna.de/land/ad/5193325825?se=br3G8ehF8BGU26HwdC_7Eg&utm_medium=api&utm_source=a4bcf954&v=F580A3DD812907772933524D0041DF3260B579C1,6.969972,eyJhbGciOiJIUzI1NiJ9.eyJzIjoiYnIzRzhlaEY4QkdVMjZId2RDXzdFZyIsImkiOiI1MTkzMzI1ODI1In0.GIZw57Mlpgov4eVJdstDq3Ud7ZXXX3PZTR_UirkaIEg,"Aufgaben Profil Wir bieten Ort: 50933 Köln | Vertragsart: Voll-/Teilzeit, unbefristet | Job-ID: 902021 Was wir zusammen vorhaben: Datengetriebene HR-Arbeit ist kein Zukunftsthema – sie ist bei uns gelebte Realität. Unsere Mission ist es, HR strategisch mit Daten, Modellen und Tools zu stärken und Impulse für die gesamte REWE Group zu setzen. Als Head of HR Analytics, Planning & Tools bist du der zentrale Sparringspartner für unser Top-Management – mit Analysen, Simulationen und Reports, die wir…",2025-05-11T07:26:18Z,0,"{'__CLASS__': 'Adzuna::API::Response::Category', 'label': 'Beraterstellen', 'tag': 'consultancy-jobs'}","Head of HR Analytics, Planning & Tools (m/w/d)",50.940164,Adzuna::API::Response::Job,,,,
5221191490,"{'__CLASS__': 'Adzuna::API::Response::Location', 'area': ['Deutschland', 'Berlin'], 'display_name': 'Berlin, Deutschland'}","{'display_name': 'Arsipa GmbH', '__CLASS__': 'Adzuna::API::Response::Company'}",https://www.adzuna.de/land/ad/5221191490?se=br3G8ehF8BGU26HwdC_7Eg&utm_medium=api&utm_source=a4bcf954&v=95FD0641D53D5C70FEFA14149B3F4E256355B00A,13.420806,eyJhbGciOiJIUzI1NiJ9.eyJpIjoiNTIyMTE5MTQ5MCIsInMiOiJicjNHOGVoRjhCR1UyNkh3ZENfN0VnIn0.8po4CzuMebXu_92okt1ENFN6Fr6p8gLMevuxjcAgtlI,"Wir suchen einen (Senior) BI & Data Architect (w/m/d) für unsere wachsende Unternehmensgruppe in Berlin. Als (Senior) BI & Data Architect (w/m/d) gestaltest Du unsere BI-Architektur von Grund auf, entwickelst aussagekräftige Reporting- und Analyseprozesse für unser Finance- und Management-Team, visualisiert entscheidungsrelevante Daten und unterstützt unsere internen Stakeholder dabei, Daten und BI-Tools effektiv zu nutzen. Die Arsipa GmbH ist eine deutschlandweite Unternehmensgruppe in den Ber…",2025-05-29T07:53:49Z,0,"{'__CLASS__': 'Adzuna::API::Response::Category', 'tag': 'unknown', 'label': 'Unknown'}",(Senior) BI & Data Architect (w/m/d),52.507706,Adzuna::API::Response::Job,,,,
5231415188,"{'__CLASS__': 'Adzuna::API::Response::Location', 'area': ['Deutschland', 'Nordrhein-Westfalen', 'Köln'], 'display_name': 'Köln, Nordrhein-Westfalen'}","{'__CLASS__': 'Adzuna::API::Response::Company', 'display_name': 'datasolut GmbH'}",https://www.adzuna.de/land/ad/5231415188?se=br3G8ehF8BGU26HwdC_7Eg&utm_medium=api&utm_source=a4bcf954&v=3D2BC34D99F022FF4C2BABB013AC4EDCFE05E2AA,6.969972,eyJhbGciOiJIUzI1NiJ9.eyJpIjoiNTIzMTQxNTE4OCIsInMiOiJicjNHOGVoRjhCR1UyNkh3ZENfN0VnIn0.yqG44xTcxqIQTWIWG2L6bjb6LcFhitWSEBc1mUHvYEg,"Unser Team begleitet Kunden auf der gesamten Reise der KI-Transformation und entwickelt die besten Datenlösungen für Hidden Champions und Konzerne in Deutschland. Wir suchen Unterstützung im Bereich Data Engineering für den Aufbau moderner Cloud-Datenplattformen. Tätigkeiten Unterstützt unser Team insbesondere bei der Entwicklung, dem Betrieb und dem Monitoring von Datenpipelines und nutzt dabei Technologien wie SQL, Spark, Python und Databricks. Dabei wendest du Software Engineering Best Pract…",2025-06-03T23:02:56Z,0,"{'__CLASS__': 'Adzuna::API::Response::Category', 'tag': 'unknown', 'label': 'Unknown'}",Senior Data Engineer (m/w/d),50.940164,Adzuna::API::Response::Job,,,,
5222968878,"{'area': ['Deutschland', 'Hamburg'], 'display_name': 'Hamburg, Deutschland', '__CLASS__': 'Adzuna::API::Response::Location'}","{'display_name': 'Hays – Working for your tomorrow', '__CLASS__': 'Adzuna::API::Response::Company'}",https://www.adzuna.de/land/ad/5222968878?se=br3G8ehF8BGU26HwdC_7Eg&utm_medium=api&utm_source=a4bcf954&v=773D88ABBF424569AB3B28AE843D5D2F825BBE99,9.987297,eyJhbGciOiJIUzI1NiJ9.eyJpIjoiNTIyMjk2ODg3OCIsInMiOiJicjNHOGVoRjhCR1UyNkh3ZENfN0VnIn0.0dNKiEOBDBvaUM51EZ201SxWZAIfcYyRWiYPn9ek0-o,"Entdecken Sie mit Hays die moderne Art der Vermittlung im Sales & Marketing. Mit uns erhalten Sie die richtige Unterstützung für Ihren beruflichen Erfolg in Zusammenarbeit mit auf Ihre Branche spezialisierten Consultants. Dieses Know-how ermöglicht es uns, Sie individuell und passgenau bei der Planung Ihrer nächsten beruflichen Schritte zu unterstützen. Von der Auswahl der passenden Stelle bis zum ersten Arbeitstag und natürlich darüber hinaus. Registrieren Sie sich und profitieren Sie von span…",2025-05-30T07:48:30Z,0,"{'label': 'Vertriebsstellen', 'tag': 'sales-jobs', '__CLASS__': 'Adzuna::API::Response::Category'}",Business Development Manager Cloud-Services (m/w/d),53.557429,Adzuna::API::Response::Job,,,,
5209336904,"{'__CLASS__': 'Adzuna::API::Response::Location', 'area': ['Deutschland', 'Bayern', 'Augsburg (Kreis)', 'Augsburg'], 'display_name': 'Augsburg, Augsburg (Kreis)'}","{'__CLASS__': 'Adzuna::API::Response::Company', 'display_name': 'Studyflix GmbH'}",https://www.adzuna.de/land/ad/5209336904?se=br3G8ehF8BGU26HwdC_7Eg&utm_medium=api&utm_source=a4bcf954&v=FC6E059CF0C4AFDFA7FB1214C06F7F0BA247856F,10.89379,eyJhbGciOiJIUzI1NiJ9.eyJpIjoiNTIwOTMzNjkwNCIsInMiOiJicjNHOGVoRjhCR1UyNkh3ZENfN0VnIn0.iSmODdz7qKDI3qDn9LXMLoUYDxoNdm-lP8FkTuDyLb0,"Start ab August 2025 oder später ● Pflichtpraktikum / Praxissemester ● Dauer: mind. 3 Monate ● vergütet ● remote Studyflix ist mit über 6 Mio. Nutzern die größte kostenlose E-Learning- und Karriere-Plattform im DACH-Raum! Unsere Mission ist es, allen SchülerInnen und StudentInnen kostenlosen Zugang zu hochwertiger Bildung und zu den besten Jobs zu geben. Für unsere Unternehmenskunden sind wir der Game Changer im War for Talents. Du hast Lust bei uns durchzustarten und dich jeden Tag neuen Chall…",2025-05-21T19:41:50Z,0,"{'__CLASS__': 'Adzuna::API::Response::Category', 'label': 'Stellen aus Wissenschaft & Qualitätssicherung', 'tag': 'scientific-qa-jobs'}",Praktikum Data Analytics (m/w/d),48.357096,Adzuna::API::Response::Job,,,,
5232025866,"{'__CLASS__': 'Adzuna::API::Response::Location', 'display_name': 'Hamburg, Deutschland', 'area': ['Deutschland', 'Hamburg']}","{'display_name': 'Beiersdorf AG', '__CLASS__': 'Adzuna::API::Response::Company'}",https://www.adzuna.de/land/ad/5232025866?se=br3G8ehF8BGU26HwdC_7Eg&utm_medium=api&utm_source=a4bcf954&v=2B33A73A89C9DB0D9BF657D7DE6CCC031F248421,9.987297,eyJhbGciOiJIUzI1NiJ9.eyJpIjoiNTIzMjAyNTg2NiIsInMiOiJicjNHOGVoRjhCR1UyNkh3ZENfN0VnIn0.pOKpq30KndblIOy2hkCnm7wuS7k5Px0J0Eh0tz6GCeo,"Wir bei Beiersdorf möchten dazu beitragen, dass sich Menschen in ihrer Haut wohlfühlen - und unser Engagement geht weit über die Pflege der Haut hinaus. Seit 140 Jahren entwickeln wir innovative Haut- und Körperpflegeprodukte für bekannte Marken wie NIVEA, Eucerin, La Prairie, Hansaplast und Labello. Wir handeln nach unserem Purpose WE CARE BEYOND SKIN und übernehmen Verantwortung für unsere Verbraucher*innen, unsere Mitarbeitenden, die Umwelt und die Gesellschaft. Hinter jeder Marke, jedem Pro…",2025-06-04T08:10:08Z,0,"{'__CLASS__': 'Adzuna::API::Response::Category', 'tag': 'scientific-qa-jobs', 'label': 'Stellen aus Wissenschaft & Qualitätssicherung'}",Werkstudent Global Sales Analytics & Solutions (w/m/d),53.557429,Adzuna::API::Response::Job,,,,
5235124027,"{'area': ['Deutschland', 'Baden-Württemberg', 'Karlsruhe (Kreis)', 'Ettlingen'], 'display_name': 'Ettlingen, Karlsruhe (Kreis)', '__CLASS__': 'Adzuna::API::Response::Location'}","{'display_name': 'BRC Solar GmbH', '__CLASS__': 'Adzuna::API::Response::Company'}",https://www.adzuna.de/land/ad/5235124027?se=br3G8ehF8BGU26HwdC_7Eg&utm_medium=api&utm_source=a4bcf954&v=BD5BAACE16A25D2A04DBDB7761BDB8A8C8957AB8,8.40934,eyJhbGciOiJIUzI1NiJ9.eyJpIjoiNTIzNTEyNDAyNyIsInMiOiJicjNHOGVoRjhCR1UyNkh3ZENfN0VnIn0.DtsL6FCBkTkMH02roACpApIXbGJnQFDgZVJxOOzr3Zk,"Gestalte mit uns die Energiewende! Wir, die BRC Solar GmbH , sind ein 2018 gegründetes Unternehmen, das für smarte elektronische Lösungen im Bereich Photovoltaik steht. Als kreatives, fortschrittsorientiertes Team setzen wir auf persönlichen Umgang und Vertrauen. Wir mögen kurze Wege, bauen auf langfristiges Wachstum und leben eine offene Feedback-Kultur. Zusammen begeistern wir unsere Kunden und erreichen gemeinsam Erfolge. Dabei zählt das Engagement jedes Einzelnen. Verstärke uns als Software…",2025-06-05T21:22:03Z,0,"{'__CLASS__': 'Adzuna::API::Response::Category', 'tag': 'it-jobs', 'label': 'IT-Stellen'}",Softwareentwickler / Software-Engineer (m/w/d),48.943,Adzuna::API::Response::Job,,,,
5207702438,"{'__CLASS__': 'Adzuna::API::Response::Location', 'area': ['Deutschland', 'Baden-Württemberg', 'Karlsruhe (Kreis)', 'Karlsruhe'], 'display_name': 'Karlsruhe, Karlsruhe (Kreis)'}","{'__CLASS__': 'Adzuna::API::Response::Company', 'display_name': 'Städtisches Klinikum Karlsruhe gGmbH'}",https://www.adzuna.de/land/ad/5207702438?se=br3G8ehF8BGU26HwdC_7Eg&utm_medium=api&utm_source=a4bcf954&v=3A7042586A334F6185CF57D8DFF34250EDA1CE9B,8.412378,eyJhbGciOiJIUzI1NiJ9.eyJzIjoiYnIzRzhlaEY4QkdVMjZId2RDXzdFZyIsImkiOiI1MjA3NzAyNDM4In0.KomNTEp5sCIYQgOyVRb_rDEOfLJYu8y8UafZttBkRlc,Das Städtische Klinikum Karlsruhe ist das größte Krankenhaus in der Region Mittlerer Oberrhein. Es ist im Krankenhausbedarfsplan des Landes Baden-Württemberg als Haus der Maximalversorgung für die Region ausgewiesen und Lehrkrankenhaus der Universität Freiburg. Tag für Tag und rund um die Uhr stellen über 4.500 qualifizierte Mitarbeiter*innen die Versorgung der Patient*innen sicher. Im Geschäftsbereich Finanzcontrolling (Leitung: Andreas Schultze) suchen wir zum nächstmöglichen Zeitpunkt eine*n…,2025-05-20T19:38:13Z,0,"{'tag': 'scientific-qa-jobs', 'label': 'Stellen aus Wissenschaft & Qualitätssicherung', '__CLASS__': 'Adzuna::API::Response::Category'}",Werkstudent*in Datenanalyse & Reporting Krankenhauscontrolling,49.001249,Adzuna::API::Response::Job,,,,
5238136173,"{'display_name': 'Ostfildern, Esslingen (Kreis)', 'area': ['Deutschland', 'Baden-Württemberg', 'Esslingen (Kreis)', 'Ostfildern'], '__CLASS__': 'Adzuna::API::Response::Location'}","{'__CLASS__': 'Adzuna::API::Response::Company', 'display_name': 'DAT Deutsche Automobil Treuhand GmbH'}",https://www.adzuna.de/land/ad/5238136173?se=br3G8ehF8BGU26HwdC_7Eg&utm_medium=api&utm_source=a4bcf954&v=C6B625718E176B70C3641E002868318130C99480,9.24596,eyJhbGciOiJIUzI1NiJ9.eyJpIjoiNTIzODEzNjE3MyIsInMiOiJicjNHOGVoRjhCR1UyNkh3ZENfN0VnIn0.o-CMB9SMHUQURcXqd2KfAZ8YH4G42B3T9GR_WaftKYk,"Tagtäglich stellen wir unser Wissen bereit - stets aktuelle Daten und Informationen rund ums Auto. Wir arbeiten beispielsweise für faire, unabhängig ermittelte Gebrauchtwagen- und Reparaturpreise für alle. Dabei übernimmt jeder Einzelne gerne Verantwortung für seine Aufgaben und: Es macht uns großen Spaß, gemeinsam erfolgreich zu sein. Weltweit entwickeln 550 Mitdenker und Mitdenkerinnen aus 26 Nationen zukunftsweisende IT-Lösungen, die den digitalen Wandel voranbringen. Aufgaben ie sind für di…",2025-06-07T08:20:14Z,0,"{'label': 'Unknown', 'tag': 'unknown', '__CLASS__': 'Adzuna::API::Response::Category'}",BI-Spezialist mit Schwerpunkt Datenanalyse (m/w/d),48.72761,Adzuna::API::Response::Job,,,,
5242161668,"{'__CLASS__': 'Adzuna::API::Response::Location', 'display_name': 'Einbeck, Northeim (Kreis)', 'area': ['Deutschland', 'Niedersachsen', 'Northeim (Kreis)', 'Einbeck']}","{'__CLASS__': 'Adzuna::API::Response::Company', 'display_name': 'KWS Group'}",https://www.adzuna.de/land/ad/5242161668?se=br3G8ehF8BGU26HwdC_7Eg&utm_medium=api&utm_source=a4bcf954&v=77A4EC520DF707279685C6AF27202EF3AAECDA84,9.86732,eyJhbGciOiJIUzI1NiJ9.eyJzIjoiYnIzRzhlaEY4QkdVMjZId2RDXzdFZyIsImkiOiI1MjQyMTYxNjY4In0.6vcAGH-SfYT5egFSKg0G146H6LWISXezvN88TUpn1t4,"KWS is one of the world's leading plant breeding companies. Nearly 5,000 employees in more than 70 countries generated net sales of around €1.68 billion in the fiscal year 2023/2024. A company with a tradition of family ownership, KWS has operated independently for almost 170 years. It focuses on plant breeding and the production and sale of seed for sugarbeet, corn, cereals, vegetables, oilseed rape and sunflower. KWS uses leading-edge plant breeding methods to continuously improve yield for f…",2025-06-10T08:47:00Z,0,"{'__CLASS__': 'Adzuna::API::Response::Category', 'tag': 'consultancy-jobs', 'label': 'Beraterstellen'}",Group Lead (m/f/d) for Quantitative Genetics and Biostatistics,51.81648,Adzuna::API::Response::Job,,,,
5228435217,"{'__CLASS__': 'Adzuna::API::Response::Location', 'display_name': 'Nürnberg, Bayern', 'area': ['Deutschland', 'Bayern', 'Nürnberg']}","{'__CLASS__': 'Adzuna::API::Response::Company', 'display_name': 'BWI GmbH'}",https://www.adzuna.de/land/ad/5228435217?se=br3G8ehF8BGU26HwdC_7Eg&utm_medium=api&utm_source=a4bcf954&v=29A0A6DAB48FB4328D6FB0933AA6D799B40C0777,11.083642,eyJhbGciOiJIUzI1NiJ9.eyJpIjoiNTIyODQzNTIxNyIsInMiOiJicjNHOGVoRjhCR1UyNkh3ZENfN0VnIn0.4wesD0lulTXf2tZMlNnllB6i6qSE6iVJAloZ4_bUQaU,"Sorgen Sie gemeinsam mit uns für die digitale Zukunftsfähigkeit der Bundeswehr. Als primärer Digitalisierungspartner der Bundeswehr erbringen wir stabile, sichere und effiziente IT-Services im In- und Ausland, vom Grundbetrieb bis in den einsatznahen Bereich und tragen so zur kontinuierlichen Erhöhung der Führungs- und Einsatzfähigkeit der Bundeswehr bei. Mit über 7.700 Kolleg*innen betreiben und modernisieren wir eine der größten und komplexesten IT-Infrastrukturen in Deutschland. Wir suchen v…",2025-06-02T11:03:23Z,0,"{'tag': 'it-jobs', 'label': 'IT-Stellen', '__CLASS__': 'Adzuna::API::Response::Category'}",Senior DevOps Engineer (m/w/d),49.443967,Adzuna::API::Response::Job,full_time,,,
5228435212,"{'__CLASS__': 'Adzuna::API::Response::Location', 'display_name': 'Frankfurt am Main, Hessen', 'area': ['Deutschland', 'Hessen', 'Frankfurt am Main']}","{'display_name': 'BWI GmbH', '__CLASS__': 'Adzuna::API::Response::Company'}",https://www.adzuna.de/land/ad/5228435212?se=br3G8ehF8BGU26HwdC_7Eg&utm_medium=api&utm_source=a4bcf954&v=008A0BE221622A8C934E7188EB8F8C07CDE2DFC1,,eyJhbGciOiJIUzI1NiJ9.eyJzIjoiYnIzRzhlaEY4QkdVMjZId2RDXzdFZyIsImkiOiI1MjI4NDM1MjEyIn0.nu_wTJ1bCAxnOOhzWYtbUx1sRe2FMgBk2G8yAgRAzYI,"Sorgen Sie gemeinsam mit uns für die digitale Zukunftsfähigkeit der Bundeswehr. Als primärer Digitalisierungspartner der Bundeswehr erbringen wir stabile, sichere und effiziente IT-Services im In- und Ausland, vom Grundbetrieb bis in den einsatznahen Bereich und tragen so zur kontinuierlichen Erhöhung der Führungs- und Einsatzfähigkeit der Bundeswehr bei. Mit über 7.700 Kolleg*innen betreiben und modernisieren wir eine der größten und komplexesten IT-Infrastrukturen in Deutschland. Wir suchen v…",2025-06-02T11:03:22Z,0,"{'tag': 'it-jobs', 'label': 'IT-Stellen', '__CLASS__': 'Adzuna::API::Response::Category'}",Senior DevOps Engineer (m/w/d),,Adzuna::API::Response::Job,full_time,,,
5228435205,"{'display_name': 'Leipzig, Leipzig (Kreis)', 'area': ['Deutschland', 'Sachsen', 'Leipzig (Kreis)', 'Leipzig'], '__CLASS__': 'Adzuna::API::Response::Location'}","{'__CLASS__': 'Adzuna::API::Response::Company', 'display_name': 'BWI GmbH'}",https://www.adzuna.de/land/ad/5228435205?se=br3G8ehF8BGU26HwdC_7Eg&utm_medium=api&utm_source=a4bcf954&v=386B3BFE94AEEEADCC492B88F6447272B458D22A,12.373598,eyJhbGciOiJIUzI1NiJ9.eyJzIjoiYnIzRzhlaEY4QkdVMjZId2RDXzdFZyIsImkiOiI1MjI4NDM1MjA1In0.y92kM62SEx3583wVBs8f3uqMc4kgcFlxaHzDQozkXg4,"Sorgen Sie gemeinsam mit uns für die digitale Zukunftsfähigkeit der Bundeswehr. Als primärer Digitalisierungspartner der Bundeswehr erbringen wir stabile, sichere und effiziente IT-Services im In- und Ausland, vom Grundbetrieb bis in den einsatznahen Bereich und tragen so zur kontinuierlichen Erhöhung der Führungs- und Einsatzfähigkeit der Bundeswehr bei. Mit über 7.700 Kolleg*innen betreiben und modernisieren wir eine der größten und komplexesten IT-Infrastrukturen in Deutschland. Wir suchen v…",2025-06-02T11:03:21Z,0,"{'label': 'IT-Stellen', 'tag': 'it-jobs', '__CLASS__': 'Adzuna::API::Response::Category'}",Senior DevOps Engineer (m/w/d),51.339254,Adzuna::API::Response::Job,full_time,,,
5228435218,"{'__CLASS__': 'Adzuna::API::Response::Location', 'area': ['Deutschland', 'Baden-Württemberg', 'Ulm'], 'display_name': 'Ulm, Baden-Württemberg'}","{'__CLASS__': 'Adzuna::API::Response::Company', 'display_name': 'BWI GmbH'}",https://www.adzuna.de/land/ad/5228435218?se=br3G8ehF8BGU26HwdC_7Eg&utm_medium=api&utm_source=a4bcf954&v=C705EFBF72AEBF3EAD509E12D10E81427927E972,9.856945,eyJhbGciOiJIUzI1NiJ9.eyJzIjoiYnIzRzhlaEY4QkdVMjZId2RDXzdFZyIsImkiOiI1MjI4NDM1MjE4In0.2Z7LOmzt4hJ3OzpcBG1I5g7r952TQwwib4JYi8yJEFs,"Sorgen Sie gemeinsam mit uns für die digitale Zukunftsfähigkeit der Bundeswehr. Als primärer Digitalisierungspartner der Bundeswehr erbringen wir stabile, sichere und effiziente IT-Services im In- und Ausland, vom Grundbetrieb bis in den einsatznahen Bereich und tragen so zur kontinuierlichen Erhöhung der Führungs- und Einsatzfähigkeit der Bundeswehr bei. Mit über 7.700 Kolleg*innen betreiben und modernisieren wir eine der größten und komplexesten IT-Infrastrukturen in Deutschland. Wir suchen v…",2025-06-02T11:03:23Z,0,"{'tag': 'it-jobs', 'label': 'IT-Stellen', '__CLASS__': 'Adzuna::API::Response::Category'}",Senior DevOps Engineer (m/w/d),48.383137,Adzuna::API::Response::Job,full_time,,,
5228435211,"{'__CLASS__': 'Adzuna::API::Response::Location', 'area': ['Deutschland', 'Berlin'], 'display_name': 'Berlin, Deutschland'}","{'display_name': 'BWI GmbH', '__CLASS__': 'Adzuna::API::Response::Company'}",https://www.adzuna.de/land/ad/5228435211?se=TKAi8-hF8BGU26HwdC_7Eg&utm_medium=api&utm_source=a4bcf954&v=F74E277A8A794753A484B8DE36C5BA949EB37A9B,13.420806,eyJhbGciOiJIUzI1NiJ9.eyJzIjoiVEtBaTgtaEY4QkdVMjZId2RDXzdFZyIsImkiOiI1MjI4NDM1MjExIn0.O2AMawDa-gfh3ypxhYPMw18ZE2J_sVLHSwNyEtUIlec,"Sorgen Sie gemeinsam mit uns für die digitale Zukunftsfähigkeit der Bundeswehr. Als primärer Digitalisierungspartner der Bundeswehr erbringen wir stabile, sichere und effiziente IT-Services im In- und Ausland, vom Grundbetrieb bis in den einsatznahen Bereich und tragen so zur kontinuierlichen Erhöhung der Führungs- und Einsatzfähigkeit der Bundeswehr bei. Mit über 7.700 Kolleg*innen betreiben und modernisieren wir eine der größten und komplexesten IT-Infrastrukturen in Deutschland. Wir suchen v…",2025-06-02T11:03:22Z,0,"{'tag': 'it-jobs', 'label': 'IT-Stellen', '__CLASS__': 'Adzuna::API::Response::Category'}",Senior DevOps Engineer (m/w/d),52.507706,Adzuna::API::Response::Job,full_time,,,
5228435225,"{'__CLASS__': 'Adzuna::API::Response::Location', 'area': ['Deutschland', 'Hamburg'], 'display_name': 'Hamburg, Deutschland'}","{'display_name': 'BWI GmbH', '__CLASS__': 'Adzuna::API::Response::Company'}",https://www.adzuna.de/land/ad/5228435225?se=TKAi8-hF8BGU26HwdC_7Eg&utm_medium=api&utm_source=a4bcf954&v=ECFE9B8DC6CCA33461282D0F838A1C25F0268F40,9.987297,eyJhbGciOiJIUzI1NiJ9.eyJzIjoiVEtBaTgtaEY4QkdVMjZId2RDXzdFZyIsImkiOiI1MjI4NDM1MjI1In0.1NFmNrPuDZM7nmTV4Sbp4tVPDi3HY1AZWgFCdTnMUeQ,"Sorgen Sie gemeinsam mit uns für die digitale Zukunftsfähigkeit der Bundeswehr. Als primärer Digitalisierungspartner der Bundeswehr erbringen wir stabile, sichere und effiziente IT-Services im In- und Ausland, vom Grundbetrieb bis in den einsatznahen Bereich und tragen so zur kontinuierlichen Erhöhung der Führungs- und Einsatzfähigkeit der Bundeswehr bei. Mit über 7.700 Kolleg*innen betreiben und modernisieren wir eine der größten und komplexesten IT-Infrastrukturen in Deutschland. Wir suchen v…",2025-06-02T11:03:23Z,0,"{'label': 'IT-Stellen', 'tag': 'it-jobs', '__CLASS__': 'Adzuna::API::Response::Category'}",Senior DevOps Engineer (m/w/d),53.557429,Adzuna::API::Response::Job,full_time,,,
5228435240,"{'display_name': 'München, München (Kreis)', 'area': ['Deutschland', 'Bayern', 'München (Kreis)', 'München'], '__CLASS__': 'Adzuna::API::Response::Location'}","{'display_name': 'BWI GmbH', '__CLASS__': 'Adzuna::API::Response::Company'}",https://www.adzuna.de/land/ad/5228435240?se=TKAi8-hF8BGU26HwdC_7Eg&utm_medium=api&utm_source=a4bcf954&v=B8E07837CD9BEA416274C97E23BED3772A15E065,11.555737,eyJhbGciOiJIUzI1NiJ9.eyJzIjoiVEtBaTgtaEY4QkdVMjZId2RDXzdFZyIsImkiOiI1MjI4NDM1MjQwIn0.mOAn0lNa8Oaj0cT_GMRPLtjNlgehuu1lb9OneupBhJ4,"Sorgen Sie gemeinsam mit uns für die digitale Zukunftsfähigkeit der Bundeswehr. Als primärer Digitalisierungspartner der Bundeswehr erbringen wir stabile, sichere und effiziente IT-Services im In- und Ausland, vom Grundbetrieb bis in den einsatznahen Bereich und tragen so zur kontinuierlichen Erhöhung der Führungs- und Einsatzfähigkeit der Bundeswehr bei. Mit über 7.700 Kolleg*innen betreiben und modernisieren wir eine der größten und komplexesten IT-Infrastrukturen in Deutschland. Wir suchen v…",2025-06-02T11:03:25Z,0,"{'tag': 'it-jobs', 'label': 'IT-Stellen', '__CLASS__': 'Adzuna::API::Response::Category'}",Senior DevOps Engineer (m/w/d),48.137418,Adzuna::API::Response::Job,full_time,,,
5228435227,"{'__CLASS__': 'Adzuna::API::Response::Location', 'display_name': 'Bonn, Nordrhein-Westfalen', 'area': ['Deutschland', 'Nordrhein-Westfalen', 'Bonn']}","{'display_name': 'BWI GmbH', '__CLASS__': 'Adzuna::API::Response::Company'}",https://www.adzuna.de/land/ad/5228435227?se=TKAi8-hF8BGU26HwdC_7Eg&utm_medium=api&utm_source=a4bcf954&v=05F2C5E8A8DD2CD681041843732B33008784F452,7.112412,eyJhbGciOiJIUzI1NiJ9.eyJzIjoiVEtBaTgtaEY4QkdVMjZId2RDXzdFZyIsImkiOiI1MjI4NDM1MjI3In0.nnzJ2wyCfLgz8fTf6kzLdXRI6gIM7Fh8WUGOFZOU_wg,"Sorgen Sie gemeinsam mit uns für die digitale Zukunftsfähigkeit der Bundeswehr. Als primärer Digitalisierungspartner der Bundeswehr erbringen wir stabile, sichere und effiziente IT-Services im In- und Ausland, vom Grundbetrieb bis in den einsatznahen Bereich und tragen so zur kontinuierlichen Erhöhung der Führungs- und Einsatzfähigkeit der Bundeswehr bei. Mit über 7.700 Kolleg*innen betreiben und modernisieren wir eine der größten und komplexesten IT-Infrastrukturen in Deutschland. Wir suchen v…",2025-06-02T11:03:23Z,0,"{'tag': 'it-jobs', 'label': 'IT-Stellen', '__CLASS__': 'Adzuna::API::Response::Category'}",Senior DevOps Engineer (m/w/d),50.71942,Adzuna::API::Response::Job,full_time,,,
5196434092,"{'__CLASS__': 'Adzuna::API::Response::Location', 'area': ['Deutschland', 'Baden-Württemberg', 'Böblingen (Kreis)', 'Böblingen'], 'display_name': 'Böblingen, Böblingen (Kreis)'}","{'__CLASS__': 'Adzuna::API::Response::Company', 'display_name': 'AP Sensing GmbH'}",https://www.adzuna.de/land/ad/5196434092?se=TKAi8-hF8BGU26HwdC_7Eg&utm_medium=api&utm_source=a4bcf954&v=5997C34CC97B23229D7E78077C5B87AADEFDF273,,eyJhbGciOiJIUzI1NiJ9.eyJpIjoiNTE5NjQzNDA5MiIsInMiOiJUS0FpOC1oRjhCR1UyNkh3ZENfN0VnIn0.SfGyOTCvyaKZwUeegC_JykHhtWRdzBVlLPg9y1t3sGY,"WIR SIND ERNEUT AUSGEZEICHNET ALS TOP ARBEITGEBER 2025! Bei AP Sensing setzen wir eine Erfolgsgeschichte fort, die in der Garage von Bill Hewlett und Dave Packard begann. Als unabhängiges HP-Spin-off verbinden wir über 40 Jahre technologische Expertise mit echter Innovationsleidenschaft. Gemeinsam machen wir Infrastruktur smarter, schützen Menschen und tragen zur Sicherheit unseres Planeten bei. Unsere Leidenschaft gilt der faseroptischen Sensortechnologie – und bei ihrer Weiterentwicklung zähl…",2025-05-13T16:25:06Z,0,"{'__CLASS__': 'Adzuna::API::Response::Category', 'tag': 'other-general-jobs', 'label': 'Sonstige/Allgemeine Stellen'}",Lead Data Scientist (m/w/d),,Adzuna::API::Response::Job,,,,
5147559337,"{'display_name': 'Berlin, Deutschland', 'area': ['Deutschland', 'Berlin'], '__CLASS__': 'Adzuna::API::Response::Location'}","{'__CLASS__': 'Adzuna::API::Response::Company', 'display_name': '50Hertz Transmission GmbH'}",https://www.adzuna.de/land/ad/5147559337?se=TKAi8-hF8BGU26HwdC_7Eg&utm_medium=api&utm_source=a4bcf954&v=4CACCBED48DCFBC65FDECF503CC528AAD5C18EB8,13.420806,eyJhbGciOiJIUzI1NiJ9.eyJpIjoiNTE0NzU1OTMzNyIsInMiOiJUS0FpOC1oRjhCR1UyNkh3ZENfN0VnIn0.j1W4tR2v9a-F4yRv3-zIUJUUw2ciqUZoQFoCfjxLL5g,"Wir sind 50Hertz – einer der vier Übertragungs­netzbetreiber (ÜNB) in Deutschland. Zusammen mit dem belgischen Stromnetz­betreiber Elia (Brüssel) bilden wir die international tätige Elia Group. Bei 50Hertz arbeiten über 2.100 Menschen daran, dass Strom über große Entfernungen jederzeit zuverlässig, verlustarm und optimal gesteuert fließt. Als ÜNB übernehmen wir in gesell­schaftlicher, technischer und wirtschaftlicher Hinsicht eine zentrale Moderatoren­rolle bei der Verwirklichung der Energiewen…",2025-04-16T19:02:17Z,0,"{'label': 'Stellen aus Wissenschaft & Qualitätssicherung', 'tag': 'scientific-qa-jobs', '__CLASS__': 'Adzuna::API::Response::Category'}",Data Scientist (w/m/d),52.507706,Adzuna::API::Response::Job,,,,
5202002167,"{'area': ['Deutschland'], 'display_name': 'Deutschland', '__CLASS__': 'Adzuna::API::Response::Location'}","{'__CLASS__': 'Adzuna::API::Response::Company', 'display_name': 'IQVIA CSMS GmbH'}",https://www.adzuna.de/land/ad/5202002167?se=TKAi8-hF8BGU26HwdC_7Eg&utm_medium=api&utm_source=a4bcf954&v=7EC0A3ED1675C0031CFD20948C721F1B70A9739E,,eyJhbGciOiJIUzI1NiJ9.eyJpIjoiNTIwMjAwMjE2NyIsInMiOiJUS0FpOC1oRjhCR1UyNkh3ZENfN0VnIn0.Bs6Y0pIMl7MgTy1lYiDPjqBlD6geePLscb-1y1bG2mE,"IQVIA – The Human Data Science Company – ist ein führender, globaler Anbieter von zukunftsweisender Analytik, Technologielösungen und klinischer Auftragsforschung. IQVIA unterstützt Life Science Unternehmen, Verbände, Institutionen, Kostenträger und weitere Akteure im Gesundheitswesen darin, bessere Ergebnisse in der Gesundheitsversorgung zu erzielen. Werden Sie Teil unserer Community von rund 86.000 Mitarbeiterinnen und Mitarbeitern in über 100 Ländern, die sich dafür einsetzen, das Potenzial …",2025-05-16T19:31:05Z,0,"{'__CLASS__': 'Adzuna::API::Response::Category', 'tag': 'healthcare-nursing-jobs', 'label': 'Stellen aus Gesundheitswesen & Pflege'}",Pharmaberater/Pharmareferenten (m/w/d) Bereich Impfstoffe,,Adzuna::API::Response::Job,,,,
5161774859,"{'display_name': 'Künzelsau, Hohenlohekreis', 'area': ['Deutschland', 'Baden-Württemberg', 'Hohenlohekreis', 'Künzelsau'], '__CLASS__': 'Adzuna::API::Response::Location'}","{'display_name': 'ZIEHL-ABEGG SE', '__CLASS__': 'Adzuna::API::Response::Company'}",https://www.adzuna.de/land/ad/5161774859?se=TKAi8-hF8BGU26HwdC_7Eg&utm_medium=api&utm_source=a4bcf954&v=5973458EB31EE7DA0072395F0F2B98D5C4C72A77,9.68788,eyJhbGciOiJIUzI1NiJ9.eyJpIjoiNTE2MTc3NDg1OSIsInMiOiJUS0FpOC1oRjhCR1UyNkh3ZENfN0VnIn0.3dr0X1uTeWpp50FKvMxDhfAKWevsR060q3oEEvf3QXE,"ZIEHL-ABEGG steht seit mehr als 110 Jahren für höchste Produkt- und Servicequalität und zählt zu den international führenden Unternehmen in Luft-, Regel- und Antriebstechnik. Als weltweit agierendes Unternehmen werden innovative Produkte für verschiedenste Branchen und Anwendungsbereiche entwickelt, produziert und vertrieben. Das Unternehmen beschäftigt 2.800 Mitarbeiter in seinem Headquarter und süddeutschen Produktionswerken sowie insgesamt 5.300 Mitarbeiter weltweit. Diese sind auf 17 Produk…",2025-04-25T07:08:44Z,0,"{'__CLASS__': 'Adzuna::API::Response::Category', 'label': 'Unknown', 'tag': 'unknown'}",Teamlead Data Analytics (m/w/d),49.27945,Adzuna::API::Response::Job,,,,
5225872939,"{'__CLASS__': 'Adzuna::API::Response::Location', 'display_name': 'Düsseldorf, Nordrhein-Westfalen', 'area': ['Deutschland', 'Nordrhein-Westfalen', 'Düsseldorf']}","{'__CLASS__': 'Adzuna::API::Response::Company', 'display_name': 'MVZ Düsseldorf-Centrum GbR'}",https://www.adzuna.de/land/ad/5225872939?se=TKAi8-hF8BGU26HwdC_7Eg&utm_medium=api&utm_source=a4bcf954&v=D71D95C249F6088416CC14D328D00E1416A8A0F1,6.808387,eyJhbGciOiJIUzI1NiJ9.eyJpIjoiNTIyNTg3MjkzOSIsInMiOiJUS0FpOC1oRjhCR1UyNkh3ZENfN0VnIn0.SDsJifwOS5LLIPV-9LnwZ2Igw1ZHww87KbCfRf3lv7E,"ZOTZ|KLIMAS ist ein inhabergeführter medizinischer Verbund mit Laboren und Praxen an über 25 Standorten im Westen Deutschlands. Die Zentrale bildet das MVZ Düsseldorf-Centrum . Das Unternehmen bietet Patienten, niedergelassenen Ärzten, Kliniken und anderen Einrichtungen ein vollständiges labordiagnostisches Leistungsspektrum mit den Schwerpunkten Gerinnung, Genetik, Zytologie und Pathologie . Rund 650 Mitarbeiter stehen für ein modernes und stetig wachsendes Unternehmen, das großen Wert auf ein…",2025-06-01T07:50:37Z,0,"{'label': 'Sonstige/Allgemeine Stellen', 'tag': 'other-general-jobs', '__CLASS__': 'Adzuna::API::Response::Category'}",Teammitglied (m/w/d) für den Bereich Business Intelligence,51.226802,Adzuna::API::Response::Job,,,,
5206367795,"{'__CLASS__': 'Adzuna::API::Response::Location', 'display_name': 'Bad Nauheim, Wetteraukreis', 'area': ['Deutschland', 'Hessen', 'Wetteraukreis', 'Bad Nauheim']}","{'display_name': 'EUROBAUSTOFF Handelsgesellschaft mbH & Co. KG', '__CLASS__': 'Adzuna::API::Response::Company'}",https://www.adzuna.de/land/ad/5206367795?se=TKAi8-hF8BGU26HwdC_7Eg&utm_medium=api&utm_source=a4bcf954&v=E56E067CC7E7064D7798B9F72F6F40255ACDBE99,8.73576,eyJhbGciOiJIUzI1NiJ9.eyJzIjoiVEtBaTgtaEY4QkdVMjZId2RDXzdFZyIsImkiOiI1MjA2MzY3Nzk1In0.3UyeTMdA5eId4FaRhd_TqeeU5OIjPYOdcGe06z_Zn0g,"… die marktführende Kooperation des europäischen Fachhandels für Baustoffe, Holz und Fliesen und gehören zu den umsatzstärksten Unternehmen in Deutschland. Als Dienstleistungscampus unterstützen wir aus den beiden Firmensitzen in Karlsruhe und Bad Nauheim unsere eigenständigen Fachhändler bei ihrer täglichen Arbeit vor Ort. Für unseren Standort in Bad Nauheim suchen wir zum nächstmöglichen Zeitpunkt einen Junior Data Analyst (m/w/d) mit Schwerpunkt Data Warehouse & ETL Bereich Produktdatenmanag…",2025-05-19T19:35:10Z,0,"{'__CLASS__': 'Adzuna::API::Response::Category', 'tag': 'scientific-qa-jobs', 'label': 'Stellen aus Wissenschaft & Qualitätssicherung'}",Junior Data Analyst (m/w/d) mit Schwerpunkt Data Warehouse & ETL,50.36066,Adzuna::API::Response::Job,,,,
5135787661,"{'__CLASS__': 'Adzuna::API::Response::Location', 'display_name': 'Kronberg im Taunus, Hochtaunuskreis', 'area': ['Deutschland', 'Hessen', 'Hochtaunuskreis', 'Kronberg im Taunus']}","{'__CLASS__': 'Adzuna::API::Response::Company', 'display_name': 'Nagarro'}",https://www.adzuna.de/land/ad/5135787661?se=TKAi8-hF8BGU26HwdC_7Eg&utm_medium=api&utm_source=a4bcf954&v=8C10A60D0F6E6A167E40D15F1CD50F15FE18144F,8.5086,eyJhbGciOiJIUzI1NiJ9.eyJpIjoiNTEzNTc4NzY2MSIsInMiOiJUS0FpOC1oRjhCR1UyNkh3ZENfN0VnIn0.M6q40Tk6atRfuI7Y0Vm1gYH59thxPp1_qxcaMJ-kQwc,Nagarro ES ist ein führender deutscher IT-Full-Service-Provider für kritische Unternehmensapplikationen und komplexe ERP-Landschaften in der digitalen Transformation. Als Teil der weltweit agierenden Nagarro ist die Nagarro ES mit mehr als 1.000 Mitarbeitern einer der leistungsfähigsten und innovativsten SAP-Partner für den deutschen Mittelstand und Großkunden mit internationaler Ausprägung. Aufgaben Du bist vom ersten Tag an ein vollständiges Teammitglied in unseren Projekten und unterstützt u…,2025-04-08T21:01:35Z,0,"{'__CLASS__': 'Adzuna::API::Response::Category', 'tag': 'unknown', 'label': 'Unknown'}",Duales Studium Wirtschaftsinformatik (B.Sc.) (m/w/d),50.17968,Adzuna::API::Response::Job,,,,
5169958226,"{'area': ['Deutschland', 'Nordrhein-Westfalen', 'Dortmund'], 'display_name': 'Dortmund, Nordrhein-Westfalen', '__CLASS__': 'Adzuna::API::Response::Location'}","{'display_name': 'TEDi GmbH & Co. KG', '__CLASS__': 'Adzuna::API::Response::Company'}",https://www.adzuna.de/land/ad/5169958226?se=TKAi8-hF8BGU26HwdC_7Eg&utm_medium=api&utm_source=a4bcf954&v=0500520A44205B01658DEEADB9427DBE1B2A3355,7.464954,eyJhbGciOiJIUzI1NiJ9.eyJpIjoiNTE2OTk1ODIyNiIsInMiOiJUS0FpOC1oRjhCR1UyNkh3ZENfN0VnIn0.zF8QZSJgyS2sGDT8Ya0RucOlCHWdzeYKk9a7ru2gxUA,Wir bei TEDi arbeiten in einem der führenden Unternehmen der Nonfood-Branche. Seit der Firmen­gründung im Jahr 2004 wachsen wir nachhaltig und beschäftigen derzeit europaweit rund 35.000 Mitarbeiter (m/w/d) in über 3.200 Filialen und unserer Unternehmens­zentrale in Dortmund. Du besitzt mehrjährige Berufserfahrung im Controlling und bist bereit für den nächsten Schritt? Für unser Headquarter in Dortmund suchen wir zum nächstmöglichen Zeitpunkt einen Abteilungsleiter Group Controlling / Financia…,2025-04-30T07:14:30Z,0,"{'__CLASS__': 'Adzuna::API::Response::Category', 'tag': 'consultancy-jobs', 'label': 'Beraterstellen'}",Abteilungsleiter Group Controlling / Financial Reporting (m/w/d),51.504967,Adzuna::API::Response::Job,,,,
5224417235,"{'__CLASS__': 'Adzuna::API::Response::Location', 'area': ['Deutschland', 'Hessen', 'Gießen (Kreis)', 'Gießen'], 'display_name': 'Gießen, Gießen (Kreis)'}","{'display_name': 'Vereinigte Hagelversicherung VVaG', '__CLASS__': 'Adzuna::API::Response::Company'}",https://www.adzuna.de/land/ad/5224417235?se=TKAi8-hF8BGU26HwdC_7Eg&utm_medium=api&utm_source=a4bcf954&v=0B6C32AE09C19844D7653E218845195F1A34FF97,8.679778,eyJhbGciOiJIUzI1NiJ9.eyJzIjoiVEtBaTgtaEY4QkdVMjZId2RDXzdFZyIsImkiOiI1MjI0NDE3MjM1In0.1ODwJ1GcNalRCt4BKsdIPaVdS2hHjcVHIqa_AtI-QS4,"Gemeinsam in die Zukunft Die VEREINIGTE HAGEL ist eine starke Gemeinschaft mit vielen Vorteilen – und das seit fast 200 Jahren. Als führender Spezialversicherer im Pflanzenbau bieten wir unseren Mitgliedern europaweit innovative Versicherungslösungen zur nachhaltigen Absicherung von Ertragsverlusten durch Wettergefahren in den Bereichen Landwirtschaft, Wein-, Obst- und Gemüsebau. Aufgaben Du sichtest und baust die Datenarchitektur auf und analysierst die bestehende Datenlandschaft Du baust die …",2025-05-31T07:52:01Z,0,"{'__CLASS__': 'Adzuna::API::Response::Category', 'label': 'Sonstige/Allgemeine Stellen', 'tag': 'other-general-jobs'}",Data Architekt - ETL / SQL / Azure / Python (m/w/d),50.583286,Adzuna::API::Response::Job,,,,
5151847008,"{'area': ['Deutschland', 'Sachsen-Anhalt', 'Magdeburg'], 'display_name': 'Magdeburg, Sachsen-Anhalt', '__CLASS__': 'Adzuna::API::Response::Location'}","{'display_name': 'BEC Robotics', '__CLASS__': 'Adzuna::API::Response::Company'}",https://www.adzuna.de/land/ad/5151847008?se=TKAi8-hF8BGU26HwdC_7Eg&utm_medium=api&utm_source=a4bcf954&v=2F57DED6E3145D87F7C434237FDDC0CA00EEDA96,11.638721,eyJhbGciOiJIUzI1NiJ9.eyJzIjoiVEtBaTgtaEY4QkdVMjZId2RDXzdFZyIsImkiOiI1MTUxODQ3MDA4In0.NTSiGvnML4z4_CYUrFI5XXCWJBJkheaetOWKjLDdsP0,"Data Scientist Klinische Daten & KI-Modellentwicklung (m/w/d) Da BEC Medical eine führende Rolle in der Technologie für innovative Medizinrobotik einnimmt, entwickeln sich auch unsere Unternehmenskultur und Arbeitsweisen ständig weiter. Trotz dieser Dynamik bleibt unser Fokus auf Spitzenleistung konstant, gepaart mit der Entschlossenheit, ein Arbeitsumfeld zu schaffen, in dem wir unsere beste Leistung erbringen können. Ist das eine Herausforderung, die dich reizt? Dann wirst du dich in unserem …",2025-04-18T19:03:36Z,0,"{'__CLASS__': 'Adzuna::API::Response::Category', 'tag': 'scientific-qa-jobs', 'label': 'Stellen aus Wissenschaft & Qualitätssicherung'}",Data Scientist Klinische Daten & KI-Modellentwicklung (m/w/d),52.125867,Adzuna::API::Response::Job,,,,
5242173497,"{'__CLASS__': 'Adzuna::API::Response::Location', 'display_name': 'Mannheim, Baden-Württemberg', 'area': ['Deutschland', 'Baden-Württemberg', 'Mannheim']}","{'display_name': 'Hays – Working for your tomorrow', '__CLASS__': 'Adzuna::API::Response::Company'}",https://www.adzuna.de/land/ad/5242173497?se=TKAi8-hF8BGU26HwdC_7Eg&utm_medium=api&utm_source=a4bcf954&v=8AB9346B167BEEDF0337682B9080BC98EAB45973,8.491505,eyJhbGciOiJIUzI1NiJ9.eyJzIjoiVEtBaTgtaEY4QkdVMjZId2RDXzdFZyIsImkiOiI1MjQyMTczNDk3In0.EqCkwz2Ql7zVCy8xwBltdlCgZMxMDVW062dGvzLrzqQ,"Mit über 15 Jahren Erfahrung in der klassischen Pharmaindustrie, Biotechnologie, Chemie und Medizintechnik kennen wir die entscheidenden Kontaktpersonen, die anspruchsvolle Aufgaben mit Potenzial ausschreiben. Die hohe Personalnachfrage eröffnet spannende Möglichkeiten für engagierte Fach- und Führungskräfte, um sich beruflich zu entwickeln und an der eigenen Karriere zu arbeiten. Als spezialisierte Personalberatung mit einem internationalen Netzwerk bieten wir Ihnen entscheidende Vorteile - un…",2025-06-10T09:31:57Z,0,"{'__CLASS__': 'Adzuna::API::Response::Category', 'tag': 'manufacturing-jobs', 'label': 'Stellen aus Fertigung'}",Product Safety Specialist (m/w/d),49.496025,Adzuna::API::Response::Job,,,,
5167943181,"{'area': ['Deutschland', 'Hamburg'], 'display_name': 'Hamburg, Deutschland', '__CLASS__': 'Adzuna::API::Response::Location'}","{'display_name': 'BRUNATA Wärmemesser Hagen GmbH & Co. KG', '__CLASS__': 'Adzuna::API::Response::Company'}",https://www.adzuna.de/land/ad/5167943181?se=TKAi8-hF8BGU26HwdC_7Eg&utm_medium=api&utm_source=a4bcf954&v=C2BBC5A82409785BD106E1AE850540E15E74C3D1,9.987297,eyJhbGciOiJIUzI1NiJ9.eyJzIjoiVEtBaTgtaEY4QkdVMjZId2RDXzdFZyIsImkiOiI1MTY3OTQzMTgxIn0.1MVnq9pjjFXOFWXub_e_SX7wjbdqxYtTmwjiAiV94ao,"BRUNATA-METRONA Hamburg ist ein inhaber­geführtes mittelständisches Familien­unter­nehmen und Teil der bundesweit erfolgreichen BRUNATA-METRONA-Gruppe. Als eines der marktführenden Unternehmen stehen wir seit mehr als sechs Jahrzehnten für Know-how und Innovation bei allen Prozessen rund um die Erfassung und Abrechnung von Energie- und Wasserverbrauch. Unsere Mission besteht darin, die nachhaltige und intelligente Nutzung von Immobilien zu ermöglichen. Wir unterstützen und begleiten Eigentümer:…",2025-04-29T07:20:28Z,0,"{'__CLASS__': 'Adzuna::API::Response::Category', 'tag': 'unknown', 'label': 'Unknown'}",Senior Data Management Expert (m/w/d),53.557429,Adzuna::API::Response::Job,,,,
5224860391,"{'display_name': 'Garching bei München, München (Kreis)', 'area': ['Deutschland', 'Bayern', 'München (Kreis)', 'Garching bei München'], '__CLASS__': 'Adzuna::API::Response::Location'}","{'display_name': 'Technische Universität München ', '__CLASS__': 'Adzuna::API::Response::Company'}",https://www.adzuna.de/details/5224860391?utm_medium=api&utm_source=a4bcf954,11.65112,eyJhbGciOiJIUzI1NiJ9.eyJzIjoiVEtBaTgtaEY4QkdVMjZId2RDXzdFZyIsImkiOiI1MjI0ODYwMzkxIn0.9mVaL43jKC98lAipZWeGH5irxGjL5kpOTE4PhUPsI6E,"Munich Data Science Institute (MDSI) Technische Universität München IT-Systemadministrator (m/w/d) am Munich Data Science Institute Das Munich Data Science Institute (MDSI) ist ein Integratives Forschungsinstitut an der Technischen Universität München (TUM). Es ist interdisziplinär und fachbereichsübergreifend in den Bereichen Data Science, Maschinelles Lernen und Künstliche Intelligenz ausgerichtet. Das Institut fungiert als Vermittler und Multiplikator modernster Data-Science-Praktiken, Techn…",2025-05-31T13:55:54Z,0,"{'label': 'Unknown', 'tag': 'unknown', '__CLASS__': 'Adzuna::API::Response::Category'}",IT-Systemadministrator (m/w/d) am Munich Data Science Institute,48.24883,Adzuna::API::Response::Job,full_time,,,
5158819922,"{'display_name': 'Neumühlen-Dietrichsdorf, Kiel', 'area': ['Deutschland', 'Schleswig-Holstein', 'Kiel', 'Neumühlen-Dietrichsdorf'], '__CLASS__': 'Adzuna::API::Response::Location'}","{'display_name': 'Fachhochschule Kiel', '__CLASS__': 'Adzuna::API::Response::Company'}",https://www.adzuna.de/details/5158819922?utm_medium=api&utm_source=a4bcf954,10.18241,eyJhbGciOiJIUzI1NiJ9.eyJpIjoiNTE1ODgxOTkyMiIsInMiOiJUS0FpOC1oRjhCR1UyNkh3ZENfN0VnIn0.O5cs_GJau5c8u6g68n7etjhFoZuJchrjG1b2d9OqqBk,Duales Studium Data Science (M.Sc.) Unterrichtssprache : Englisch Immatrikulation : jeweils zum Sommer- und Wintersemester (zulassungsfrei) Curriculum 1. Fachsemester Data Visualization and Visual Analytics Tools and Programming Languages for Data Science Mathematics and Multivariate Statistics Machine Learning Data Management Cloud Computing 2. Fachsemester Social Media Analytics Big Data Technologies Deep Learning Application Project Elective Module 3. Fachsemester Thesis Kolloquium Gute Grün…,2025-04-23T21:46:11Z,0,"{'__CLASS__': 'Adzuna::API::Response::Category', 'label': 'Sonstige/Allgemeine Stellen', 'tag': 'other-general-jobs'}",Duales Studium Data Science (M.Sc.) (m/w/d),54.33209,Adzuna::API::Response::Job,,,,
4955442998,"{'area': ['Deutschland', 'Bayern', 'München (Kreis)', 'München'], 'display_name': 'München, München (Kreis)', '__CLASS__': 'Adzuna::API::Response::Location'}","{'display_name': 'ZEISS', '__CLASS__': 'Adzuna::API::Response::Company'}",https://www.adzuna.de/details/4955442998?utm_medium=api&utm_source=a4bcf954,11.555737,eyJhbGciOiJIUzI1NiJ9.eyJzIjoiVEtBaTgtaEY4QkdVMjZId2RDXzdFZyIsImkiOiI0OTU1NDQyOTk4In0.u0c54Dbzso5hVVv_8t4pZgK7qrl28fblFHVyHCamlxA,"Your Role In cross-functional teams, you will drive & manage projects in the field of Machine Learning (ML) and Data Science. In this role, you will support the preparation and execution of Data Science / ML projects: from setting the scope to roadmap-planning, to execution in an agile manner, to lessons learned that can be integrated into new projects. As part of a vivid team, you will be in contact with users from different ZEISS departments, assess and plan Data Science- and ML-related tasks…",2024-11-29T13:04:43Z,0,"{'tag': 'it-jobs', 'label': 'IT-Stellen', '__CLASS__': 'Adzuna::API::Response::Category'}",Product Owner - Data Science / Machine Learning (f/m/x),48.137418,Adzuna::API::Response::Job,full_time,,,
5234110428,"{'__CLASS__': 'Adzuna::API::Response::Location', 'area': ['Deutschland', 'Bayern', 'Ingolstadt'], 'display_name': 'Ingolstadt, Bayern'}","{'display_name': 'Technische Hochschule Ingolstadt', '__CLASS__': 'Adzuna::API::Response::Company'}",https://www.adzuna.de/details/5234110428?utm_medium=api&utm_source=a4bcf954,11.40543,eyJhbGciOiJIUzI1NiJ9.eyJpIjoiNTIzNDExMDQyOCIsInMiOiJUS0FpOC1oRjhCR1UyNkh3ZENfN0VnIn0.zTRoUEsLkAG8f5gWZLeVCE5T_8nUBgEUO-81mwY2sjE,"Werden Sie Teil unseres Erfolges als Wissenschaftlicher Mitarbeiter (m/w/d) Data Science & OR in Mobility im Institut AImotion Mobilität? Digitalisierung? Nachhaltigkeit? Diese Themen und Entwicklungen sollen im Projekt Mensch in Bewegung aus den Hochschulen in die Gesellschaft getragen werden, um gemeinsam mit Partnern aus Wirtschaft, Politik und Zivilgesellschaft in einem regionalen Netzwerk innovative Transferkonzepte zu entwickeln. Werden Sie Teil unseres Teams und sorgen Sie mit uns für de…",2025-06-05T08:17:36Z,0,"{'__CLASS__': 'Adzuna::API::Response::Category', 'label': 'Unknown', 'tag': 'unknown'}",Wissenschaftlicher Mitarbeiter (m/w/d) Data Science & OR in Mobility,48.754702,Adzuna::API::Response::Job,full_time,,contract,
5158779706,"{'display_name': 'Bad Cannstatt, Stuttgart', 'area': ['Deutschland', 'Baden-Württemberg', 'Stuttgart', 'Bad Cannstatt'], '__CLASS__': 'Adzuna::API::Response::Location'}","{'display_name': 'AKAD University', '__CLASS__': 'Adzuna::API::Response::Company'}",https://www.adzuna.de/details/5158779706?utm_medium=api&utm_source=a4bcf954,9.21546,eyJhbGciOiJIUzI1NiJ9.eyJzIjoiVEtBaTgtaEY4QkdVMjZId2RDXzdFZyIsImkiOiI1MTU4Nzc5NzA2In0.7eUwg_i2EAD10eVhHbVSAI7v_dRbikZzbHXOgyhqHBU,"Duales Studium Data Science (B.Sc.) Dieser Studiengang kommt Ihrem Interesse entgegen, wenn Sie sich im Bereich der Datenanalyse und Methoden der statistischen Auswertung qualifizieren möchten. Das Talent zum strategischen Denken entfaltet sich weiter durch die Gestaltung von Datenbanken, Informationssystemen und Datenmodellierung sowie Datentransformation oder den Aufbau eines Data Warehouse zur Datenanalyse. Durch Datenaufbereitung, Datenanalyse und Einsatz von Big Data Technologien wird das …",2025-04-23T21:34:24Z,0,"{'tag': 'other-general-jobs', 'label': 'Sonstige/Allgemeine Stellen', '__CLASS__': 'Adzuna::API::Response::Category'}",Duales Studium - Data Science (B.Sc.) (m/w/d),48.80499,Adzuna::API::Response::Job,,,,
5237599211,"{'area': ['Deutschland', 'Nordrhein-Westfalen', 'Bochum'], 'display_name': 'Bochum, Nordrhein-Westfalen', '__CLASS__': 'Adzuna::API::Response::Location'}","{'__CLASS__': 'Adzuna::API::Response::Company', 'display_name': 'Ruhr-Universität Bochum'}",https://www.adzuna.de/details/5237599211?utm_medium=api&utm_source=a4bcf954,7.211571,eyJhbGciOiJIUzI1NiJ9.eyJzIjoiVEtBaTgtaEY4QkdVMjZId2RDXzdFZyIsImkiOiI1MjM3NTk5MjExIn0.3n5dhBqhC9Nzr113oaj_VB50clFtGl4FASw-sQgHt2E,In der Fakultät für Mathematik der RUB ist zum nächstmöglichen Zeitpunkt eine Universitätsprofessur W3 [m/w/d] für Mathematische Statistik und Data Science zu besetzen (vorzeitige Nachfolge Prof. Holger Dette). Die*der zukünftige Stelleninhaber*in soll in Forschung und Lehre das Fachgebiet Mathematische Statistik und Data Science vertreten. Bewerber*innen sollen sowohl in Forschung als auch in Lehre hervorragend qualifiziert sein. Ihr international sichtbares Forschungsprofil soll dabei vorhand…,2025-06-07T03:22:20Z,0,"{'label': 'Unknown', 'tag': 'unknown', '__CLASS__': 'Adzuna::API::Response::Category'}",Universitätsprofessur W3 (m/w/d) für Mathematische Statistik und Data Science,51.476986,Adzuna::API::Response::Job,,,,
5235787285,"{'__CLASS__': 'Adzuna::API::Response::Location', 'display_name': 'München, München (Kreis)', 'area': ['Deutschland', 'Bayern', 'München (Kreis)', 'München']}","{'__CLASS__': 'Adzuna::API::Response::Company', 'display_name': 'MTU Aero Engines AG'}",https://www.adzuna.de/details/5235787285?utm_medium=api&utm_source=a4bcf954,11.555737,eyJhbGciOiJIUzI1NiJ9.eyJzIjoiVEtBaTgtaEY4QkdVMjZId2RDXzdFZyIsImkiOiI1MjM1Nzg3Mjg1In0.TFKnGG6ChozqQE_V1a0VAt6ul_v5XdokREquy2Y14eo,"UPLIFTYOURFUTURE Wir sind über 13.000. An 19 Standorten weltweit. Jedes dritte Flugzeug fliegt mit unserer Technologie. Immer effizienter, leiser, nachhaltiger. Wir gestalten die Zukunft der Luftfahrt. Was wir noch brauchen? Dich. Unser Team sucht Dich: Praktikant Data Science im Bereich Engine Health Monitoring (all genders) in München Kennziffer – P MUC AEGS Die MTU hat ein System zur Zustandsüberwachung von Triebwerken (Engine Health Monitoring) entwickelt: Das auf einem vollthermodynamische…",2025-06-06T08:10:52Z,0,"{'__CLASS__': 'Adzuna::API::Response::Category', 'label': 'Unknown', 'tag': 'unknown'}",Praktikant Data Science im Bereich Engine Health Monitoring (all genders),48.137418,Adzuna::API::Response::Job,full_time,,contract,
5238123304,"{'__CLASS__': 'Adzuna::API::Response::Location', 'area': ['Deutschland', 'Baden-Württemberg', 'Breisgau-Hochschwarzwald (Kreis)', 'Bad Krozingen'], 'display_name': 'Bad Krozingen, Breisgau-Hochschwarzwald (Kreis)'}","{'display_name': 'Stadt Bad Krozingen', '__CLASS__': 'Adzuna::API::Response::Company'}",https://www.adzuna.de/details/5238123304?utm_medium=api&utm_source=a4bcf954,7.69985,eyJhbGciOiJIUzI1NiJ9.eyJpIjoiNTIzODEyMzMwNCIsInMiOiJUS0FpOC1oRjhCR1UyNkh3ZENfN0VnIn0.Mx5TW5A4VRNLZoiPaX3YdfBpIqFpRLtJidzoN6xoGfI,"DAS ERWARTET DICH Spaß: Lerne von und mit einem hilfsbereiten Team, das dich bei deiner Entwicklung begleitet. Sinn: Gewinne neues Wissen aus Daten, entwickle innovative Anwendungen und gestalte die Zukunft aktiv mit. Gestaltungsspielraum: Bringe deine eigenen Ideen ein und arbeite an spannenden Projekten im Bereich Data Science & KI. Abwechslung: Arbeite kreativ, selbstständig und vielseitig bei abwechslungsreichen Aufgaben, die Theorie und Praxis verbinden. Die Theoriephase findet an der DHBW…",2025-06-07T08:13:58Z,0,"{'__CLASS__': 'Adzuna::API::Response::Category', 'label': 'Unknown', 'tag': 'unknown'}",Dualer Student (m/w/d) Data Science und Künstliche Intelligenz,47.91582,Adzuna::API::Response::Job,full_time,,,
4917577453,"{'area': ['Deutschland', 'Berlin'], 'display_name': 'Berlin, Deutschland', '__CLASS__': 'Adzuna::API::Response::Location'}","{'__CLASS__': 'Adzuna::API::Response::Company', 'display_name': 'Hertie School'}",https://www.adzuna.de/details/4917577453?utm_medium=api&utm_source=a4bcf954,13.420806,eyJhbGciOiJIUzI1NiJ9.eyJzIjoiVEtBaTgtaEY4QkdVMjZId2RDXzdFZyIsImkiOiI0OTE3NTc3NDUzIn0.E_Nx2_QEBrmIhKqwOnmN2oRZzJuTruIgZ0Y1bOcpc9A,The Hertie School is recruiting a tenure-track Assistant Professor of Social Data Science . We are looking for a scholar who can combine state-of-the-art research in data science with research in the social sciences and public policy. The successful candidate will contribute to core courses in machine learning and data science teaching in the School’s MSc Data Science for Public Policy programme. The Hertie School seeks faculty with demonstrated capacity for research at the highest levels in th…,2024-10-29T14:00:58Z,0,"{'__CLASS__': 'Adzuna::API::Response::Category', 'label': 'Lehrberufe', 'tag': 'teaching-jobs'}",Assistant Professor of Social Data Science (f/m/div),52.507706,Adzuna::API::Response::Job,,,,
5158844380,"{'__CLASS__': 'Adzuna::API::Response::Location', 'area': ['Deutschland', 'Hessen', 'Darmstadt', 'Arheilgen'], 'display_name': 'Arheilgen, Darmstadt'}","{'display_name': 'Hochschule Darmstadt', '__CLASS__': 'Adzuna::API::Response::Company'}",https://www.adzuna.de/details/5158844380?utm_medium=api&utm_source=a4bcf954,8.65086,eyJhbGciOiJIUzI1NiJ9.eyJzIjoiVEtBaTgtaEY4QkdVMjZId2RDXzdFZyIsImkiOiI1MTU4ODQ0MzgwIn0.1u0JtU9kQNdwN7KdY3nE7g-7z00D48ADQXk8tb8zftI,"Data Science (Master of Science) (m/w/d) - dual Warum dual studieren? Studieren und trotzdem Geld verdienen? Ein reines Studium ist zu theoretisch? Die duale Variante des Master-Studiengangs Data Science bietet beides zugleich: ein wissenschaftliches Studium und praktische Erfahrungen im Unternehmen. Neben Vorlesungen und Seminaren besteht dadurch die Möglichkeit, das Gelernte in Praxisprojekten umzusetzen. Dabei werden die Studierenden von Fachbetreuern und Fachbetreuerinnen im Unternehmen sow…",2025-04-23T21:50:22Z,0,"{'__CLASS__': 'Adzuna::API::Response::Category', 'tag': 'other-general-jobs', 'label': 'Sonstige/Allgemeine Stellen'}",Data Science (Master of Science) (m/w/d) - dual,49.87242,Adzuna::API::Response::Job,,,,
5219992236,"{'__CLASS__': 'Adzuna::API::Response::Location', 'display_name': 'Frankfurt am Main, Hessen', 'area': ['Deutschland', 'Hessen', 'Frankfurt am Main']}","{'__CLASS__': 'Adzuna::API::Response::Company', 'display_name': 'Siemens AG'}",https://www.adzuna.de/details/5219992236?utm_medium=api&utm_source=a4bcf954,8.650578,eyJhbGciOiJIUzI1NiJ9.eyJzIjoiVEtBaTgtaEY4QkdVMjZId2RDXzdFZyIsImkiOiI1MjE5OTkyMjM2In0.liqH-o1djZGAMa5ontIIpM3EczOU1a1LCNoGR8xsedk,"Dein Berufsbild: Du möchtest irgendwas mit Mathe machen und findest die Wirtschaftswelt spannend? Dann entscheide dich für ein Studium der Wirtschaftsinformatik mit Schwerpunkt Data Science bei Siemens und hol alles aus den Daten heraus. Wirtschaftsinformatiker (w/m/d) sind die Schnittstelle zwischen IT und Business. Sie beherrschen die verschiedenen Technologien, bewerten deren Potenziale und wissen, wie man sie technisch umsetzt. In deinem dualen Studium erlernst du die Grundlagen, Konzepte u…",2025-05-28T14:53:41Z,0,"{'label': 'Unknown', 'tag': 'unknown', '__CLASS__': 'Adzuna::API::Response::Category'}",Duales Studium: Data Science und Künstliche Intelligenz (B.Sc.) 2026,50.129683,Adzuna::API::Response::Job,full_time,,contract,
4801106553,"{'__CLASS__': 'Adzuna::API::Response::Location', 'area': ['Deutschland', 'Bayern', 'München (Kreis)', 'München', 'Allach-Untermenzing'], 'display_name': 'Allach-Untermenzing, München'}","{'__CLASS__': 'Adzuna::API::Response::Company', 'display_name': 'MTU Aero Engines AG'}",https://www.adzuna.de/details/4801106553?utm_medium=api&utm_source=a4bcf954,11.44811,eyJhbGciOiJIUzI1NiJ9.eyJzIjoiVEtBaTgtaEY4QkdVMjZId2RDXzdFZyIsImkiOiI0ODAxMTA2NTUzIn0.YW95vLftnV6NWGLh3EkrZKNRV3r4TXJ9dVsK0GjV8VM,"UPLIFT Y OURFUTURE Wir sind über 13.000. An 19 Standorten weltweit. Jedes dritte Flugzeug fliegt mit unserer Technologie. Immer effizienter, leiser, nachhaltiger. Wir gestalten die Zukunft der Luftfahrt. Was wir noch brauchen? Dich. Unser Team in München sucht Dich: Praktikant Data Science im Bereich Engine Health Monitoring (all genders) Die MTU hat ein System zur Zustandsüberwachung von Triebwerken (Engine Health Monitoring) entwickelt: Das auf einem vollthermodynamischen, nichtlinearen Perfo…",2024-07-30T22:36:53Z,0,"{'__CLASS__': 'Adzuna::API::Response::Category', 'tag': 'manufacturing-jobs', 'label': 'Stellen aus Fertigung'}",Praktikant Data Science im Bereich Engine Health Monitoring (all genders),48.18449,Adzuna::API::Response::Job,full_time,,,
5207164470,"{'__CLASS__': 'Adzuna::API::Response::Location', 'area': ['Deutschland', 'Nordrhein-Westfalen', 'Bielefeld', 'Brackwede'], 'display_name': 'Brackwede, Bielefeld'}","{'display_name': 'GOLDBECK Technologies GmbH', '__CLASS__': 'Adzuna::API::Response::Company'}",https://www.adzuna.de/details/5207164470?utm_medium=api&utm_source=a4bcf954,8.5155,eyJhbGciOiJIUzI1NiJ9.eyJpIjoiNTIwNzE2NDQ3MCIsInMiOiJUS0FpOC1oRjhCR1UyNkh3ZENfN0VnIn0.WAfUfMoqAMDwkponalkTYGqwuIp92_VuwmPuQLIMryo,"Dualer Student (m/w/d) Digitale Technologien (Data Science) Studienbeginn 2026 Kennziffer: 9933 Standort: Bielefeld GOLDBECK realisiert zukunftsweisende Immobilien in Europa. Wir verstehen Gebäude als Produkte und bieten alle Leistungen aus einer Hand: vom Design über den Bau bis zu Services im Betrieb. Aktuell beschäftigt unser Familienunternehmen rund 13.000 Mitarbeitende an über 100 Standorten bei einer Gesamtleistung von über 6,4 Mrd. Euro. Unser Anspruch „building excellence“ steht dabei f…",2025-05-20T10:21:19Z,0,"{'label': 'Sonstige/Allgemeine Stellen', 'tag': 'other-general-jobs', '__CLASS__': 'Adzuna::API::Response::Category'}",Dualer Student (m/w/d) Digitale Technologien (Data Science),51.98865,Adzuna::API::Response::Job,,,,
5123186064,"{'display_name': 'Aschheim, München (Kreis)', 'area': ['Deutschland', 'Bayern', 'München (Kreis)', 'Aschheim'], '__CLASS__': 'Adzuna::API::Response::Location'}","{'__CLASS__': 'Adzuna::API::Response::Company', 'display_name': 'Atruvia AG'}",https://www.adzuna.de/land/ad/5123186064?se=TKAi8-hF8BGU26HwdC_7Eg&utm_medium=api&utm_source=a4bcf954&v=3CC900BC778A5726A5FC34B5A0B7489B69430F14,11.71669,eyJhbGciOiJIUzI1NiJ9.eyJpIjoiNTEyMzE4NjA2NCIsInMiOiJUS0FpOC1oRjhCR1UyNkh3ZENfN0VnIn0.tPYWTqxdYZ9Lf2K5FfPDBUN8xxJXdugRNTXF7-MyxSU,"Duales Studium Data Science und Künstliche Intelligenz, Aschheim (München), 2025 Die Softwareentwicklung ist einer der wichtigsten Bereiche bei Atruvia. Als Kompetenzzentrum für bankfachliche IT-Lösungen realisieren wir jedes Jahr über 200 Softwareprojekte, die unseren Kunden mehr Effizienz und Flexibilität im Kerngeschäft einbringen. Mit unseren smarten (analytischen) Lösungen erarbeiten wir gemeinsam mit unseren Kunden innovative Produkte - nach dem Motto Wir machen das Leben leichter mit KI.…",2025-04-02T03:57:18Z,0,"{'__CLASS__': 'Adzuna::API::Response::Category', 'tag': 'graduate-jobs', 'label': 'Stellen für Hochschulabsolventen'}","Duales Studium Data Science und Künstliche Intelligenz, Aschheim (München), 2025",48.17109,Adzuna::API::Response::Job,,,,
5183863620,"{'display_name': 'Karlsruhe (Kreis), Baden-Württemberg', 'area': ['Deutschland', 'Baden-Württemberg', 'Karlsruhe (Kreis)'], '__CLASS__': 'Adzuna::API::Response::Location'}","{'display_name': 'Atruvia', '__CLASS__': 'Adzuna::API::Response::Company'}",https://www.adzuna.de/details/5183863620?utm_medium=api&utm_source=a4bcf954,,eyJhbGciOiJIUzI1NiJ9.eyJpIjoiNTE4Mzg2MzYyMCIsInMiOiJUS0FpOC1oRjhCR1UyNkh3ZENfN0VnIn0.0djy0QO7iCfpQ2JSoTTOAMl3-8AeJ7BbRlYPtRYYYrE,"Responsibilities Die Softwareentwicklung ist einer der wichtigsten Bereiche bei Atruvia. Als Kompetenzzentrum für bankfachliche IT-Lösungen realisieren wir jedes Jahr über 200 Softwareprojekte, die unseren Kunden mehr Effizienz und Flexibilität im Kerngeschäft einbringen. Mit unseren smarten (analytischen) Lösungen erarbeiten wir gemeinsam mit unseren Kunden innovative Produkte - nach dem Motto “Wir machen das Leben leichter mit KI”. Aufgaben Du entwickelst maßgeschneiderte Data-Science und KI-…",2025-05-06T21:43:49Z,0,"{'label': 'Unknown', 'tag': 'unknown', '__CLASS__': 'Adzuna::API::Response::Category'}",Duales Studium Data Science und Künstliche Intelligenz - Start September 2026,,Adzuna::API::Response::Job,,,,
5164312617,"{'display_name': 'Stuttgart, Baden-Württemberg', 'area': ['Deutschland', 'Baden-Württemberg', 'Stuttgart'], '__CLASS__': 'Adzuna::API::Response::Location'}","{'display_name': 'NTT America, Inc.', '__CLASS__': 'Adzuna::API::Response::Company'}",https://www.adzuna.de/details/5164312617?utm_medium=api&utm_source=a4bcf954,9.187224,eyJhbGciOiJIUzI1NiJ9.eyJpIjoiNTE2NDMxMjYxNyIsInMiOiJUS0FpOC1oRjhCR1UyNkh3ZENfN0VnIn0.EYnXT1TYxYm_5dsofH_QiZhATxUuIAQRMrUn-7J-bqc,"Werkstudent:in (m/w/d) im Bereich Innovation & Portfolio - Fokus Künstliche Intelligenz und Data Science Empowering You - to feel our passion for technology Als NTT DATA Business Solutions sind wir mehr als nur ein Unternehmen. Wir sind ein Team von leidenschaftlichen Menschen, die Innovationen vorantreiben - von der Beratung und Implementierung bis hin zu Managed Services und darüber hinaus. Mit SAP als Herzstück und einem starken Partnernetzwerk verbessern wir kontinuierlich Lösungen und Tech…",2025-04-26T18:15:32Z,0,"{'__CLASS__': 'Adzuna::API::Response::Category', 'tag': 'unknown', 'label': 'Unknown'}",Werkstudent:in im Bereich Innovation & Portfolio - Fokus Knstliche Intelligenz und Data Science,48.776198,Adzuna::API::Response::Job,,,,
5144264790,"{'__CLASS__': 'Adzuna::API::Response::Location', 'display_name': 'Pforzheim, Baden-Württemberg', 'area': ['Deutschland', 'Baden-Württemberg', 'Pforzheim']}","{'display_name': 'NTT America, Inc.', '__CLASS__': 'Adzuna::API::Response::Company'}",https://www.adzuna.de/details/5144264790?utm_medium=api&utm_source=a4bcf954,8.697363,eyJhbGciOiJIUzI1NiJ9.eyJpIjoiNTE0NDI2NDc5MCIsInMiOiJUS0FpOC1oRjhCR1UyNkh3ZENfN0VnIn0.QmvpiaPVn_KQ4jJOiZlmtOG56FCOeZ8B7rUmiHQjDLk,"Werkstudent:in (m/w/d) im Bereich Innovation & Portfolio - Fokus Künstliche Intelligenz und Data Science Empowering You - to feel our passion for technology Als NTT DATA Business Solutions sind wir mehr als nur ein Unternehmen. Wir sind ein Team von leidenschaftlichen Menschen, die Innovationen vorantreiben - von der Beratung und Implementierung bis hin zu Managed Services und darüber hinaus. Mit SAP als Herzstück und einem starken Partnernetzwerk verbessern wir kontinuierlich Lösungen und Tech…",2025-04-14T18:11:37Z,0,"{'__CLASS__': 'Adzuna::API::Response::Category', 'tag': 'unknown', 'label': 'Unknown'}",Werkstudent:in im Bereich Innovation & Portfolio - Fokus Knstliche Intelligenz und Data Science,48.883606,Adzuna::API::Response::Job,,,,
5144265084,"{'area': ['Deutschland', 'Nordrhein-Westfalen', 'Bielefeld'], 'display_name': 'Bielefeld, Nordrhein-Westfalen', '__CLASS__': 'Adzuna::API::Response::Location'}","{'__CLASS__': 'Adzuna::API::Response::Company', 'display_name': 'NTT America, Inc.'}",https://www.adzuna.de/details/5144265084?utm_medium=api&utm_source=a4bcf954,8.543293,eyJhbGciOiJIUzI1NiJ9.eyJzIjoiVEtBaTgtaEY4QkdVMjZId2RDXzdFZyIsImkiOiI1MTQ0MjY1MDg0In0.eZrJtzaiB_VvLPvAV6jj6f8Re-ajmFB2ga6HboE-MAo,"Werkstudent:in (m/w/d) im Bereich Innovation & Portfolio - Fokus Künstliche Intelligenz und Data Science Empowering You - to feel our passion for technology Als NTT DATA Business Solutions sind wir mehr als nur ein Unternehmen. Wir sind ein Team von leidenschaftlichen Menschen, die Innovationen vorantreiben - von der Beratung und Implementierung bis hin zu Managed Services und darüber hinaus. Mit SAP als Herzstück und einem starken Partnernetzwerk verbessern wir kontinuierlich Lösungen und Tech…",2025-04-14T18:11:39Z,0,"{'__CLASS__': 'Adzuna::API::Response::Category', 'tag': 'unknown', 'label': 'Unknown'}",Werkstudent:in im Bereich Innovation & Portfolio - Fokus Knstliche Intelligenz und Data Science,52.021203,Adzuna::API::Response::Job,,,,
5144264379,"{'area': ['Deutschland', 'Nordrhein-Westfalen', 'Dortmund'], 'display_name': 'Dortmund, Nordrhein-Westfalen', '__CLASS__': 'Adzuna::API::Response::Location'}","{'__CLASS__': 'Adzuna::API::Response::Company', 'display_name': 'NTT America, Inc.'}",https://www.adzuna.de/details/5144264379?utm_medium=api&utm_source=a4bcf954,7.464954,eyJhbGciOiJIUzI1NiJ9.eyJpIjoiNTE0NDI2NDM3OSIsInMiOiJUS0FpOC1oRjhCR1UyNkh3ZENfN0VnIn0.QyMPrKfJjYhlVbwHIXiuygFiMoPCvtt7wif-JGZE3nk,"Werkstudent:in (m/w/d) im Bereich Innovation & Portfolio - Fokus Künstliche Intelligenz und Data Science Empowering You - to feel our passion for technology Als NTT DATA Business Solutions sind wir mehr als nur ein Unternehmen. Wir sind ein Team von leidenschaftlichen Menschen, die Innovationen vorantreiben - von der Beratung und Implementierung bis hin zu Managed Services und darüber hinaus. Mit SAP als Herzstück und einem starken Partnernetzwerk verbessern wir kontinuierlich Lösungen und Tech…",2025-04-14T18:11:34Z,0,"{'__CLASS__': 'Adzuna::API::Response::Category', 'tag': 'unknown', 'label': 'Unknown'}",Werkstudent:in im Bereich Innovation & Portfolio - Fokus Knstliche Intelligenz und Data Science,51.504967,Adzuna::API::Response::Job,,,,
5144816794,"{'display_name': 'Pforzheim, Baden-Württemberg', 'area': ['Deutschland', 'Baden-Württemberg', 'Pforzheim'], '__CLASS__': 'Adzuna::API::Response::Location'}","{'display_name': 'NTT America, Inc.', '__CLASS__': 'Adzuna::API::Response::Company'}",https://www.adzuna.de/details/5144816794?utm_medium=api&utm_source=a4bcf954,8.697363,eyJhbGciOiJIUzI1NiJ9.eyJpIjoiNTE0NDgxNjc5NCIsInMiOiJUS0FpOC1oRjhCR1UyNkh3ZENfN0VnIn0.K5UDEfmQTKic_1b6CX7P1R86eYWNpLocWwQodGj7NRs,"Werkstudent:in (m/w/d) im Bereich Innovation & Portfolio u2013 Fokus Ku00fcnstliche Intelligenz und Data Science Empowering You u2013 to feel our passion for technology Als NTT DATA Business Solutions sind wir mehr als nur ein Unternehmen. Wir sind ein Team von leidenschaftlichen Menschen, die Innovationen vorantreiben - von der Beratung und Implementierung bis hin zu Managed Services und daru00fcber hinaus. Mit SAP als Herzstu00fcck und einem starken Partnernetzwerk verbessern wir kontinuierli…",2025-04-15T01:23:52Z,0,"{'tag': 'unknown', 'label': 'Unknown', '__CLASS__': 'Adzuna::API::Response::Category'}",Werkstudent:in im Bereich Innovation & Portfolio - Fokus Ku00fcnstliche Intelligenz und Data Science,48.883606,Adzuna::API::Response::Job,,,,
5144816973,"{'display_name': 'Bielefeld, Nordrhein-Westfalen', 'area': ['Deutschland', 'Nordrhein-Westfalen', 'Bielefeld'], '__CLASS__': 'Adzuna::API::Response::Location'}","{'display_name': 'NTT America, Inc.', '__CLASS__': 'Adzuna::API::Response::Company'}",https://www.adzuna.de/details/5144816973?utm_medium=api&utm_source=a4bcf954,8.543293,eyJhbGciOiJIUzI1NiJ9.eyJzIjoiVEtBaTgtaEY4QkdVMjZId2RDXzdFZyIsImkiOiI1MTQ0ODE2OTczIn0.tJahvVo5uX9FkXM_mnuqGLXMSXN8RhvVFtEG4bzJIWk,"Werkstudent:in (m/w/d) im Bereich Innovation & Portfolio u2013 Fokus Ku00fcnstliche Intelligenz und Data Science Empowering You u2013 to feel our passion for technology Als NTT DATA Business Solutions sind wir mehr als nur ein Unternehmen. Wir sind ein Team von leidenschaftlichen Menschen, die Innovationen vorantreiben - von der Beratung und Implementierung bis hin zu Managed Services und daru00fcber hinaus. Mit SAP als Herzstu00fcck und einem starken Partnernetzwerk verbessern wir kontinuierli…",2025-04-15T01:23:53Z,0,"{'label': 'Unknown', 'tag': 'unknown', '__CLASS__': 'Adzuna::API::Response::Category'}",Werkstudent:in im Bereich Innovation & Portfolio - Fokus Ku00fcnstliche Intelligenz und Data Science,52.021203,Adzuna::API::Response::Job,,,,
5167475967,"{'area': ['Deutschland', 'Baden-Württemberg', 'Stuttgart'], 'display_name': 'Stuttgart, Baden-Württemberg', '__CLASS__': 'Adzuna::API::Response::Location'}","{'display_name': 'NTT America, Inc.', '__CLASS__': 'Adzuna::API::Response::Company'}",https://www.adzuna.de/details/5167475967?utm_medium=api&utm_source=a4bcf954,9.187224,eyJhbGciOiJIUzI1NiJ9.eyJpIjoiNTE2NzQ3NTk2NyIsInMiOiJUS0FpOC1oRjhCR1UyNkh3ZENfN0VnIn0.ZIgaNfl9Ag4rVAYZiul68i5W_kujEaEm1atnEgNI8sA,"Werkstudent:in (m/w/d) im Bereich Innovation & Portfolio u2013 Fokus Ku00fcnstliche Intelligenz und Data Science Empowering You u2013 to feel our passion for technology Als NTT DATA Business Solutions sind wir mehr als nur ein Unternehmen. Wir sind ein Team von leidenschaftlichen Menschen, die Innovationen vorantreiben - von der Beratung und Implementierung bis hin zu Managed Services und daru00fcber hinaus. Mit SAP als Herzstu00fcck und einem starken Partnernetzwerk verbessern wir kontinuierli…",2025-04-29T01:31:28Z,0,"{'tag': 'unknown', 'label': 'Unknown', '__CLASS__': 'Adzuna::API::Response::Category'}",Werkstudent:in im Bereich Innovation & Portfolio - Fokus Ku00fcnstliche Intelligenz und Data Science,48.776198,Adzuna::API::Response::Job,,,,
5144816532,"{'display_name': 'Dortmund, Nordrhein-Westfalen', 'area': ['Deutschland', 'Nordrhein-Westfalen', 'Dortmund'], '__CLASS__': 'Adzuna::API::Response::Location'}","{'display_name': 'NTT America, Inc.', '__CLASS__': 'Adzuna::API::Response::Company'}",https://www.adzuna.de/details/5144816532?utm_medium=api&utm_source=a4bcf954,7.464954,eyJhbGciOiJIUzI1NiJ9.eyJpIjoiNTE0NDgxNjUzMiIsInMiOiJUS0FpOC1oRjhCR1UyNkh3ZENfN0VnIn0.PqbLJoX0wvdQj3vGsJjvPq_89c06HjJmBTIx90TNSUs,"Werkstudent:in (m/w/d) im Bereich Innovation & Portfolio u2013 Fokus Ku00fcnstliche Intelligenz und Data Science Empowering You u2013 to feel our passion for technology Als NTT DATA Business Solutions sind wir mehr als nur ein Unternehmen. Wir sind ein Team von leidenschaftlichen Menschen, die Innovationen vorantreiben - von der Beratung und Implementierung bis hin zu Managed Services und daru00fcber hinaus. Mit SAP als Herzstu00fcck und einem starken Partnernetzwerk verbessern wir kontinuierli…",2025-04-15T01:23:51Z,0,"{'label': 'Unknown', 'tag': 'unknown', '__CLASS__': 'Adzuna::API::Response::Category'}",Werkstudent:in im Bereich Innovation & Portfolio - Fokus Ku00fcnstliche Intelligenz und Data Science,51.504967,Adzuna::API::Response::Job,,,,
5235501436,"{'__CLASS__': 'Adzuna::API::Response::Location', 'area': ['Deutschland', 'Bayern', 'Erlangen-Höchstadt (Kreis)', 'Herzogenaurach'], 'display_name': 'Herzogenaurach, Erlangen-Höchstadt (Kreis)'}","{'__CLASS__': 'Adzuna::API::Response::Company', 'display_name': 'adidas'}",https://www.adzuna.de/details/5235501436?utm_medium=api&utm_source=a4bcf954,10.88109,eyJhbGciOiJIUzI1NiJ9.eyJpIjoiNTIzNTUwMTQzNiIsInMiOiJUS0FpOC1oRjhCR1UyNkh3ZENfN0VnIn0.LBRbTIMgGCjYh5QUkGJJOF1ZFZaoZjY4vrRiJ6EyuPs,"* DUALES STUDIUM – DATA SCIENCE KI (M/W/ D)* WAS MACHEN DUAL STUDIERENDE IN DATA SCIENCE KI ? Bei adidas definieren wir unsere digitale und technische Präsenz neu, um die Zukunft der IT mitzugestalten und erstklassige Erlebnisse an allen Berührungspunkten mit dem Konsumenten zu bieten. Die Entwicklung neuer Technologien mithilfe von KI bietet vielfältige neue Chancen und führt zu innovativen Produkten und Dienstleistungen . KI und Data Science sind und werden ein zentraler Treiber für unsere Ak…",2025-06-06T03:24:45Z,0,"{'tag': 'unknown', 'label': 'Unknown', '__CLASS__': 'Adzuna::API::Response::Category'}",DUALES STUDIUM - DATA SCIENCE KI (M/W/D) 2026,49.56892,Adzuna::API::Response::Job,,,,
5219897041,"{'__CLASS__': 'Adzuna::API::Response::Location', 'display_name': 'Berlin, Deutschland', 'area': ['Deutschland', 'Berlin']}","{'display_name': 'Zenjob GmbH', '__CLASS__': 'Adzuna::API::Response::Company'}",https://www.adzuna.de/details/5219897041?utm_medium=api&utm_source=a4bcf954,13.420806,eyJhbGciOiJIUzI1NiJ9.eyJpIjoiNTIxOTg5NzA0MSIsInMiOiJUS0FpOC1oRjhCR1UyNkh3ZENfN0VnIn0.GyHlkBooVQ6d6ZiwewBNxC45sK3FFa_H80e-v_kS9hk,"The Role Enable Zenjob to unlock the full potential of its data by developing a best-in-class Data Science and Product Analytics function. You will collaborate closely with Heads of Product, Engineering, and other key stakeholders to deliver actionable insights and data-driven solutions, while mentoring and developing a high-performing team of Data Scientists and Product-minded Data Analysts. About us is a Berlin based jobs marketplace with a goal to empower the workforce of tomorrow with innov…",2025-05-28T12:59:41Z,0,"{'__CLASS__': 'Adzuna::API::Response::Category', 'label': 'IT-Stellen', 'tag': 'it-jobs'}",Head of Data Science and Analytics (f/m/d),52.507706,Adzuna::API::Response::Job,,,,
5226485306,"{'area': ['Deutschland', 'Berlin'], 'display_name': 'Berlin, Deutschland', '__CLASS__': 'Adzuna::API::Response::Location'}","{'__CLASS__': 'Adzuna::API::Response::Company', 'display_name': 'Zenjob'}",https://www.adzuna.de/details/5226485306?utm_medium=api&utm_source=a4bcf954,13.420806,eyJhbGciOiJIUzI1NiJ9.eyJzIjoiVEtBaTgtaEY4QkdVMjZId2RDXzdFZyIsImkiOiI1MjI2NDg1MzA2In0.xiyo-UpAGkGMd1QW0OtvDO1_IZ17Xmu3bFj1QVzGBH4,"The Role Enable Zenjob to unlock the full potential of its data by developing a best-in-class Data Science and Product Analytics function. You will collaborate closely with Heads of Product, Engineering, and other key stakeholders to deliver actionable insights and data-driven solutions, while mentoring and developing a high-performing team of Data Scientists and Product-minded Data Analysts. About us Zenjob is a Berlin based jobs marketplace with a goal to empower the workforce of tomorrow wit…",2025-06-01T14:21:09Z,0,"{'label': 'Stellen aus PR, Werbung & Marketing', 'tag': 'pr-advertising-marketing-jobs', '__CLASS__': 'Adzuna::API::Response::Category'}",Head of Data Science and Analytics (f/m/d),52.507706,Adzuna::API::Response::Job,,,,
5056041373,"{'__CLASS__': 'Adzuna::API::Response::Location', 'display_name': 'Fechenheim, Frankfurt am Main', 'area': ['Deutschland', 'Hessen', 'Frankfurt am Main', 'Fechenheim']}","{'display_name': 'statworx', '__CLASS__': 'Adzuna::API::Response::Company'}",https://www.adzuna.de/details/5056041373?utm_medium=api&utm_source=a4bcf954,8.76072,eyJhbGciOiJIUzI1NiJ9.eyJzIjoiVEtBaTgtaEY4QkdVMjZId2RDXzdFZyIsImkiOiI1MDU2MDQxMzczIn0.8FaX5MlKqkgfI6K9XzzIzTmCoV8kmlQt0upGHQwJDBw,Über uns statworx ist ein führendes Beratungs- und Entwicklungsunternehmen für Daten und KI mit Sitz in Frankfurt am Main. Wir bieten strategische Beratung für mittelständische Unternehmen und globale Konzerne. Wir entwickeln innovative Daten- & KI-Lösungen für alle Unternehmensbereiche und Tätigkeitsfelder. Wir befähigen Menschen auf allen Kompetenzniveaus mit unseren Daten- & KI-Bildungsformaten. Kurz gesagt: Wir unterstützen Unternehmen bei allen Aspekten der digitalen Transformation – seit …,2025-02-19T12:19:23Z,0,"{'__CLASS__': 'Adzuna::API::Response::Category', 'tag': 'consultancy-jobs', 'label': 'Beraterstellen'}",Senior Consultant Data Science (w/m/d) Fokus NLP,50.12595,Adzuna::API::Response::Job,full_time,,,
5158788883,"{'__CLASS__': 'Adzuna::API::Response::Location', 'display_name': 'Hermeskeil, Trier-Saarburg (Kreis)', 'area': ['Deutschland', 'Rheinland-Pfalz', 'Trier-Saarburg (Kreis)', 'Hermeskeil']}","{'__CLASS__': 'Adzuna::API::Response::Company', 'display_name': 'Diehl Defence GmbH & Co. KG'}",https://www.adzuna.de/details/5158788883?utm_medium=api&utm_source=a4bcf954,6.97505,eyJhbGciOiJIUzI1NiJ9.eyJpIjoiNTE1ODc4ODg4MyIsInMiOiJUS0FpOC1oRjhCR1UyNkh3ZENfN0VnIn0.0PyHS-t3-ygoMdqe35IUj6cGAsKmS-LKVMqhuZauq_Y,"Dualer Student (m/w/d) Data Science & Künstliche Intelligenz ab September 2025 Das sind deine Aufgaben: Du absolvierst bei uns das 3-jährige Duale Studium zum Bachelor of Science in Kooperation mit der Dualen Hochschule Baden-Württemberg in Karlsruhe. Das Duale Studium vermittelt theoretische und praktische Kenntnisse zur Analyse, Verarbeitung und Interpretation großer Datenmengen sowie zur Entwicklung intelligenter Systeme. Du wechselst dabei immer im 3-Monatsryhtmus zwischen Theoriephase an d…",2025-04-23T21:39:14Z,0,"{'__CLASS__': 'Adzuna::API::Response::Category', 'tag': 'other-general-jobs', 'label': 'Sonstige/Allgemeine Stellen'}",Dualer Student (m/w/d) Data Science & Künstliche Intelligenz,49.60463,Adzuna::API::Response::Job,,,,
5237674516,"{'__CLASS__': 'Adzuna::API::Response::Location', 'display_name': 'Regensburg, Regensburg (Kreis)', 'area': ['Deutschland', 'Bayern', 'Regensburg (Kreis)', 'Regensburg']}","{'display_name': 'Vector Informatik GmbH', '__CLASS__': 'Adzuna::API::Response::Company'}",https://www.adzuna.de/details/5237674516?utm_medium=api&utm_source=a4bcf954,12.112321,eyJhbGciOiJIUzI1NiJ9.eyJzIjoiVEtBaTgtaEY4QkdVMjZId2RDXzdFZyIsImkiOiI1MjM3Njc0NTE2In0.qKTvZVyVgErL-T8tzGtRdH7i2EI10F-aVPOhd2f2eQY,"Du hast Lust beim Lösen von spannenden Fragestellungen eines Hidden Champion anhand von Daten zu unterstützen? Dann bist du bei uns genau richtig! Wir nutzen datengetriebene Ansätze, um smarte Lösungen zu entwickeln, Prozesse zu optimieren und fundierte Entscheidungen zu treffen. Dabei setzen wir auf moderne Technologien wie Kibana und Elasticsearch, um große Datenmengen zu analysieren und visuell aufzubereiten. Im Praktikum hilfst du uns dabei, wertvolle Insights aus komplexen Daten zu gewinne…",2025-06-07T03:56:11Z,0,"{'__CLASS__': 'Adzuna::API::Response::Category', 'tag': 'graduate-jobs', 'label': 'Stellen für Hochschulabsolventen'}","Praktikum | Data Science & Analytics - Business Analysis, Datenbankentwicklung/BI, Ingenieur",49.022981,Adzuna::API::Response::Job,,,,
5238697319,"{'area': ['Deutschland', 'Thüringen', 'Jena', 'Ammerbach'], 'display_name': 'Ammerbach, Jena', '__CLASS__': 'Adzuna::API::Response::Location'}","{'__CLASS__': 'Adzuna::API::Response::Company', 'display_name': 'Leibniz-Institut für Photonische Technologien e.V.'}",https://www.adzuna.de/details/5238697319?utm_medium=api&utm_source=a4bcf954,11.55708,eyJhbGciOiJIUzI1NiJ9.eyJzIjoiVEtBaTgtaEY4QkdVMjZId2RDXzdFZyIsImkiOiI1MjM4Njk3MzE5In0.P02WLEuw4Ut5fCh0X6d_ela2-7Q6Nl5kcPPPdLZ5baQ,"Doktorand:in der Forschungsabteilung Photonic Data Science (m/w/d) in Jena Im Leibniz-Institut für Photonische Technologien ( Leibniz-IPHT ) ist in der Forschungsabteilung Photonic Data Science , Arbeitsgruppe AI-Lab4IR , ab 1. Oktober 2025 eine Stelle als Doktorand:in (m/w/d) in Teilzeit (65 %) zu besetzen. Die Stelle ist zunächst für 3 Jahre befristet . Eine Verlängerung wird bei Eignung angestrebt. Das Leibniz-IPHT ist Mitglied der Leibniz-Gemeinschaft sowie eine außeruniversitäre Forschungs…",2025-06-07T14:31:47Z,0,"{'label': 'Unknown', 'tag': 'unknown', '__CLASS__': 'Adzuna::API::Response::Category'}",Doktorand:in der Forschungsabteilung Photonic Data Science (m/w/d) in Jena,50.90451,Adzuna::API::Response::Job,part_time,22800.0,,20400.0
5178646061,"{'area': ['Deutschland', 'Bayern', 'Dingolfing-Landau (Kreis)', 'Dingolfing'], 'display_name': 'Dingolfing, Dingolfing-Landau (Kreis)', '__CLASS__': 'Adzuna::API::Response::Location'}","{'display_name': 'BMW Werk Dingolfing', '__CLASS__': 'Adzuna::API::Response::Company'}",https://www.adzuna.de/details/5178646061?utm_medium=api&utm_source=a4bcf954,12.49782,eyJhbGciOiJIUzI1NiJ9.eyJzIjoiVEtBaTgtaEY4QkdVMjZId2RDXzdFZyIsImkiOiI1MTc4NjQ2MDYxIn0.U5HWKF7A1GpF-sRaNGT2_Raa1u_24o9EXr7yRu83CQU,"Mit unseren Marken BMW, MINI, Rolls-Royce und BMW Motorrad sind wir einer der weltweit führenden Premium-Hersteller von Automobilen sowie Motorrädern und darüber hinaus Anbieter von Premium-Finanz- und Mobilitätsdienstleistungen. Du liebst es, Ursachen für Probleme zu entdecken und Lösungen zu finden und möchtest an Zukunftsthemen arbeiten? Du hast eine Leidenschaft für IT und Digitalisierung? Dann ist dieses Studium genau das Richtige für dich. Denn du bist Expert:in dafür, riesige Datenmengen…",2025-05-03T15:58:01Z,0,"{'label': 'Sonstige/Allgemeine Stellen', 'tag': 'other-general-jobs', '__CLASS__': 'Adzuna::API::Response::Category'}",Dualer Student Data Science & Scientific Computing (w/m/x),48.62848,Adzuna::API::Response::Job,,,,
5234579677,"{'__CLASS__': 'Adzuna::API::Response::Location', 'display_name': 'Berlin, Deutschland', 'area': ['Deutschland', 'Berlin']}","{'display_name': 'LinkedIn Limited Listings', '__CLASS__': 'Adzuna::API::Response::Company'}",https://www.adzuna.de/details/5234579677?utm_medium=api&utm_source=a4bcf954,13.420806,eyJhbGciOiJIUzI1NiJ9.eyJzIjoiVEtBaTgtaEY4QkdVMjZId2RDXzdFZyIsImkiOiI1MjM0NTc5Njc3In0.17Eoz4nMc9hHHwnIDopQOZunor65Dr8houtSD_STN9E,"As one of Europe's fastest-growing unicorns, we revolutionize eCommerce globally. Through strategic acquisitions and mergers, scaling initiatives, and cutting-edge technology, we're one of the top players in the industry. Following our acquisition of Perch - one of the leading US aggregators - a successful Series D funding round led by Presight Captial in 2024, and additional fundings in 2024 and 2025 we’re aimed toward the next consolidation and a $1 billion top-line business! Your Role Razor …",2025-06-05T14:42:43Z,0,"{'tag': 'pr-advertising-marketing-jobs', 'label': 'Stellen aus PR, Werbung & Marketing', '__CLASS__': 'Adzuna::API::Response::Category'}","Vice President, Marketing Data Science and Analytics (all genders)",52.507706,Adzuna::API::Response::Job,,,,
5129743346,"{'__CLASS__': 'Adzuna::API::Response::Location', 'display_name': 'Ditzingen, Ludwigsburg (Kreis)', 'area': ['Deutschland', 'Baden-Württemberg', 'Ludwigsburg (Kreis)', 'Ditzingen']}","{'__CLASS__': 'Adzuna::API::Response::Company', 'display_name': 'TRUMPF Group'}",https://www.adzuna.de/details/5129743346?utm_medium=api&utm_source=a4bcf954,9.06857,eyJhbGciOiJIUzI1NiJ9.eyJzIjoiVEtBaTgtaEY4QkdVMjZId2RDXzdFZyIsImkiOiI1MTI5NzQzMzQ2In0.baZwuWcyCD6dWpLrU3_syrbfRYqw9RPeSTwZBP90v7E,"How brave are you? We are a high-tech company providing machine tools and laser technology, and are looking for people who can face new challenges with a fresh mind. As an independent family company, we offer you the freedom and trust to put your brave ideas into practice. With you on board, we would like to power ahead with the digital networking of the manufacturing industry. Our passion and creative drive ensure that we are an innovative force – across the globe at over 80 TRUMPF locations. …",2025-04-04T21:18:39Z,0,"{'label': 'Stellen aus Fertigung', 'tag': 'manufacturing-jobs', '__CLASS__': 'Adzuna::API::Response::Category'}",Abschlussarbeit im Bereich Autonomie - Data Science & Digital Twin (WS25/26),48.82434,Adzuna::API::Response::Job,full_time,,,
4867396830,"{'area': ['Deutschland', 'Hessen', 'Main-Taunus-Kreis', 'Schwalbach am Taunus'], 'display_name': 'Schwalbach am Taunus, Main-Taunus-Kreis', '__CLASS__': 'Adzuna::API::Response::Location'}","{'display_name': 'Procter & Gamble Service GmbH', '__CLASS__': 'Adzuna::API::Response::Company'}",https://www.adzuna.de/details/4867396830?utm_medium=api&utm_source=a4bcf954,8.53909,eyJhbGciOiJIUzI1NiJ9.eyJzIjoiVEtBaTgtaEY4QkdVMjZId2RDXzdFZyIsImkiOiI0ODY3Mzk2ODMwIn0.mISBok4Ov-13iCekaVEVU2YlVNglMKdBNZQrhOTLLgM,"Rund ums Studium Über Procter & Gamble Unser Ziel als Unternehmen ist es, mit starken Marken das Leben unserer Kunden jeden Tag so angenehm wie möglich zu gestalten. Dieses Vorhaben setzt voraus, dass wir unsere Produkte weiterentwickeln. Schließlich kommen Millionen Menschen täglich mit P&G Produkten in Berührung. Wenn Du auch ein Teil der großen P&G – Familie werden willst, dann bewirb Dich jetzt für ein duales Studium Wirtschaftsinformatik in der deutschen Firmenzentrale in Schwalbach am Tau…",2024-09-17T23:19:28Z,0,"{'label': 'Sonstige/Allgemeine Stellen', 'tag': 'other-general-jobs', '__CLASS__': 'Adzuna::API::Response::Category'}",Bachelor of Science - Duales Studium Wirtschaftsinformatik - Data Science und KI,50.14882,Adzuna::API::Response::Job,,,,
5240431069,"{'display_name': 'Kempten (Allgäu), Bayern', '__CLASS__': 'Adzuna::API::Response::Location', 'area': ['Deutschland', 'Bayern', 'Kempten (Allgäu)']}","{'__CLASS__': 'Adzuna::API::Response::Company', 'display_name': 'DACHSER SE'}",https://www.adzuna.de/land/ad/5240431069?se=Av-J9OhF8BGoUIhEfu5wEg&utm_medium=api&utm_source=a4bcf954&v=9A8E4BF32445DDF436F58FE06854BB14572FA519,10.307105,eyJhbGciOiJIUzI1NiJ9.eyJpIjoiNTI0MDQzMTA2OSIsInMiOiJBdi1KOU9oRjhCR29VSWhFZnU1d0VnIn0.yzsKeuKP67Ksp-jjhH1UmNCRnT9sIXH9GmfYun8MrZQ,"Job ID 3532 / Vollzeit/ Teilzeit : Vollzeit / Job Kategorie : IT / Befristet/Unbefristet : Unbefristet ""Logistics is People Business"" - dieser Leitsatz macht deutlich, dass die Mitarbeitenden für DACHSER der Schlüsselfaktor für den Unternehmenserfolg sind. Gemeinsam mit rund 34.000 Menschen verfolgen wir die Mission, die weltweit intelligenteste Kombination und Integration logistischer Netzkompetenzen zu schaffen und so die Logistikbilanz unserer Kunden zu optimieren. Gestalten Sie mit uns die …",2025-06-08T20:39:31Z,0,"{'__CLASS__': 'Adzuna::API::Response::Category', 'tag': 'unknown', 'label': 'Unknown'}",Consultant (m/w/d) Data Science & Machine Learning - Inklusiver Job   ,47.73273,Adzuna::API::Response::Job,,,,
4931309677,"{'display_name': 'Deutschland', '__CLASS__': 'Adzuna::API::Response::Location', 'area': ['Deutschland']}","{'__CLASS__': 'Adzuna::API::Response::Company', 'display_name': 'master-TMS'}",https://www.adzuna.de/details/4931309677?utm_medium=api&utm_source=a4bcf954,,eyJhbGciOiJIUzI1NiJ9.eyJpIjoiNDkzMTMwOTY3NyIsInMiOiJBdi1KOU9oRjhCR29VSWhFZnU1d0VnIn0.OK19-1VUPe4qiPJhke3-xy7JpRYQIOmSpr5-Ql0MIJ0,"In Germany - Berlin We are looking for new colleagues to join our fast-growing Simon-Kucher Engine team as a Product Manager. As leading innovators in the field of business model invention, algorithms, solutions, and methodologies, we deliver sustained topline impact to our clients by providing end-to-end solutions. If you want to make a difference, you've come to the right place Join our team of digital specialists who take a practical and open-minded approach, and experience the dynamics of a…",2024-11-08T12:49:12Z,0,"{'tag': 'unknown', '__CLASS__': 'Adzuna::API::Response::Category', 'label': 'Unknown'}",Product Manager with Data Science Background (m/f/d),,Adzuna::API::Response::Job,,,,
5198897495,"{'__CLASS__': 'Adzuna::API::Response::Location', 'display_name': 'Eschborn, Main-Taunus-Kreis', 'area': ['Deutschland', 'Hessen', 'Main-Taunus-Kreis', 'Eschborn']}","{'__CLASS__': 'Adzuna::API::Response::Company', 'display_name': 'Techem Energy Services'}",https://www.adzuna.de/details/5198897495?utm_medium=api&utm_source=a4bcf954,8.56908,eyJhbGciOiJIUzI1NiJ9.eyJpIjoiNTE5ODg5NzQ5NSIsInMiOiJBdi1KOU9oRjhCR29VSWhFZnU1d0VnIn0.C9JjTnyefSvVx30gTrjBnMf7CEd90mgeNSAx23Pzw2c,"Job Description: Super Aufgaben - Du machst mit uns den Unterschied: Du bist verantwortlich für das datenbasierte Energiemanagement der Techem Gruppe und spielst eine entscheidende Rolle bei der Integration des Energiemanagements mit unseren Dekarbonisierungszielen und -maßnahmen . Du führst Datenanalysen und Zeitreihenuntersuchungen durch, um die Energieeffizienz sowie die Emissionen der Wärme- und Kälteversorgung zu überwachen. Du bist verantwortlich für die gruppenweiten Zertifizierung gemäß…",2025-05-14T21:38:10Z,0,"{'label': 'Unknown', 'tag': 'unknown', '__CLASS__': 'Adzuna::API::Response::Category'}",Energiemanager Data Science Voll- o. Teilzeit (m/w/d),50.14334,Adzuna::API::Response::Job,full_time,,,
5235501415,"{'display_name': 'Herzogenaurach, Erlangen-Höchstadt (Kreis)', '__CLASS__': 'Adzuna::API::Response::Location', 'area': ['Deutschland', 'Bayern', 'Erlangen-Höchstadt (Kreis)', 'Herzogenaurach']}","{'display_name': 'adidas', '__CLASS__': 'Adzuna::API::Response::Company'}",https://www.adzuna.de/details/5235501415?utm_medium=api&utm_source=a4bcf954,10.88109,eyJhbGciOiJIUzI1NiJ9.eyJpIjoiNTIzNTUwMTQxNSIsInMiOiJBdi1KOU9oRjhCR29VSWhFZnU1d0VnIn0.y95XbH625t_Vm1XHlHp3UaAjqHxoFdfD8ViZ4uzeFDI,"* DUALES STUDIUM – WI RTSCHAFTSINFORMATIK – DATA SCIENCE (M/W/ D)* WAS MACHEN DUAL STUDIERENDE IN DER WIRTSCHAFTSINFORMATIK? Bei adidas definieren wir unsere digitale und technische Präsenz neu, um die Zukunft der IT mitzugestalten und erstklassige Erlebnisse an allen Berührungspunkten mit dem Konsumenten zu bieten. Die IT ist ein zentraler Treiber für unsere Aktivitäten auf der ganzen Welt und trägt zu Automatisierung, Qualität, Agilität oder Geschwindigkeit bei. Die Markenbegeisterung, das En…",2025-06-06T03:24:45Z,0,"{'tag': 'unknown', '__CLASS__': 'Adzuna::API::Response::Category', 'label': 'Unknown'}",DUALES STUDIUM - WIRTSCHAFTSINFORMATIK - DATA SCIENCE (M/W/D) 2026,49.56892,Adzuna::API::Response::Job,,,,
5206157976,"{'__CLASS__': 'Adzuna::API::Response::Location', 'display_name': 'Innere Altstadt, Dresden', 'area': ['Deutschland', 'Sachsen', 'Dresden', 'Innere Altstadt']}","{'display_name': 'Technische Universität Dresden', '__CLASS__': 'Adzuna::API::Response::Company'}",https://www.adzuna.de/details/5206157976?utm_medium=api&utm_source=a4bcf954,13.73717,eyJhbGciOiJIUzI1NiJ9.eyJpIjoiNTIwNjE1Nzk3NiIsInMiOiJBdi1KOU9oRjhCR29VSWhFZnU1d0VnIn0.HMv1uhzwLUPRZjAfLtr9q6uhuKp-MDxHZsv3FWyd5uk,"TUD Dresden University of Technology, as a University of Excellence, is one of the leading and most dynamic research institutions in Germany. Founded in 1828, today it is a globally oriented, regionally anchored top university, developing innovative solutions for the world's most pressing issues. In research and education, the university unites the natural and engineering sciences with the humanities, social sciences and medicine. This wide range of disciplines is an outstanding feature that fa…",2025-05-19T17:10:55Z,0,"{'tag': 'unknown', '__CLASS__': 'Adzuna::API::Response::Category', 'label': 'Unknown'}","PhD Student - computer science, data science (m/f/d)",51.05032,Adzuna::API::Response::Job,,,,
5154759834,"{'area': ['Deutschland', 'Berlin'], 'display_name': 'Berlin, Deutschland', '__CLASS__': 'Adzuna::API::Response::Location'}","{'display_name': 'Razor Group', '__CLASS__': 'Adzuna::API::Response::Company'}",https://www.adzuna.de/details/5154759834?utm_medium=api&utm_source=a4bcf954,13.420806,eyJhbGciOiJIUzI1NiJ9.eyJzIjoiQXYtSjlPaEY4QkdvVUloRWZ1NXdFZyIsImkiOiI1MTU0NzU5ODM0In0.K8eH81aR40hEUJRw4sbLl1m2nWdm-QJ7M3J6VsQejB8,"Razor Group is seeking a highly driven and analytical leader to join our team as the owne r and Vice President of the Decision Engine, managing the optimization and automation of pricing, advertising, demand planning, and inventory management . This is a unique opportunity to have a massive impact at a rapidly growing company by directly influencing the profitability and growth of our portfolio of brands. You will build and lead a talented team in developing and implementing the core algorithmi…",2025-04-20T21:49:01Z,0,"{'label': 'Stellen aus PR, Werbung & Marketing', 'tag': 'pr-advertising-marketing-jobs', '__CLASS__': 'Adzuna::API::Response::Category'}","Vice President, Marketing Data Science and Analytics (all genders)",52.507706,Adzuna::API::Response::Job,,,,
5214370524,"{'area': ['Deutschland'], 'display_name': 'Deutschland', '__CLASS__': 'Adzuna::API::Response::Location'}","{'display_name': 'Lidl Stiftung', '__CLASS__': 'Adzuna::API::Response::Company'}",https://www.adzuna.de/details/5214370524?utm_medium=api&utm_source=a4bcf954,,eyJhbGciOiJIUzI1NiJ9.eyJzIjoiQXYtSjlPaEY4QkdvVUloRWZ1NXdFZyIsImkiOiI1MjE0MzcwNTI0In0.lerNrwhAnBkqRwEk0PQJguxQeBgOzzs8KL4yKUnROwU,"Einleitung Eine gute Idee war der Ursprung, ein erfolgreiches Konzept ist das Ergebnis. Qualität zum guten Preis möglichst vielen Menschen anbieten zu können treibt uns an - mittlerweile weltweit, denn wir sind Lidl. Hier ist das berufliche Zuhause vielfältiger Talente. Ob im Einkauf, in der Logistik, im Warengeschäft oder in der IT; ob als Impulsgeber, Gestalter oder Dienstleister der Länder. Wir suchen Anpacker, Durchstarter, Möglichmacher und bieten spannende Aufgaben und Projekte in einem d…",2025-05-24T14:49:32Z,0,"{'label': 'Unknown', 'tag': 'unknown', '__CLASS__': 'Adzuna::API::Response::Category'}",Duales Studium Data Science und KI - Smart Operations Management in Neckarsulm,,Adzuna::API::Response::Job,full_time,,,
5234563123,"{'__CLASS__': 'Adzuna::API::Response::Location', 'display_name': 'Oberkochen, Ostalbkreis', 'area': ['Deutschland', 'Baden-Württemberg', 'Ostalbkreis', 'Oberkochen']}","{'display_name': 'ZEISS', '__CLASS__': 'Adzuna::API::Response::Company'}",https://www.adzuna.de/details/5234563123?utm_medium=api&utm_source=a4bcf954,10.10558,eyJhbGciOiJIUzI1NiJ9.eyJzIjoiQXYtSjlPaEY4QkdvVUloRWZ1NXdFZyIsImkiOiI1MjM0NTYzMTIzIn0._u8S6hgfN6uejh8akb3Y62SYdNt7b1eFvbOZv1Wn9nY,"Enabler für kleinere, leistungsfähigere und energieeffizientere Mikrochips Arbeiten, wo das Morgen entsteht. Rund 80 Prozent aller Mikrochips weltweit werden mit ZEISS Technologien gefertigt. Als Herzstück eines jeden elektronisch gesteuerten Systems sind sie aus unserem Alltag nicht mehr wegzudenken – egal ob im Smartphone, im Smart Home oder in Smart Factories. ZEISS ist Technologieführer im Bereich Halbleiterfertigungs-Equipment. Mit hochpräzisen Lithographie-Optiken, Photomasken-Systemen un…",2025-06-05T14:16:52Z,0,"{'label': 'IT-Stellen', 'tag': 'it-jobs', '__CLASS__': 'Adzuna::API::Response::Category'}",Werkstudent Software & Data Science Entwicklung Projektionsoptiken (m/w/x),48.78408,Adzuna::API::Response::Job,part_time,,,
5184820329,"{'area': ['Deutschland', 'Baden-Württemberg', 'Ulm', 'Donaustetten'], '__CLASS__': 'Adzuna::API::Response::Location', 'display_name': 'Donaustetten, Ulm'}","{'display_name': 'Wieland-Werke AG', '__CLASS__': 'Adzuna::API::Response::Company'}",https://www.adzuna.de/details/5184820329?utm_medium=api&utm_source=a4bcf954,9.93259,eyJhbGciOiJIUzI1NiJ9.eyJpIjoiNTE4NDgyMDMyOSIsInMiOiJBdi1KOU9oRjhCR29VSWhFZnU1d0VnIn0.LBN4KUBE0F56P9cvkZlEeb2tU7QiTjmoRzOkmZHcf0U,Deine Zukunft Ablauf des dualen Studiums: Das theoretische Wissen erhältst du an der Dualen Hochschule Baden-Württemberg in Heidenheim. Diese dreimonatigen Theoriephasen wechseln sich mit dreimonatigen Praxisphasen bei uns im Unternehmen ab – hier wirst du in abwechslungsreiche Aufgaben unserer globalen IT-Abteilungen eingebunden und lernst angrenzende Bereiche kennen. Dabei erhältst du einen umfassenden Einblick ins Geschehen der IT-Welt und sammelst Erfahrungen im internationalen Geschäftsleb…,2025-05-07T09:57:32Z,0,"{'tag': 'other-general-jobs', '__CLASS__': 'Adzuna::API::Response::Category', 'label': 'Sonstige/Allgemeine Stellen'}",Bachelor Data Science & KI (m/w/d) – Duales Studium,48.32854,Adzuna::API::Response::Job,,,,
5241863233,"{'__CLASS__': 'Adzuna::API::Response::Location', 'display_name': 'München, München (Kreis)', 'area': ['Deutschland', 'Bayern', 'München (Kreis)', 'München']}","{'display_name': 'Siemens Mobility GmbH', '__CLASS__': 'Adzuna::API::Response::Company'}",https://www.adzuna.de/details/5241863233?utm_medium=api&utm_source=a4bcf954,,eyJhbGciOiJIUzI1NiJ9.eyJpIjoiNTI0MTg2MzIzMyIsInMiOiJBdi1KOU9oRjhCR29VSWhFZnU1d0VnIn0.WhydSZF8PtngxbWBlCBiapFJLhHDWGkuEClNVuqRmWw,"If you really want to make a difference – make it with us Siemens Mobility is a separately managed company of Siemens AG and has been a leading supplier in the field of mobility for over 160 years. Our core business includes rail vehicles, rail automation and electrification solutions, turnkey systems and related services. We have always been very innovative in making traveling faster, safer and more comfortable. Today, we need new solutions to new challenges such as climate change and rising p…",2025-06-10T02:04:04Z,0,"{'tag': 'unknown', '__CLASS__': 'Adzuna::API::Response::Category', 'label': 'Unknown'}",Working Student (f/m/d) Data Science / Data Analytics in the strategic HR department,,Adzuna::API::Response::Job,part_time,,,
5225781010,"{'area': ['Deutschland', 'Hamburg'], 'display_name': 'Hamburg, Deutschland', '__CLASS__': 'Adzuna::API::Response::Location'}","{'display_name': 'SCHICKLER Unternehmensberatung', '__CLASS__': 'Adzuna::API::Response::Company'}",https://www.adzuna.de/land/ad/5225781010?se=Av-J9OhF8BGoUIhEfu5wEg&utm_medium=api&utm_source=a4bcf954&v=D603ABB1F600061E72E8959E9BFB7E4655A3BE0E,9.987297,eyJhbGciOiJIUzI1NiJ9.eyJpIjoiNTIyNTc4MTAxMCIsInMiOiJBdi1KOU9oRjhCR29VSWhFZnU1d0VnIn0.N2zyUtkAK5CCPNuOXO2yi6T2TiWWaP1ZSKeBAhY0VtM,"Werde Teil des Schickler-Teams. SCHICKLER steht an vorderster Front der Digitalisierung. Wir beraten Medienunternehmen auf den Weg in die Zukunft. Dabei kombinieren wir unser Know How in Strategie, Organisation und Data Science. Unsere Projekte drehen sich um diese Themen: Strategien für digitales Wachstum Moderne und effiziente Organisationen Innovative Data Science-Anwendungen Unsere Kunden sind Medienunternehmen in Deutschland, Österreich und der Schweiz. SCHICKLER zählt als führende Beratun…",2025-06-01T05:35:53Z,0,"{'__CLASS__': 'Adzuna::API::Response::Category', 'tag': 'other-general-jobs', 'label': 'Sonstige/Allgemeine Stellen'}",Data Consultant (m/w/d),53.557429,Adzuna::API::Response::Job,,,,
5221191221,"{'display_name': 'Herne, Nordrhein-Westfalen', '__CLASS__': 'Adzuna::API::Response::Location', 'area': ['Deutschland', 'Nordrhein-Westfalen', 'Herne']}","{'display_name': 'Kelvion Holding GmbH', '__CLASS__': 'Adzuna::API::Response::Company'}",https://www.adzuna.de/land/ad/5221191221?se=Av-J9OhF8BGoUIhEfu5wEg&utm_medium=api&utm_source=a4bcf954&v=1752971F6F1B9FD836E27F0A2E0FB63C22F47928,7.197737,eyJhbGciOiJIUzI1NiJ9.eyJpIjoiNTIyMTE5MTIyMSIsInMiOiJBdi1KOU9oRjhCR29VSWhFZnU1d0VnIn0.j431Y8h_OmYX-n4UBVtBRFmNliiyrfXJcsaiJX-GVRA,"Aufgaben Profil Wir bieten View job here Teamleiter (m/w/d) Pricing & Business Intelligence Vollzeit Hybrid Von-der-Heydt-Straße 2, 44623 Herne Mit Leitungsfunktion 22.05.25 Kelvion Bei Kelvion ist es unsere Mission, den industriellen Wandel voranzutreiben, indem wir Innovation und Nachhaltigkeit fördern. Von der Optimierung von Rechenzentren und der Weiterentwicklung der Wasserstoffproduktion bis hin zur Revolutionierung von Kühl- und Klimatechniksystemen – unsere entscheidenden thermischen Lö…",2025-05-29T07:53:45Z,0,"{'label': 'Unknown', 'tag': 'unknown', '__CLASS__': 'Adzuna::API::Response::Category'}",Teamleiter (m/w/d) Pricing & Business Intelligence,51.536192,Adzuna::API::Response::Job,,,,
5207701454,"{'area': ['Deutschland', 'Bayern', 'Coburg (Kreis)', 'Coburg'], '__CLASS__': 'Adzuna::API::Response::Location', 'display_name': 'Coburg, Coburg (Kreis)'}","{'display_name': 'HUK-COBURG Versicherungsgruppe', '__CLASS__': 'Adzuna::API::Response::Company'}",https://www.adzuna.de/land/ad/5207701454?se=Av-J9OhF8BGoUIhEfu5wEg&utm_medium=api&utm_source=a4bcf954&v=33DB0E6E999FAB5C593F38C8A75E1CD9EAE5F36C,10.96603,eyJhbGciOiJIUzI1NiJ9.eyJzIjoiQXYtSjlPaEY4QkdvVUloRWZ1NXdFZyIsImkiOiI1MjA3NzAxNDU0In0.YA17jfocJnkIkuotMdHTfJWpPZdW9qCmicCgj_n1fxA,"Im Data Analytics Team der HUK-COBURG transformieren wir Daten in echte Mehrwerte für über 13 Mio. Kund:innen. Als Deutschlands führende Kfz-Versicherung sind wir ein traditionsreiches und stabiles Unternehmen, welches zielgerichtet in Innovation und seine datengetriebene Zukunft investiert. Unsere agilen Data Analytics Teams setzen modernste Machine Learning und KI-Methoden ein, um Prozesse zu optimieren, faire Preise zu berechnen, Schäden digital und intelligent zu steuern und um neue, innova…",2025-05-20T19:37:29Z,0,"{'label': 'Stellen aus Wissenschaft & Qualitätssicherung', '__CLASS__': 'Adzuna::API::Response::Category', 'tag': 'scientific-qa-jobs'}",Data Scientist (m/w/d),50.25777,Adzuna::API::Response::Job,,,,
5214675000,"{'area': ['Deutschland', 'Berlin'], '__CLASS__': 'Adzuna::API::Response::Location', 'display_name': 'Berlin, Deutschland'}","{'__CLASS__': 'Adzuna::API::Response::Company', 'display_name': 'Digital Spine GmbH'}",https://www.adzuna.de/land/ad/5214675000?se=Av-J9OhF8BGoUIhEfu5wEg&utm_medium=api&utm_source=a4bcf954&v=2A80BBD3353FA196254A61D296FFE33A033C1410,13.420806,eyJhbGciOiJIUzI1NiJ9.eyJpIjoiNTIxNDY3NTAwMCIsInMiOiJBdi1KOU9oRjhCR29VSWhFZnU1d0VnIn0.zS9U4cw_vA53-UajUd6OIoTUxBCpgw6qvdY9Ak5LuEQ,"Digital Spine bietet Hardware- und Software-Plattformlösungen für Gebäude, um sie so intelligent wie möglich zu machen. Wir beginnen mit Aufzügen und liefern eine fortschrittliche, patentierte IoT-Lösung, die nicht über Sensoren misst, sondern die Maschine direkt mit der Cloud verbindet. Dies ermöglicht den Status in absoluter Echtzeit und ermöglicht präventive und vorausschauende Wartung, um Kosten zu sparen und die Betriebszeit erheblich zu erhöhen. Darüber hinaus ermöglichen wir die Interope…",2025-05-24T19:39:16Z,0,"{'tag': 'other-general-jobs', '__CLASS__': 'Adzuna::API::Response::Category', 'label': 'Sonstige/Allgemeine Stellen'}",Werkstudent Künstliche Intelligenz/ Innovation (m/w/d),52.507706,Adzuna::API::Response::Job,,,,
5239844356,"{'display_name': 'Berlin, Deutschland', '__CLASS__': 'Adzuna::API::Response::Location', 'area': ['Deutschland', 'Berlin']}","{'__CLASS__': 'Adzuna::API::Response::Company', 'display_name': 'Vattenfall'}",https://www.adzuna.de/land/ad/5239844356?se=Av-J9OhF8BGoUIhEfu5wEg&utm_medium=api&utm_source=a4bcf954&v=D2299F2CA89EAADA2E7D5796AFB5D700A50FBDF6,13.420806,eyJhbGciOiJIUzI1NiJ9.eyJpIjoiNTIzOTg0NDM1NiIsInMiOiJBdi1KOU9oRjhCR29VSWhFZnU1d0VnIn0.p8koqgulP3gkX3OLmcZNoUffUvoQ2pqa2sK95l6GZ5I,"Für die Vattenfall B2B SOLUTIONS GmbH suchen wir eine:n Studentische Hilfskraft (m/w/d) – Partnermanagement Fachbetrieben zur Umsetzung der Energiewende am Standort Berlin . Strategische Partnerschaften sind das Fundament unseres Erfolgs und eine zentrale Säule unserer Arbeit. Durch enge und vertrauensvolle Zusammenarbeit mit SHK- und Elektrobetrieben schaffen wir nachhaltige Synergien, die das Handwerk stärken, Innovationen vorantreiben und langfristiges gemeinsames Wachstum ermöglichen . Auf …",2025-06-08T09:22:18Z,0,"{'label': 'Beraterstellen', '__CLASS__': 'Adzuna::API::Response::Category', 'tag': 'consultancy-jobs'}",Studentische Hilfskraft (m/w/d) – Partnermanagement Fachbetrieben zur Umsetzung der Energiewende,52.507706,Adzuna::API::Response::Job,,,,
5214675245,"{'__CLASS__': 'Adzuna::API::Response::Location', 'display_name': 'Paderborn, Paderborn (Kreis)', 'area': ['Deutschland', 'Nordrhein-Westfalen', 'Paderborn (Kreis)', 'Paderborn']}","{'display_name': 'Lödige Industries GmbH', '__CLASS__': 'Adzuna::API::Response::Company'}",https://www.adzuna.de/land/ad/5214675245?se=Av-J9OhF8BGoUIhEfu5wEg&utm_medium=api&utm_source=a4bcf954&v=F8926EB4E6F60C600A69043A5CE7BBF6F7EECA8D,8.753842,eyJhbGciOiJIUzI1NiJ9.eyJzIjoiQXYtSjlPaEY4QkdvVUloRWZ1NXdFZyIsImkiOiI1MjE0Njc1MjQ1In0.B4xfygaNyIT-cgtEd45X7xlZvja_gq3SfcrquSOgtWE,"Lödige Industries bietet förder­technische Lösungen für ein breites Branchen­spektrum und ist auf Aufzüge, komplexe Material­fluss-Systeme für Logistik­aufgaben sowie den After Sales Service spezialisiert. Als Weltmarkt­führer für Air Cargo Handling Terminals beschäftigt die Unter­nehmens­gruppe derzeit rund 1.300 Mit­arbeiter weltweit. Wir suchen für unseren Standort in Paderborn zum nächstmöglichen Zeitpunkt einen Werkstudenten (m/w/d) Marketing Analytics – Quantitative Analysen im B2B-Market…",2025-05-24T19:39:25Z,0,"{'label': 'Stellen aus PR, Werbung & Marketing', '__CLASS__': 'Adzuna::API::Response::Category', 'tag': 'pr-advertising-marketing-jobs'}",Werkstudent (m/w/d) Marketing Analytics – Quantitative Analysen im B2B-Marketing,51.737096,Adzuna::API::Response::Job,,,,
5241539639,"{'area': ['Deutschland', 'Berlin'], 'display_name': 'Berlin, Deutschland', '__CLASS__': 'Adzuna::API::Response::Location'}","{'__CLASS__': 'Adzuna::API::Response::Company', 'display_name': 'sense electra GmbH'}",https://www.adzuna.de/land/ad/5241539639?se=Av-J9OhF8BGoUIhEfu5wEg&utm_medium=api&utm_source=a4bcf954&v=5577EE40F5A0E7D9EB3F2CDB91804DEC8B88E7BF,13.420806,eyJhbGciOiJIUzI1NiJ9.eyJzIjoiQXYtSjlPaEY4QkdvVUloRWZ1NXdFZyIsImkiOiI1MjQxNTM5NjM5In0.jLDXqfKlFPne4aifpMCaMseW1znnRYFnvt-HNRHwCNI,"Als Energiedienstleistungsunternehmen liegt unser Fokus auf dem Messstellenbetrieb und dem Wärme-Contracting. Unser Spezialgebiet ist der Einbau von Blockheizkraftwerken, die gleichzeitig Wärme und Strom produzieren. Außerdem haben wir ein umfangreiches Solaranlagen-Produktportfolio für Gewerbekunden. Wir bieten aber noch viel mehr Energiedienstleistungen an. Diese werden in Kooperation mit erfahrenen und ausgesuchten Partnerfirmen durchgeführt. Deshalb sind wir in der Lage den Energieverbrauch…",2025-06-09T20:31:56Z,0,"{'__CLASS__': 'Adzuna::API::Response::Category', 'tag': 'it-jobs', 'label': 'IT-Stellen'}",Werkstudent IT (m/w/d) Energiewirtschaft,52.507706,Adzuna::API::Response::Job,,,,
5231415473,"{'area': ['Deutschland', 'Nordrhein-Westfalen', 'Essen'], 'display_name': 'Essen, Nordrhein-Westfalen', '__CLASS__': 'Adzuna::API::Response::Location'}","{'__CLASS__': 'Adzuna::API::Response::Company', 'display_name': 'Machineseeker Group GmbH'}",https://www.adzuna.de/land/ad/5231415473?se=Av-J9OhF8BGoUIhEfu5wEg&utm_medium=api&utm_source=a4bcf954&v=9F4C70DDD269CA84103109954CDFBC062C0733AD,7.014478,eyJhbGciOiJIUzI1NiJ9.eyJzIjoiQXYtSjlPaEY4QkdvVUloRWZ1NXdFZyIsImkiOiI1MjMxNDE1NDczIn0.xPNFqxlTSkLiGTZGVaQ4kiMx-EX0qzrjhPSLZMT_Dr8,"Die Machineseeker Group betreibt mit verschiedenen Online-Marktplätzen das führende Netzwerk für gebrauchte Maschinen und Nutzfahrzeuge in Europa. Mehr als 12.000 Anbieter, über 250.000 Maschinen, über 15 Millionen monatliche Besucher! Tätigkeiten Du führst tiefgehende Analysen unseres über 25 Jahre gewachsenen Datensatzes durch und entwickelst Machine-Learning-Modelle, um unsere Produkte intelligenter zu machen und das Geschäftsverständnis zu verbessern Du konstruierst dynamische Preismodelle …",2025-06-03T23:02:59Z,0,"{'tag': 'unknown', '__CLASS__': 'Adzuna::API::Response::Category', 'label': 'Unknown'}",(Senior) Data Scientist (m/w/d),51.444823,Adzuna::API::Response::Job,,,,
5213863206,"{'display_name': 'Hamburg, Deutschland', '__CLASS__': 'Adzuna::API::Response::Location', 'area': ['Deutschland', 'Hamburg']}","{'display_name': 'Kühne Logistics University gGmbH', '__CLASS__': 'Adzuna::API::Response::Company'}",https://www.adzuna.de/land/ad/5213863206?se=Av-J9OhF8BGoUIhEfu5wEg&utm_medium=api&utm_source=a4bcf954&v=E2C7DAB360C4909A699EC45630CC31B0AFECED87,9.987297,eyJhbGciOiJIUzI1NiJ9.eyJzIjoiQXYtSjlPaEY4QkdvVUloRWZ1NXdFZyIsImkiOiI1MjEzODYzMjA2In0.O7aXVwr2hHokUG4UkJdIGFsO_iwXEJ0apSAvGf9nIIo,"Die Kühne Logistics University (KLU) – Wissenschaftliche Hochschule für Logistik und Unternehmensführung – ist eine private, staatlich anerkannte Universität, die 2010 gegründet wurde und in der Hamburger HafenCity ansässig ist. Die KLU ist auf die Bereiche Logistik und Management spezialisiert und bietet ihren Studierenden sowie Doktorandinnen und Doktoranden exzellente Studienbedingungen mit einem hohen Maß an Spezialisierung. Als Boutique-Universität bietet die KLU außerdem Weiterbildungen f…",2025-05-24T07:40:16Z,0,"{'label': 'Unknown', '__CLASS__': 'Adzuna::API::Response::Category', 'tag': 'unknown'}",Student Recruitment Manager (gn*),53.557429,Adzuna::API::Response::Job,,,,
5224417138,"{'__CLASS__': 'Adzuna::API::Response::Location', 'display_name': 'Heilbronn, Heilbronn (Kreis)', 'area': ['Deutschland', 'Baden-Württemberg', 'Heilbronn (Kreis)', 'Heilbronn']}","{'__CLASS__': 'Adzuna::API::Response::Company', 'display_name': 'Die TUM Campus Heilbronn gGmbH'}",https://www.adzuna.de/land/ad/5224417138?se=Av-J9OhF8BGoUIhEfu5wEg&utm_medium=api&utm_source=a4bcf954&v=7D46B8C7C9BFABC69D33C984CBDA5230C7C8D5AB,9.209895,eyJhbGciOiJIUzI1NiJ9.eyJzIjoiQXYtSjlPaEY4QkdvVUloRWZ1NXdFZyIsImkiOiI1MjI0NDE3MTM4In0.bsDIJ2Y4bWtKgTyuYWmkOpwzmYLL4iI1DElz2bBdbzE,"Auf Initiative der Dieter Schwarz Stiftung betreibt die Technische Universität München einen eigenen Lehr- und Forschungsstandort am Bildungscampus Heilbronn. Der Campus steht unter dem Leitgedanken „for The Digital Age“ und fokussiert sich auf die Chancen und Herausforderungen des digitalen Zeitalters, u.a. in den Bereichen Künstliche Intelligenz, Data Science und Informatik. Die Besonderheit des Campus liegt vor allem in der Verzahnung von Management und digitalen Technologien und beschäftigt…",2025-05-31T07:51:43Z,0,"{'tag': 'consultancy-jobs', '__CLASS__': 'Adzuna::API::Response::Category', 'label': 'Beraterstellen'}",Project Manager “Campus Living” (m/w/d) in Vollzeit,49.142335,Adzuna::API::Response::Job,,,,
5169958256,"{'area': ['Deutschland', 'Berlin'], 'display_name': 'Berlin, Deutschland', '__CLASS__': 'Adzuna::API::Response::Location'}","{'display_name': 'd-fine GmbH', '__CLASS__': 'Adzuna::API::Response::Company'}",https://www.adzuna.de/land/ad/5169958256?se=Av-J9OhF8BGoUIhEfu5wEg&utm_medium=api&utm_source=a4bcf954&v=DE2928C07E419A7D071E5BA68022195B5D87CD4C,13.420806,eyJhbGciOiJIUzI1NiJ9.eyJzIjoiQXYtSjlPaEY4QkdvVUloRWZ1NXdFZyIsImkiOiI1MTY5OTU4MjU2In0.MB8xFbknNH734SbnukFaWTpd1SDybjJCqlioyg8WCnc,"IT Expert (m/w/d) Vertragslaufzeit: unbefristet Arbeitszeit: Vollzeit Einsatzort: Berlin, Düsseldorf, Frankfurt am Main, teilweise remote Eintrittstermin: zum nächstmöglichen Zeitpunkt d-fine ist ein kontinuierlich wachsendes europäisches Beratungsunternehmen mit über 1.500 Expertinnen und Experten. Wir sind mit elf Standorten in sieben Ländern nah bei unseren Kunden. Im Fokus unserer Arbeit liegen quantitative Fragestellungen rund um Data Analytics, Data Science, Modellierung und den Aufbau na…",2025-04-30T07:14:30Z,0,"{'label': 'IT-Stellen', 'tag': 'it-jobs', '__CLASS__': 'Adzuna::API::Response::Category'}",IT Expert (m/w/d),52.507706,Adzuna::API::Response::Job,,,,
5205177622,"{'__CLASS__': 'Adzuna::API::Response::Location', 'display_name': 'Gießen, Gießen (Kreis)', 'area': ['Deutschland', 'Hessen', 'Gießen (Kreis)', 'Gießen']}","{'__CLASS__': 'Adzuna::API::Response::Company', 'display_name': 'Vereinigte Hagelversicherung VVaG'}",https://www.adzuna.de/land/ad/5205177622?se=Av-J9OhF8BGoUIhEfu5wEg&utm_medium=api&utm_source=a4bcf954&v=56676FEBEF7A626FB75CC57ED73C61407B8197CF,8.679778,eyJhbGciOiJIUzI1NiJ9.eyJpIjoiNTIwNTE3NzYyMiIsInMiOiJBdi1KOU9oRjhCR29VSWhFZnU1d0VnIn0.Ht0OKTYSxJlA0X1FwKvmmFU_XSZQTDHetztaWruQLDI,"Die VEREINIGTE HAGEL ist Europas führender Spezialist für Ernte­versiche­rungen. Seit über 200 Jahren stehen wir als verläss­licher Partner an der Seite der Land­wirtschaft und wachsen konti­nuier­lich weiter. Unsere maßge­schnei­derten Produkte bieten umfassen­den Schutz vor Ertrags­verlusten durch Wetter­gefahren. Mit innovativen Ideen und mo­dernster Techno­logie gestalten wir aktiv die Zukunft unserer Branche. Unser enga­giertes und kompe­tentes Team entwickelt nach­haltige Lösungen, die un…",2025-05-18T19:41:48Z,0,"{'label': 'Unknown', '__CLASS__': 'Adzuna::API::Response::Category', 'tag': 'unknown'}",Power BI-Analyst (m/w/d) in Vollzeit / Teilzeit,50.583286,Adzuna::API::Response::Job,,,,
5211970623,"{'area': ['Deutschland', 'Nordrhein-Westfalen', 'Münster'], 'display_name': 'Münster, Nordrhein-Westfalen', '__CLASS__': 'Adzuna::API::Response::Location'}","{'display_name': 'FIEGE Logistik Stiftung & Co. KG', '__CLASS__': 'Adzuna::API::Response::Company'}",https://www.adzuna.de/land/ad/5211970623?se=Av-J9OhF8BGoUIhEfu5wEg&utm_medium=api&utm_source=a4bcf954&v=C6289AA1665E6EC9E4E7A2BAF27C87D67C8F2D20,7.621504,eyJhbGciOiJIUzI1NiJ9.eyJzIjoiQXYtSjlPaEY4QkdvVUloRWZ1NXdFZyIsImkiOiI1MjExOTcwNjIzIn0.RV8nfaLVzIvwHMS4ndByP_Hb8s7F0qx5HEXOTm_WHX8,"Wir sind FIEGE. Ein Familienunternehmen, das innovative Geschäftsmodelle in den Bereichen Logistik, Digital, Real Estate und Ventures vorantreibt – und das seit über 150 Jahren. Als Innovationsführer in der Branche beschäftigen wir bei FIEGE mehr als 22.000 Mitarbeitende an rund 139 Standorten in 14 Ländern. Unsere Unternehmenskultur und der FIEGE-Erfolgsspirit machen uns einzigartig und verbinden alle unsere Kolleginnen und Kollegen. Denn wir leben familiäre Werte und ein respektvolles Miteina…",2025-05-23T07:38:33Z,0,"{'label': 'IT-Stellen', 'tag': 'it-jobs', '__CLASS__': 'Adzuna::API::Response::Category'}",Werkstudent (w/m/d) Data & Artificial Intelligence,51.955292,Adzuna::API::Response::Job,,,,
5196598404,"{'display_name': 'Hannover, Region Hannover (Kreis)', '__CLASS__': 'Adzuna::API::Response::Location', 'area': ['Deutschland', 'Niedersachsen', 'Region Hannover (Kreis)', 'Hannover']}","{'__CLASS__': 'Adzuna::API::Response::Company', 'display_name': 'HDI AG'}",https://www.adzuna.de/land/ad/5196598404?se=Av-J9OhF8BGoUIhEfu5wEg&utm_medium=api&utm_source=a4bcf954&v=EDC4A0EA4C0ED73B020D3759303E4199B83948E7,9.742751,eyJhbGciOiJIUzI1NiJ9.eyJzIjoiQXYtSjlPaEY4QkdvVUloRWZ1NXdFZyIsImkiOiI1MTk2NTk4NDA0In0.KHoDTsDNWoKZtCrwiLsgYv1IlufGvtkF0Bd3OzSWL98,"Starte durch bei HDI Deutschland! Innerhalb der HDI Group bündeln wir Aufgaben für die Gesellschaften der Privat- und Firmen­versicherung und der Industrie­versicherung. So steigern wir deren Effizienz und Kundenorientierung. Dabei bieten wir Dir die Mög­lich­keit, immer wieder neue Wege zu gehen und uns so gemein­sam weiter­zu­entwickeln. Aufgaben Entwurf und Weiter­entwicklung maß­geschneiderter Daten­strecken mit besonderem Fokus auf die Daten­qualität Datenmodellierung und Prozess­optimieru…",2025-05-13T19:32:43Z,0,"{'tag': 'unknown', '__CLASS__': 'Adzuna::API::Response::Category', 'label': 'Unknown'}",Data Engineer,52.378818,Adzuna::API::Response::Job,,,,
5224416949,"{'display_name': 'Ulm, Baden-Württemberg', '__CLASS__': 'Adzuna::API::Response::Location', 'area': ['Deutschland', 'Baden-Württemberg', 'Ulm']}","{'__CLASS__': 'Adzuna::API::Response::Company', 'display_name': 'Liebherr-Digital Development Center GmbH'}",https://www.adzuna.de/land/ad/5224416949?se=Av-J9OhF8BGoUIhEfu5wEg&utm_medium=api&utm_source=a4bcf954&v=83E07E9586A45357887317177917FEF89D4428FA,9.856945,eyJhbGciOiJIUzI1NiJ9.eyJzIjoiQXYtSjlPaEY4QkdvVUloRWZ1NXdFZyIsImkiOiI1MjI0NDE2OTQ5In0.x8wSwywA_e7Kg5Jnn79D-786ULl4xcIPHnd-Gx9oedw,"Die Liebherr-Digital Development Center GmbH entwickelt am Standort Ulm digitale Lösungen für die gesamte Firmengruppe Liebherr. Unser passioniertes Team aus den Bereichen Software Development, Engineering und Data Science arbeitet gemeinsam an verschiedensten Projekten aus der gesamten Liebherr-Produktwelt. Unsere Mission: einzigartige digitale Erlebnisse schaffen! Senior Test Engineer (Software- and Systemtest) (m/f/d) Job-ID 72415 Aufgaben Ensure state of the art testing optimised for our wi…",2025-05-31T07:51:32Z,0,"{'__CLASS__': 'Adzuna::API::Response::Category', 'tag': 'engineering-jobs', 'label': 'Technikerstellen'}",Senior Test Engineer (Software- and Systemtest) (m/f/d),48.383137,Adzuna::API::Response::Job,,,,
4841037978,"{'area': ['Deutschland', 'Nordrhein-Westfalen', 'Düsseldorf'], 'display_name': 'Düsseldorf, Nordrhein-Westfalen', '__CLASS__': 'Adzuna::API::Response::Location'}","{'__CLASS__': 'Adzuna::API::Response::Company', 'display_name': 'EY Deutschland'}",https://www.adzuna.de/land/ad/4841037978?se=Av-J9OhF8BGoUIhEfu5wEg&utm_medium=api&utm_source=a4bcf954&v=88B04E06C77880B89C59AA348093CC9B482DECD6,6.808387,eyJhbGciOiJIUzI1NiJ9.eyJpIjoiNDg0MTAzNzk3OCIsInMiOiJBdi1KOU9oRjhCR29VSWhFZnU1d0VnIn0.A4cApJZ8W_LIohqXw8SI5DtlYfWGZzxW4txQRTicStU,"Bei EY setzen wir alles daran, dass die Welt besser funktioniert. Dafür hinterfragen wir täglich den Status quo und suchen schon heute die Antworten von morgen. Stillstand? Keine Option. Wandel? Sehen wir als Chance und Treiber für Innovation. Wenn du auch so tickst, dann bist du bei uns genau richtig. Wir suchen Macher:innen, die Unternehmen, Entrepreneuren, Privatpersonen und der öffentlichen Hand helfen, über sich hinaus zu wachsen. Das erfordert Zusammenarbeit auf Augenhöhe und das Verlasse…",2024-08-27T12:43:48Z,0,"{'label': 'Unknown', 'tag': 'unknown', '__CLASS__': 'Adzuna::API::Response::Category'}",Praktikant Wirtschaftsprüfung im Bereich Wealth & Asset Management (Financial Services) (w/m/d),51.226802,Adzuna::API::Response::Job,,,,
5200670538,"{'area': ['Deutschland', 'Hessen', 'Frankfurt am Main', 'Fechenheim'], 'display_name': 'Fechenheim, Frankfurt am Main', '__CLASS__': 'Adzuna::API::Response::Location'}","{'__CLASS__': 'Adzuna::API::Response::Company', 'display_name': 'statworx'}",https://www.adzuna.de/details/5200670538?utm_medium=api&utm_source=a4bcf954,8.76072,eyJhbGciOiJIUzI1NiJ9.eyJzIjoiQXYtSjlPaEY4QkdvVUloRWZ1NXdFZyIsImkiOiI1MjAwNjcwNTM4In0.w-GHdJOlvMVA1AhWiwJwv64BisBr5MHmRQgdtmNmnEE,Über uns statworx ist ein führendes Beratungs- und Entwicklungsunternehmen für Daten und KI mit Sitz in Frankfurt am Main. Wir bieten strategische Beratung für mittelständische Unternehmen und globale Konzerne. Wir entwickeln innovative Daten- & KI-Lösungen für alle Unternehmensbereiche und Tätigkeitsfelder. Wir befähigen Menschen auf allen Kompetenzniveaus mit unseren Daten- & KI-Bildungsformaten. Kurz gesagt: Wir unterstützen Unternehmen bei allen Aspekten der digitalen Transformation – seit …,2025-05-15T21:56:10Z,0,"{'tag': 'consultancy-jobs', '__CLASS__': 'Adzuna::API::Response::Category', 'label': 'Beraterstellen'}",(Senior) Consultant Data Science Time-Series & Forecasting (w/m/d),50.12595,Adzuna::API::Response::Job,full_time,,,
5234035659,"{'__CLASS__': 'Adzuna::API::Response::Location', 'display_name': 'Gonzenheim, Bad Homburg vor der Höhe', 'area': ['Deutschland', 'Hessen', 'Hochtaunuskreis', 'Bad Homburg vor der Höhe', 'Gonzenheim']}","{'display_name': 'Fresenius SE & Co. KGaA', '__CLASS__': 'Adzuna::API::Response::Company'}",https://www.adzuna.de/details/5234035659?utm_medium=api&utm_source=a4bcf954,8.63966,eyJhbGciOiJIUzI1NiJ9.eyJpIjoiNTIzNDAzNTY1OSIsInMiOiJBdi1KOU9oRjhCR29VSWhFZnU1d0VnIn0.x1-XybBezOqDF-q_CWKiHsH122hn-MpmhdEWUn4MAwU,Duales Studium - Data Science und Künstliche Intelligenz (m/w/d) 2026 - 61352 Bad Homburg - Arbeitszeit: Vollzeit - Position: Duales Studium - Bildungsgrad Mindestvoraussetzung: Fachhochschulreife - Beschäftigungsbeginn: 27.07.2026,2025-06-05T07:14:48Z,0,"{'tag': 'graduate-jobs', '__CLASS__': 'Adzuna::API::Response::Category', 'label': 'Stellen für Hochschulabsolventen'}",Duales Studium - Data Science und Künstliche Intelligenz (m/w/d) 2026,50.21936,Adzuna::API::Response::Job,,,,
5167317756,"{'area': ['Deutschland'], '__CLASS__': 'Adzuna::API::Response::Location', 'display_name': 'Deutschland'}","{'display_name': 'Fresenius', '__CLASS__': 'Adzuna::API::Response::Company'}",https://www.adzuna.de/details/5167317756?utm_medium=api&utm_source=a4bcf954,,eyJhbGciOiJIUzI1NiJ9.eyJpIjoiNTE2NzMxNzc1NiIsInMiOiJBdi1KOU9oRjhCR29VSWhFZnU1d0VnIn0.M9pAx6roBeqBNDYr8BoAcZXBKFci7J5RX0PAWRYx5C0,"Duales Studium zum Bachelor of Science - Data Science und Künstliche Intelligenz (m/w/d) 2026 - Ausbildungsbeginn: 27.07.2026 Du bist fasziniert von der Welt der Daten und IT ? Du möchtest aktiv dazu beitragen, komplexe Datensätze zu analysieren, um wertvolle Erkenntnisse zu gewinnen und innovative Lösungen zu entwickeln? Daten sind für dich nicht nur Rohmaterial, sondern das Fundament für die digitale Transformation – eine Quelle für relevante Erkenntnisse und die Basis für zukunftsweisende En…",2025-04-28T21:54:24Z,0,"{'label': 'Unknown', 'tag': 'unknown', '__CLASS__': 'Adzuna::API::Response::Category'}",Duales Studium – Data Science und Künstliche Intelligenz (m/w/d) 2026,,Adzuna::API::Response::Job,full_time,,,
4951657230,"{'display_name': 'Böckingen, Heilbronn', '__CLASS__': 'Adzuna::API::Response::Location', 'area': ['Deutschland', 'Baden-Württemberg', 'Heilbronn (Kreis)', 'Heilbronn', 'Böckingen']}","{'display_name': 'XL2', '__CLASS__': 'Adzuna::API::Response::Company'}",https://www.adzuna.de/details/4951657230?utm_medium=api&utm_source=a4bcf954,9.22208,eyJhbGciOiJIUzI1NiJ9.eyJpIjoiNDk1MTY1NzIzMCIsInMiOiJBdi1KOU9oRjhCR29VSWhFZnU1d0VnIn0._kl3cksDgra4k5pNioGsItbUCXmyCMSLz0LMLYU5X1o,"Willkommen im Team für Veränderung! Als junge, agile IT-Beratung der Global Player Audi und Capgemini vereinen wir das Beste aus zwei Welten: Den Gestaltungsfreiraum, der Innovation ermöglicht und die Planungssicherheit, die Dir den Rücken freihält. Fokussiert, auf Augenhöhe und immer gerne im Team treiben wir die Transformation der Automobilindustrie voran. Unsere größte Motivation: Prozesse und Abläufe verbessern. Und so echten Fortschritt bewirken. Deshalb suchen wir Dich als Mitgestalter:in…",2024-11-26T12:41:38Z,0,"{'label': 'IT-Stellen', 'tag': 'it-jobs', '__CLASS__': 'Adzuna::API::Response::Category'}",Studentischer Mitarbeiter im Bereich Data Science & Machine Learning (m/w/d)*,49.1416,Adzuna::API::Response::Job,part_time,,,
5090917937,"{'area': ['Deutschland', 'Baden-Württemberg', 'Ortenaukreis', 'Offenburg'], 'display_name': 'Offenburg, Ortenaukreis', '__CLASS__': 'Adzuna::API::Response::Location'}","{'__CLASS__': 'Adzuna::API::Response::Company', 'display_name': 'AITAD GmbH'}",https://www.adzuna.de/details/5090917937?utm_medium=api&utm_source=a4bcf954,7.94837,eyJhbGciOiJIUzI1NiJ9.eyJpIjoiNTA5MDkxNzkzNyIsInMiOiJBdi1KOU9oRjhCR29VSWhFZnU1d0VnIn0.pcuof8f50WdKpaaWwtpGMGDrzh5ekjB_K8nuGO-qeKc,"AITAD ist ein stark wachsendes Unternehmen aus Deutschland, das sich auf die Entwicklung und Fertigung von Embedded-KI-Systemkomponenten für die Industrie und den Konsumentenelektronik-Markt spezialisiert hat. Das Headquarter in Offenburg umfasst inzwischen drei Etagen, aufgeteilt in Büro- und Produktionsfläche. Mit unserer einzigartigen und hochwertigen Ausstattung (unter anderem einer eigenen EMS-Strecke, einem Testlabor und eigenen Trainings-Servern), einem breiten Kompetenzgebiet sowie ambi…",2025-03-13T10:46:31Z,0,"{'label': 'Technikerstellen', '__CLASS__': 'Adzuna::API::Response::Category', 'tag': 'engineering-jobs'}","Werkstudent/Praktikant im Bereich Embedded, Labor oder Data Science (m/w/d)",48.42392,Adzuna::API::Response::Job,,,,
5060398354,"{'__CLASS__': 'Adzuna::API::Response::Location', 'display_name': 'Deutschland', 'area': ['Deutschland']}","{'display_name': 'bei Capgemini Invent', '__CLASS__': 'Adzuna::API::Response::Company'}",https://www.adzuna.de/details/5060398354?utm_medium=api&utm_source=a4bcf954,,eyJhbGciOiJIUzI1NiJ9.eyJpIjoiNTA2MDM5ODM1NCIsInMiOiJBdi1KOU9oRjhCR29VSWhFZnU1d0VnIn0.FJgpp5zzx4CLPmshJge818uFGj1C1Idtb8C2sDUtOR8,"Wir bei Capgemini Invent glauben, dass unterschiedliche Perspektiven den Wandel vorantreiben. Als innovative Transformationsberater vereinen wir unsere strategischen, kreativen und wissenschaftlichen Fähigkeiten und arbeiten eng mit unseren Kunden zusammen, um zukunftsweisende Lösungen zu entwickeln. Hilf uns dabei, den Wandel voranzutreiben, der auf die Herausforderungen unserer Kunden von heute und morgen zugeschnitten ist. Informiert und validiert durch Wissenschaft und Daten. Verstärkt durc…",2025-02-22T12:22:46Z,0,"{'label': 'IT-Stellen', '__CLASS__': 'Adzuna::API::Response::Category', 'tag': 'it-jobs'}",(Associate) Consultant Customer Data Science & AI Strategy (m/w/d),,Adzuna::API::Response::Job,,,,
4838812083,"{'area': ['Deutschland', 'Baden-Württemberg', 'Stuttgart'], 'display_name': 'Stuttgart, Baden-Württemberg', '__CLASS__': 'Adzuna::API::Response::Location'}","{'display_name': 'Hallesche Krankenversicherung a. G.', '__CLASS__': 'Adzuna::API::Response::Company'}",https://www.adzuna.de/details/4838812083?utm_medium=api&utm_source=a4bcf954,9.187224,eyJhbGciOiJIUzI1NiJ9.eyJpIjoiNDgzODgxMjA4MyIsInMiOiJBdi1KOU9oRjhCR29VSWhFZnU1d0VnIn0.g1tBLxSKkTVbJ7clnhYmruFYF6ijI_r3uRoKPeMvgRs,"Wirtschaftsinformatik – Data Science Eine Gruppe. Viele Möglichkeiten. Die ALH Gruppe zählt zu den Bedeutenden Versicherungs- und Finanzdienst­leistungsunternehmen in Deutschland. Rund 3.000 Mitarbeiterinnen und Mitarbeiter bilden das Fundament für unseren Erfolg und sorgen täglich für erstklassigen Service, individuelle Beratung und die langfristige Zufriedenheit unserer Kunden. Das erwartet Sie: Innovative Technologien vorantreiben und betriebswirtschaftliche Zusammenhänge optimieren – als Ab…",2024-08-24T23:20:02Z,0,"{'label': 'Sonstige/Allgemeine Stellen', 'tag': 'other-general-jobs', '__CLASS__': 'Adzuna::API::Response::Category'}",Duales Studium (m/w/d) Wirtschaftsinformatik – Data Science (B.Sc.),48.776198,Adzuna::API::Response::Job,,,,
5198278676,"{'area': ['Deutschland', 'Rheinland-Pfalz', 'Mainz-Bingen (Kreis)', 'Ingelheim am Rhein'], '__CLASS__': 'Adzuna::API::Response::Location', 'display_name': 'Ingelheim am Rhein, Mainz-Bingen (Kreis)'}","{'display_name': 'Boehringer Ingelheim', '__CLASS__': 'Adzuna::API::Response::Company'}",https://www.adzuna.de/details/5198278676?utm_medium=api&utm_source=a4bcf954,8.06555,eyJhbGciOiJIUzI1NiJ9.eyJpIjoiNTE5ODI3ODY3NiIsInMiOiJBdi1KOU9oRjhCR29VSWhFZnU1d0VnIn0.OLad0lWvT8RUP4uultsfHbyuj6uxhdHWN49frd8HXFI,"Die Stelle Bewirb Dich jetzt für den Start im September 2026! Du findest Informatik in Kombination mit Künstlicher Intelligenz spannend und interessierst dich für Machine Learning? Du interessierst Dich für Datenmengen - Verarbeitung und Entwicklung von Verfahren der Künstlichen Intelligenz? Dann sind diese guten Voraussetzungen für ein Duales Studium in Data Science und Künstliche Intelligenz. Bei uns hast du die Möglichkeit dein Wissen, das du an der Dualen Hochschule Mannheim erwirbst, in ve…",2025-05-14T18:28:17Z,0,"{'label': 'Unknown', 'tag': 'unknown', '__CLASS__': 'Adzuna::API::Response::Category'}",Duales Studium B. Sc. Data Science und Knstliche Intelligenz in Ingelheim 2026,49.97586,Adzuna::API::Response::Job,,,,
5212006795,"{'area': ['Deutschland', 'Baden-Württemberg', 'Heilbronn (Kreis)', 'Neckarsulm'], '__CLASS__': 'Adzuna::API::Response::Location', 'display_name': 'Neckarsulm, Heilbronn (Kreis)'}","{'__CLASS__': 'Adzuna::API::Response::Company', 'display_name': 'Schwarz IT'}",https://www.adzuna.de/details/5212006795?utm_medium=api&utm_source=a4bcf954,9.2274,eyJhbGciOiJIUzI1NiJ9.eyJzIjoiQXYtSjlPaEY4QkdvVUloRWZ1NXdFZyIsImkiOiI1MjEyMDA2Nzk1In0.iZTZzD0TtuGlXVRrGqTzMA4r3p8Tzme7sVleNMUBX94,"Als weltweit agierendes Unternehmen benötigen wir eine IT-Landschaft, die jederzeit reibungslos funktioniert, sich stets auf dem neuesten Stand der Technik befindet und sich an den Bedürfnissen unserer Kunden innerhalb der Unternehmen der Schwarz Gruppe orientiert. An der Schnittstelle zwischen Daten und IT erarbeiten wir tragfähige Lösungen, die maßgeblich und sichtbar zu unserem Erfolg beitragen. {Studienbeginn:} 01.09.2026 mit dem Begrüßungsmonat, Studienstart zum 01.10.2026 {Studiendauer:} …",2025-05-23T08:57:45Z,0,"{'label': 'Unknown', 'tag': 'unknown', '__CLASS__': 'Adzuna::API::Response::Category'}",Duales Studium Data Science und Künstliche Intelligenz 2026 (m/w/d),49.18975,Adzuna::API::Response::Job,,,,
5213398610,"{'area': ['Deutschland', 'Baden-Württemberg', 'Heilbronn (Kreis)', 'Neckarsulm'], '__CLASS__': 'Adzuna::API::Response::Location', 'display_name': 'Neckarsulm, Heilbronn (Kreis)'}","{'__CLASS__': 'Adzuna::API::Response::Company', 'display_name': 'Schwarz IT'}",https://www.adzuna.de/details/5213398610?utm_medium=api&utm_source=a4bcf954,9.2274,eyJhbGciOiJIUzI1NiJ9.eyJzIjoiQXYtSjlPaEY4QkdvVUloRWZ1NXdFZyIsImkiOiI1MjEzMzk4NjEwIn0.m1bs_k2BdEscnFz8Db5JP-_BzNNDO-9Hix9sY3MtDyo,"Als weltweit agierendes Unternehmen benötigen wir eine IT-Landschaft, die jederzeit reibungslos funktioniert, sich stets auf dem neuesten Stand der Technik befindet und sich an den Bedürfnissen unserer Kunden innerhalb der Unternehmen der Schwarz Gruppe orientiert. An der Schnittstelle zwischen Daten und IT erarbeiten wir tragfähige Lösungen, die maßgeblich und sichtbar zu unserem Erfolg beitragen. {Studienbeginn:} 01.09.2026 mit dem Begrüßungsmonat {Studiendauer:} 3 Jahre {Studiendauer:} 01.10…",2025-05-24T01:57:03Z,0,"{'label': 'Unknown', '__CLASS__': 'Adzuna::API::Response::Category', 'tag': 'unknown'}",Duales Studium Data Science und Künstliche Intelligenz 2026 (m/w/d),49.18975,Adzuna::API::Response::Job,,,,
5200786232,"{'area': ['Deutschland', 'Rheinland-Pfalz', 'Mainz-Bingen (Kreis)', 'Ingelheim am Rhein'], 'display_name': 'Ingelheim am Rhein, Mainz-Bingen (Kreis)', '__CLASS__': 'Adzuna::API::Response::Location'}","{'display_name': 'Boehringer Ingelheim', '__CLASS__': 'Adzuna::API::Response::Company'}",https://www.adzuna.de/details/5200786232?utm_medium=api&utm_source=a4bcf954,8.06555,eyJhbGciOiJIUzI1NiJ9.eyJpIjoiNTIwMDc4NjIzMiIsInMiOiJBdi1KOU9oRjhCR29VSWhFZnU1d0VnIn0.rD0TrxdJGOwGUrqS_BUlBz1QcSPD3ZYPSpn1ip8y70c,"Die Stelle Bewirb Dich jetzt fu00fcr den Start im September 2026 Du findest Informatik in Kombination mit Ku00fcnstlicher Intelligenz spannend und interessierst dich fu00fcr Machine Learning? Du interessierst Dich fu00fcr Datenmengen - Verarbeitung und Entwicklung von Verfahren der Ku00fcnstlichen Intelligenz? Dann sind diese guten Voraussetzungen fu00fcr ein Duales Studium in Data Science und Ku00fcnstliche Intelligenz. Bei uns hast du die Mu00f6glichkeit dein Wissen, das du an der Dualen Hoch…",2025-05-16T01:39:57Z,0,"{'label': 'Unknown', '__CLASS__': 'Adzuna::API::Response::Category', 'tag': 'unknown'}",Duales Studium B. Sc. Data Science und Ku00fcnstliche Intelligenz in Ingelheim 2026,49.97586,Adzuna::API::Response::Job,,,,
5238183976,"{'area': ['Deutschland', 'Baden-Württemberg', 'Heilbronn (Kreis)', 'Neckarsulm'], '__CLASS__': 'Adzuna::API::Response::Location', 'display_name': 'Neckarsulm, Heilbronn (Kreis)'}","{'__CLASS__': 'Adzuna::API::Response::Company', 'display_name': 'STACKIT'}",https://www.adzuna.de/details/5238183976?utm_medium=api&utm_source=a4bcf954,9.2274,eyJhbGciOiJIUzI1NiJ9.eyJzIjoiQXYtSjlPaEY4QkdvVUloRWZ1NXdFZyIsImkiOiI1MjM4MTgzOTc2In0.TXuOVDv68jLdHs9N3SPUSQMVqupItPozwDDNQ4ssFHE,"Als weltweit agierendes Unternehmen benötigen wir eine IT-Landschaft, die jederzeit reibungslos funktioniert, sich stets auf dem neuesten Stand der Technik befindet und sich an den Bedürfnissen unserer Kunden innerhalb der Unternehmen der Schwarz Gruppe orientiert. An der Schnittstelle zwischen Daten und IT erarbeiten wir tragfähige Lösungen, die maßgeblich und sichtbar zu unserem Erfolg beitragen. Studienbeginn: 01.09.2026 mit dem Begrüßungsmonat, Studienstart: zum 01.10.2026 Studiendauer: 3 J…",2025-06-07T09:34:29Z,0,"{'tag': 'unknown', '__CLASS__': 'Adzuna::API::Response::Category', 'label': 'Unknown'}",Duales Studium Data Science und Künstliche Intelligenz 2026 (m/w/d),49.18975,Adzuna::API::Response::Job,,,,
5177241809,"{'area': ['Deutschland', 'Berlin'], 'display_name': 'Berlin, Deutschland', '__CLASS__': 'Adzuna::API::Response::Location'}","{'__CLASS__': 'Adzuna::API::Response::Company', 'display_name': 'Universal Music'}",https://www.adzuna.de/details/5177241809?utm_medium=api&utm_source=a4bcf954,13.420806,eyJhbGciOiJIUzI1NiJ9.eyJzIjoiQXYtSjlPaEY4QkdvVUloRWZ1NXdFZyIsImkiOiI1MTc3MjQxODA5In0.Z0kuLtv7q1X1zHaAWRowb3LMq4ZSR8IEZfhiXSLvzyw,"Universal Music ist Marktführer im Musikgeschäft. Zu unseren Labels gehören die bekanntesten Marken der Musikwelt. Als Zuhause zahlreicher lokaler und internationaler Künstler:innen steht Universal Music für über 100 Jahre Musikgeschichte aus allen Genres. Unsere Erfolge verdanken wir unserer Liebe zur Musik, einzigartigen Artists und unserem großartigen Team. Analytik, Big Data und Cloud-Technologien sind für unser Geschäft essenziell. In der Welt digitaler Vertriebskanäle und Social Media kön…",2025-05-02T21:44:47Z,0,"{'label': 'Stellen aus PR, Werbung & Marketing', 'tag': 'pr-advertising-marketing-jobs', '__CLASS__': 'Adzuna::API::Response::Category'}",Werkstudent:in Data Science (all genders) - Marketing Labs - Universal Music GmbH,52.507706,Adzuna::API::Response::Job,part_time,,,
5171372941,"{'area': ['Deutschland'], '__CLASS__': 'Adzuna::API::Response::Location', 'display_name': 'Deutschland'}","{'display_name': 'Alcedis', '__CLASS__': 'Adzuna::API::Response::Company'}",https://www.adzuna.de/details/5171372941?utm_medium=api&utm_source=a4bcf954,,eyJhbGciOiJIUzI1NiJ9.eyJzIjoiQXYtSjlPaEY4QkdvVUloRWZ1NXdFZyIsImkiOiI1MTcxMzcyOTQxIn0.yVO_zuVCCj28W7-adIHGJcm6naxUKV8pJLkJ7qxmSbo,"Bist du bereit, digitale Innovationen in der Welt der klinischen Studien voranzutreiben? Bei Alcedis Labs gestalten wir mit modernsten Technologien und kreativen Lösungen die Zukunft der Gesundheitsforschung. Als Kernmitglied unseres dynamischen Teams arbeitest du an zukunftsweisenden Projekten, entwickelst KI-gestützte Softwarelösungen und prägst die digitale Transformation unseres Unternehmens maßgeblich mit. Wenn du eine Leidenschaft für Python-basierte Anwendungen, Full Stack Development , …",2025-04-30T21:53:14Z,0,"{'__CLASS__': 'Adzuna::API::Response::Category', 'tag': 'it-jobs', 'label': 'IT-Stellen'}",Software Developer mit Schwerpunkt KI / Automatisierung / Data Science (m/w/d),,Adzuna::API::Response::Job,full_time,,,
4582396488,"{'area': ['Deutschland', 'Nordrhein-Westfalen', 'Dortmund', 'Dorstfeld'], '__CLASS__': 'Adzuna::API::Response::Location', 'display_name': 'Dorstfeld, Dortmund'}","{'__CLASS__': 'Adzuna::API::Response::Company', 'display_name': 'Ianus Simulation GmbH'}",https://www.adzuna.de/details/4582396488?utm_medium=api&utm_source=a4bcf954,7.40736,eyJhbGciOiJIUzI1NiJ9.eyJpIjoiNDU4MjM5NjQ4OCIsInMiOiJBdi1KOU9oRjhCR29VSWhFZnU1d0VnIn0.B50JTmIwCdmkTilkKG0JdaRLaW6_HM3LSfQ88pYyDX4,"Deine Aufgaben Als Senior Developer / Data Scientist spielst Du eine Schlüsselrolle in unserem Bestreben, die Industrie durch datengesteuerte Erkenntnisse und KI-getriebene Lösungen zu transformieren. Deine Expertise im Bereich der Datenwissenschaft und Deine Fähigkeit, komplexe physikbasierte Surrogatmodelle zu entwickeln und zu optimieren, sind essenziell für die Weiterentwicklung unserer Cloud-Plattform. Du arbeitest eng mit einem interdisziplinären Team aus Ingenieuren, IT-Spezialisten und …",2024-02-26T13:19:20Z,0,"{'label': 'Unknown', '__CLASS__': 'Adzuna::API::Response::Category', 'tag': 'unknown'}",Senior Developer / DataScientist für KI-Optimierungen und Data Science mit Schwerpunkt physikbasierte Modellierung,51.49835,Adzuna::API::Response::Job,part_time,,,
4771651424,"{'area': ['Deutschland', 'Bayern', 'München (Kreis)', 'Großhesselohe'], 'display_name': 'Großhesselohe, München (Kreis)', '__CLASS__': 'Adzuna::API::Response::Location'}","{'__CLASS__': 'Adzuna::API::Response::Company', 'display_name': 'Linde GmbH'}",https://www.adzuna.de/details/4771651424?utm_medium=api&utm_source=a4bcf954,11.53266,eyJhbGciOiJIUzI1NiJ9.eyJzIjoiQXYtSjlPaEY4QkdvVUloRWZ1NXdFZyIsImkiOiI0NzcxNjUxNDI0In0.awYfi2U5rvKQeupeb2ZzqeJk2Y_hVKtc3yZOxtXVPYs,"Linde GmbH, Linde Engineering Duales Studium Data Science und Künstliche Intelligenz (m/w/d) 2025 Pullach bei München, Deutschland | req17875 Hier kannst Du was bewegen AlsBachelor of Science des Studiengangs Data Science und Künstliche Intelligenz gestaltestDu aktiv die digitale Transformation in einem international tätigen Unternehmenmit. In enger Zusammenarbeit mit den Fachbereichen analysierst Du Daten undgewinnst neues Wissen daraus. ImStudium an der Dualen Hochschule Baden-Württemberg (DH…",2024-07-09T15:11:51Z,0,"{'tag': 'unknown', '__CLASS__': 'Adzuna::API::Response::Category', 'label': 'Unknown'}",Duales Studium Data Science und Künstliche Intelligenz (m/w/d) 2025,48.06767,Adzuna::API::Response::Job,,,,
5202235026,"{'area': ['Deutschland', 'Rheinland-Pfalz', 'Mainz-Bingen (Kreis)', 'Ingelheim am Rhein'], '__CLASS__': 'Adzuna::API::Response::Location', 'display_name': 'Ingelheim am Rhein, Mainz-Bingen (Kreis)'}","{'display_name': 'Boehringer Ingelheim', '__CLASS__': 'Adzuna::API::Response::Company'}",https://www.adzuna.de/details/5202235026?utm_medium=api&utm_source=a4bcf954,8.06555,eyJhbGciOiJIUzI1NiJ9.eyJpIjoiNTIwMjIzNTAyNiIsInMiOiJBdi1KOU9oRjhCR29VSWhFZnU1d0VnIn0.tToXIx4i5gt3Wl0sxhSimESDPoFPTfniLYu2QyKEaZk,"Die Stelle Bewirb Dich jetzt für den Start im September 2026! Du findest Informatik in Kombination mit Künstlicher Intelligenz spannend und interessierst dich für Machine Learning? Du interessierst Dich für Datenmengen - Verarbeitung und Entwicklung von Verfahren der Künstlichen Intelligenz? Dann sind diese guten Voraussetzungen für ein Duales Studium in Data Science und Künstliche Intelligenz. Bei uns hast du die Möglichkeit dein Wissen, das du an der Dualen Hochschule Mannheim erwirbst, in ve…",2025-05-16T20:01:31Z,0,"{'tag': 'unknown', '__CLASS__': 'Adzuna::API::Response::Category', 'label': 'Unknown'}",Duales Studium B. Sc. Data Science und Künstliche Intelligenz in Ingelheim 2026,49.97586,Adzuna::API::Response::Job,,,,
5184662649,"{'area': ['Deutschland', 'Baden-Württemberg', 'Ortenaukreis', 'Offenburg', 'Zunsweier'], 'display_name': 'Zunsweier, Offenburg', '__CLASS__': 'Adzuna::API::Response::Location'}","{'display_name': 'EDEKA Südwest Stiftung & Co. KG', '__CLASS__': 'Adzuna::API::Response::Company'}",https://www.adzuna.de/details/5184662649?utm_medium=api&utm_source=a4bcf954,7.94837,eyJhbGciOiJIUzI1NiJ9.eyJpIjoiNTE4NDY2MjY0OSIsInMiOiJBdi1KOU9oRjhCR29VSWhFZnU1d0VnIn0.FJOyjvX8Q973fWS_MksmXaArnM_3UJBL8n0BSGclMSI,"Willkommen bei EDEKA Südwest! Deinem Ausbildungsunternehmen direkt um die Ecke. Mit rund 46.000 Mitarbeitenden sowie rund 3.000 Auszubildenden in über 40 Ausbildungsberufen und dualen Studiengängen im Einzelhandel, Großhandel und in der Produktion sind wir einer der größten Arbeitgeber der Region. Rund 1.100 Märkte, sechs Logistikzentren und sechs Produktionsbetriebe in fünf Bundesländern gehören zu EDEKA Südwest. Duales Studium: Data Science und Künstliche Intelligenz (m/w/d) - 2025 Referenznu…",2025-05-07T08:01:48Z,0,"{'__CLASS__': 'Adzuna::API::Response::Category', 'tag': 'unknown', 'label': 'Unknown'}",Duales Studium: Data Science und Künstliche Intelligenz (m/w/d) - 2025,48.42392,Adzuna::API::Response::Job,full_time,,,
4683144809,"{'display_name': 'Waldkirch, Emmendingen (Kreis)', '__CLASS__': 'Adzuna::API::Response::Location', 'area': ['Deutschland', 'Baden-Württemberg', 'Emmendingen (Kreis)', 'Waldkirch']}","{'__CLASS__': 'Adzuna::API::Response::Company', 'display_name': 'SICK AG'}",https://www.adzuna.de/details/4683144809?utm_medium=api&utm_source=a4bcf954,7.96281,eyJhbGciOiJIUzI1NiJ9.eyJzIjoiQXYtSjlPaEY4QkdvVUloRWZ1NXdFZyIsImkiOiI0NjgzMTQ0ODA5In0.I1EasvtoLfULiapg2o1uj8qwZLVeRnztzEviSbcMd7M,"3-jähriges Duales Studium der Fachrichtung Data Science und Künstliche Intelligenz mit Start am 01.09.2025 an unserem Standort Waldkirch in Kooperation mit der Duale Hochschule Lörrach. DAS ERWARTET DICH: Vielfältige Einblicke und Mitarbeit in unterschiedlichen Abteilungen, wie u.A. aus den Bereichen IT, Product Management und Entwicklung Tätigkeitsfeld in Schnittstellenfunktion im Unternehmen mit Blick auf den Umgang, die Transformation und die Auswertung von Daten, um die digitale Transformat…",2024-05-08T00:02:09Z,0,"{'label': 'Technikerstellen', '__CLASS__': 'Adzuna::API::Response::Category', 'tag': 'engineering-jobs'}",Duales Studium 2025: Data Science und Künstliche Intelligenz (m/w/d),48.09257,Adzuna::API::Response::Job,,,,
4861995758,"{'area': ['Deutschland', 'Nordrhein-Westfalen', 'Bielefeld'], 'display_name': 'Bielefeld, Nordrhein-Westfalen', '__CLASS__': 'Adzuna::API::Response::Location'}","{'__CLASS__': 'Adzuna::API::Response::Company', 'display_name': 'NTT DATA Business Solutions Global Managed Services GmbH von ITrheinland.de'}",https://www.adzuna.de/details/4861995758?utm_medium=api&utm_source=a4bcf954,8.543293,eyJhbGciOiJIUzI1NiJ9.eyJzIjoiQXYtSjlPaEY4QkdvVUloRWZ1NXdFZyIsImkiOiI0ODYxOTk1NzU4In0.AkYSw1PyjJM1TG_eAwTxlh8IELJ54D3hmYUpqBjVJr8,"Empowering You – to feel our passion for technology Als NTT DATA Business Solutions sind wir mehr als nur ein Unternehmen. Wir sind ein Team von leidenschaftlichen Menschen, die Innovationen vorantreiben - von der Beratung und Implementierung bis hin zu Managed Services und darüber hinaus. Mit SAP als Herzstück und einem starken Partnernetzwerk verbessern wir kontinuierlich Lösungen und Technologien, damit sie für Unternehmen – und ihre Mitarbeitenden – funktionieren. Unser Erfolg beruht auf ZU…",2024-09-13T01:35:43Z,0,"{'label': 'IT-Stellen', 'tag': 'it-jobs', '__CLASS__': 'Adzuna::API::Response::Category'}",Werkstudent:in im Bereich Innovation & Portfolio - Fokus Künstliche Intelligenz und Data Science in Bielefeld,52.021203,Adzuna::API::Response::Job,part_time,,,
4861995744,"{'area': ['Deutschland', 'Nordrhein-Westfalen', 'Dortmund'], 'display_name': 'Dortmund, Nordrhein-Westfalen', '__CLASS__': 'Adzuna::API::Response::Location'}","{'__CLASS__': 'Adzuna::API::Response::Company', 'display_name': 'NTT DATA Business Solutions Global Managed Services GmbH von ITrheinland.de'}",https://www.adzuna.de/details/4861995744?utm_medium=api&utm_source=a4bcf954,7.464954,eyJhbGciOiJIUzI1NiJ9.eyJzIjoiQXYtSjlPaEY4QkdvVUloRWZ1NXdFZyIsImkiOiI0ODYxOTk1NzQ0In0.XxIgU2fzVrDlQFtJ9pv47-POWRtnVWmTQn64TH4htBw,"Empowering You – to feel our passion for technology Als NTT DATA Business Solutions sind wir mehr als nur ein Unternehmen. Wir sind ein Team von leidenschaftlichen Menschen, die Innovationen vorantreiben - von der Beratung und Implementierung bis hin zu Managed Services und darüber hinaus. Mit SAP als Herzstück und einem starken Partnernetzwerk verbessern wir kontinuierlich Lösungen und Technologien, damit sie für Unternehmen – und ihre Mitarbeitenden – funktionieren. Unser Erfolg beruht auf ZU…",2024-09-13T01:35:43Z,0,"{'label': 'IT-Stellen', 'tag': 'it-jobs', '__CLASS__': 'Adzuna::API::Response::Category'}",Werkstudent:in im Bereich Innovation & Portfolio - Fokus Künstliche Intelligenz und Data Science in Dortmund,51.504967,Adzuna::API::Response::Job,part_time,,,
5125579144,"{'area': ['Deutschland', 'Baden-Württemberg', 'Bodenseekreis', 'Tettnang'], '__CLASS__': 'Adzuna::API::Response::Location', 'display_name': 'Tettnang, Bodenseekreis'}","{'display_name': 'ifm', '__CLASS__': 'Adzuna::API::Response::Company'}",https://www.adzuna.de/details/5125579144?utm_medium=api&utm_source=a4bcf954,9.58848,eyJhbGciOiJIUzI1NiJ9.eyJpIjoiNTEyNTU3OTE0NCIsInMiOiJBdi1KOU9oRjhCR29VSWhFZnU1d0VnIn0.pCRzA9vviqGaGDGNeRcgZhqjWZJgaV--SsU5Bcc35BI,"Wir suchen den Nachwuchs von heute für die Zukunft von morgen. Egal ob erfinden, weiterdenken oder nachhaltiger machen – unsere Arbeitsgebiete sind so vielfältig wie die Menschen an sich. Von der Verfahrensmechanik, über das Automotive Engineering bis hin zum Tourismus. Bei ifm finden alle ihre Leidenschaft und Ausbildung. Gestalte mit uns die Industrie 4.0 – und bewege weltweit und nachhaltig etwas. Denn Ausbildung bei ifm heißt: Do what you love. Für das Jahr 2026 suchen wir dich an unserem S…",2025-04-03T02:47:45Z,0,"{'__CLASS__': 'Adzuna::API::Response::Category', 'tag': 'unknown', 'label': 'Unknown'}",Duales Studium Data Science und Künstliche Intelligenz (m/w/d) (2026),47.67055,Adzuna::API::Response::Job,,,,
5236928723,"{'__CLASS__': 'Adzuna::API::Response::Location', 'display_name': 'Deutschland', 'area': ['Deutschland']}","{'__CLASS__': 'Adzuna::API::Response::Company', 'display_name': 'EWOR GmbH'}",https://www.adzuna.de/details/5236928723?utm_medium=api&utm_source=a4bcf954,,eyJhbGciOiJIUzI1NiJ9.eyJpIjoiNTIzNjkyODcyMyIsInMiOiJBdi1KOU9oRjhCR29VSWhFZnU1d0VnIn0.8kLkhyvoHCYSJSCK__B88xD2dM58D_cGOgrarZteH8U,"We are looking to hire ambitious entrepreneurs to start and scale their own startups. We are serial entrepreneurs, for example Paul Müller (founder Adjust, €1.2B exit) and Petter Made (founder SumUp, €8B) who are eager to support outlier personalities and serial entrepreneurs to build €1B companies. We offer: A salary while you build your startup as you will directly be employed by us. Alternatively, you can opt for up to €500k in funding. Community : Access to the top 0.1% of founders, peers a…",2025-06-06T22:20:26Z,0,"{'__CLASS__': 'Adzuna::API::Response::Category', 'tag': 'other-general-jobs', 'label': 'Sonstige/Allgemeine Stellen'}",Data Science Co-Founder / COO (100 % remote) (m/f/d),,Adzuna::API::Response::Job,,,,
5189949524,"{'area': ['Deutschland', 'Baden-Württemberg', 'Ortenaukreis', 'Offenburg', 'Zunsweier'], '__CLASS__': 'Adzuna::API::Response::Location', 'display_name': 'Zunsweier, Offenburg'}","{'__CLASS__': 'Adzuna::API::Response::Company', 'display_name': 'EDEKA Südwest Stiftung & Co.KG'}",https://www.adzuna.de/details/5189949524?utm_medium=api&utm_source=a4bcf954,7.94837,eyJhbGciOiJIUzI1NiJ9.eyJzIjoiQXYtSjlPaEY4QkdvVUloRWZ1NXdFZyIsImkiOiI1MTg5OTQ5NTI0In0.gOxTTs5WjlB6GhUFrRdKYru9s9NlZXAvQ7xF0JZCIUM,Was macht man da aus sich? Im Fokus steht der reibungslose Fluss von Informationen innerhalb des Unternehmens. Schon während des Studiums betreust du selbstständig Anwendungen und wirst in Softwareprojekte mit einbezogen. Du analysierst und planst Systeme Du entwickelst oder betreust Anwendungen Du unterstützt dein Team bei der Planung und Überwachung von Softwareentwicklungsprojekten Du nimmst an Fachkreisen zum Thema KI teil und bringst dein Know-How mit ein Du berätst und schulst Benutzer zu…,2025-05-09T10:01:56Z,0,"{'tag': 'other-general-jobs', '__CLASS__': 'Adzuna::API::Response::Category', 'label': 'Sonstige/Allgemeine Stellen'}",Duales Studium: Data Science und Künstliche Intelligenz (m/w/d) - 2025,48.42392,Adzuna::API::Response::Job,,,,
